code,name,description,unit_code,unit_name,unit_sigla,is_active
00010100,"IMPORTACIONES CARACTER RESERVADO FF.AA,CARABINEROS E INVESTIGACIONES","IMPORTACIONES CARACTER RESERVADO FF.AA,CARABINEROS E INVESTIGACIONES",6,KILOGRAMO NETO,KN,true
00019900,"OTROS PERTRECHOS ESTADO CONSIGNADOS FF.AA,CARABINEROS E INVESTIGACIONES","OTROS PERTRECHOS ESTADO CONSIGNADOS FF.AA,CARABINEROS E INVESTIGACIONES",6,KILOGRAMO NETO,KN,true
00020000,ARREOS MILITARES Y ARTICULOS FABRICACION UNIFORMES IMPORTADOS POR FF.AA.,ARREOS MILITARES Y ARTICULOS FABRICACION UNIFORMES IMPORTADOS POR FF.AA.,6,KILOGRAMO NETO,KN,true
00030000,"REPUESTOS, ACCESORIOS Y/O ELEMENTOS PARA AVIONES,MAESTRANZAS,AEROPUERTOS","REPUESTOS, ACCESORIOS Y/O ELEMENTOS PARA AVIONES,MAESTRANZAS,AEROPUERTOS",6,KILOGRAMO NETO,KN,true
00040100,"EFECTOS,MENAJE,EMBARCACION,VEHICULO EE.DEPENDIENTES MINISTERIO RR.EE.","EFECTOS,MENAJE,EMBARCACION,VEHICULO EE.DEPENDIENTES MINISTERIO RR.EE.",6,KILOGRAMO NETO,KN,true
00040200,"EFECTOS,MENAJE,EMBARCACION,VEHICULO EE.DEPENDIENTES MINISTERIO DE DEFENSA","EFECTOS,MENAJE,EMBARCACION,VEHICULO EE.DEPENDIENTES MINISTERIO DE DEFENSA",6,KILOGRAMO NETO,KN,true
00040300,"EFECTOS,MENAJE,EMBARCACION,VEHICULO EE.DEPENDIENTES ORGANISMOS INTERNAC.","EFECTOS,MENAJE,EMBARCACION,VEHICULO EE.DEPENDIENTES ORGANISMOS INTERNAC.",6,KILOGRAMO NETO,KN,true
00040400,"EFECTOS,MENAJE,EMBARCACION,VEHICULO EE. DE EMPRESAS DEL ESTADO","EFECTOS,MENAJE,EMBARCACION,VEHICULO EE. DE EMPRESAS DEL ESTADO",6,KILOGRAMO NETO,KN,true
00040500,MENAJE ADQUIRIDO PERSONAL MINISTERIO DEFENSA COMISION SERVICIO EXTRANJERO,MENAJE ADQUIRIDO PERSONAL MINISTERIO DEFENSA COMISION SERVICIO EXTRANJERO,3,1000 KILOWATT HORA,MKWH,true
00050000,EFECTOS PARA JEFES MISION Y FUNCIONARIOS ACREDITADOS ANTE GOBIERNO CHILE,EFECTOS PARA JEFES MISION Y FUNCIONARIOS ACREDITADOS ANTE GOBIERNO CHILE,,,,true
00060000,HASTA 3 UNIFORMES COMPLETOS ANUALES PERSONAL FF.AA O POLICIALES EXTRANJERA,HASTA 3 UNIFORMES COMPLETOS ANUALES PERSONAL FF.AA O POLICIALES EXTRANJERA,6,KILOGRAMO NETO,KN,true
00070000,EFECTOS PARA FINES SERVICIOS DE REPRESENTANTES PAISES EXTRANJEROS,EFECTOS PARA FINES SERVICIOS DE REPRESENTANTES PAISES EXTRANJEROS,6,KILOGRAMO NETO,KN,true
00080101,PAPELES E IMPRESOS SIN VALOR COMERCIAL,PAPELES E IMPRESOS SIN VALOR COMERCIAL,6,KILOGRAMO NETO,KN,true
00080199,LOS DEMAS PAPELES E IMPRESOS CONSIGNADOS AL GOB. SERV. PUBLI O ENTIDADES PUBLI,LOS DEMAS PAPELES E IMPRESOS CONSIGNADOS AL GOB. SERV. PUBLI O ENTIDADES PUBLI,6,KILOGRAMO NETO,KN,true
00080200,"IMPRESOS,CATALOGOS,PROSPECTOS Y FOLLETOS PARA OBSEQUIO EN FERIAS INTERNAC.","IMPRESOS,CATALOGOS,PROSPECTOS Y FOLLETOS PARA OBSEQUIO EN FERIAS INTERNAC.",6,KILOGRAMO NETO,KN,true
00090100,EQUIPAJE DE VIAJERO,EQUIPAJE DE VIAJERO,6,KILOGRAMO NETO,KN,true
00090200,MERCANCIAS DE VIAJEROS PROVENIENTES ZF.O EXTENSION HASTA US$ 1000 FOB,MERCANCIAS DE VIAJEROS PROVENIENTES ZF.O EXTENSION HASTA US$ 1000 FOB,6,KILOGRAMO NETO,KN,true
00090300,MERC. QUE PORTEN LOS VIAJEROS CON RESIDENCIA EN LOC. FRONTERIZAS HASTA US$150,MERC. QUE PORTEN LOS VIAJEROS CON RESIDENCIA EN LOC. FRONTERIZAS HASTA US$150,6,KILOGRAMO NETO,KN,true
00090400,MENAJE Y/O UTILES DE TRABAJO DE CHILENOS.,MENAJE Y/O UTILES DE TRABAJO DE CHILENOS.,6,KILOGRAMO NETO,KN,true
00090401,MENAJE DE CHILENOS CON PERMANENCIA DE 6 MESES A 1 A\O EN EL EXTRANJ. HASTA 500,MENAJE DE CHILENOS CON PERMANENCIA DE 6 MESES A 1 A\O EN EL EXTRANJ. HASTA 500,6,KILOGRAMO NETO,KN,true
00090402,MENAJE Y/O UTILES DE CHILEN.CON MAS DE 1 A 5 A\OS EN EL EXTRANJ. HASTA 3000 F.,MENAJE Y/O UTILES DE CHILEN.CON MAS DE 1 A 5 A\OS EN EL EXTRANJ. HASTA 3000 F.,6,KILOGRAMO NETO,KN,true
00090403,MENAJE Y/O UTILES DE CHILEN.CON MAS DE A\OS EN EL EXTRANJ. HASTA 5000 FOB.,MENAJE Y/O UTILES DE CHILEN.CON MAS DE A\OS EN EL EXTRANJ. HASTA 5000 FOB.,6,KILOGRAMO NETO,KN,true
00090501,MENAJE HASTA US$ 5000 FOB DE EXTRANJ C/VISA RESIDENCIA TEMPORAL O CONTRAT. TRA,MENAJE HASTA US$ 5000 FOB DE EXTRANJ C/VISA RESIDENCIA TEMPORAL O CONTRAT. TRA,6,KILOGRAMO NETO,KN,true
00090502,UTILES DE TRABAJO HASTA POR UN VALOR DE US$ 1500 FOB.,UTILES DE TRABAJO HASTA POR UN VALOR DE US$ 1500 FOB.,6,KILOGRAMO NETO,KN,true
00098900,OTRAS MERCANCIAS HASTA POR UN VALOR US$ 1.500 F.O.B.,OTRAS MERCANCIAS HASTA POR UN VALOR US$ 1.500 F.O.B.,6,KILOGRAMO NETO,KN,true
00100101,EFECTOS PASAJEROS GRAVADOS SEGUN ART.3 DTO. HDA. 2772 DE 1943,EFECTOS PASAJEROS GRAVADOS SEGUN ART.3 DTO. HDA. 2772 DE 1943,6,KILOGRAMO NETO,KN,true
00100199,LOS DEMAS EFECTOS PASAJEROS ADULTOS MAS 60 DIAS EXTRANJERO HASTA $1000 ORO,LOS DEMAS EFECTOS PASAJEROS ADULTOS MAS 60 DIAS EXTRANJERO HASTA $1000 ORO,6,KILOGRAMO NETO,KN,true
00100201,"EFECTOS PERSONAL NAVES GUERRA GRAVADOS ART.3 DTO.HDA.2772, DE 1943","EFECTOS PERSONAL NAVES GUERRA GRAVADOS ART.3 DTO.HDA.2772, DE 1943",6,KILOGRAMO NETO,KN,true
00100299,LOS DEMAS EFECTOS PERSONAL NAVES GUERRA MISION SERVICIO EN EXTRTANJERO,LOS DEMAS EFECTOS PERSONAL NAVES GUERRA MISION SERVICIO EN EXTRTANJERO,6,KILOGRAMO NETO,KN,true
00110000,"EQUIPAJES DE ARRIEROS INCLUIDO CHARQUI,CUEROS,LANA,QUESO Y SEMEJANTES","EQUIPAJES DE ARRIEROS INCLUIDO CHARQUI,CUEROS,LANA,QUESO Y SEMEJANTES",6,KILOGRAMO NETO,KN,true
00120100,"DONACIONES Y SOCORROS ENVIADAS A GOBIERNO,MUNICIPIO,BENEFICIENCIA,EDUCAC.","DONACIONES Y SOCORROS ENVIADAS A GOBIERNO,MUNICIPIO,BENEFICIENCIA,EDUCAC.",6,KILOGRAMO NETO,KN,true
00120101,"VEHICULO MOTORIZADO DONADO A GOBIERNO,MUNICIPIO,BENEFICENCIA O EDUCACION","VEHICULO MOTORIZADO DONADO A GOBIERNO,MUNICIPIO,BENEFICENCIA O EDUCACION",10,UNIDAD,U,true
00120199,"LAS DEMAS DONACIONES Y SOCORROS ENVIADOS A GOBIERNO,MUNICIPIO,BENEF.EDUC.","LAS DEMAS DONACIONES Y SOCORROS ENVIADOS A GOBIERNO,MUNICIPIO,BENEF.EDUC.",6,KILOGRAMO NETO,KN,true
00120200,"DONACIONES,SOCORROS PROCEDENTES DE INSTITUCIONES PUB.EXTRANJERAS A PART.","DONACIONES,SOCORROS PROCEDENTES DE INSTITUCIONES PUB.EXTRANJERAS A PART.",6,KILOGRAMO NETO,KN,true
00120300,"TROFEOS,COPAS Y OTROS GANADOS EN EXTRANJERO POR DEPORTISTAS CHILENOS","TROFEOS,COPAS Y OTROS GANADOS EN EXTRANJERO POR DEPORTISTAS CHILENOS",6,KILOGRAMO NETO,KN,true
00120400,"LIBROS,REVISTAS Y OTROS IMPRESOS DEL CULTO PARA COMINIDADES,MONASTERIOS IG","LIBROS,REVISTAS Y OTROS IMPRESOS DEL CULTO PARA COMINIDADES,MONASTERIOS IG",6,KILOGRAMO NETO,KN,true
00120500,PREMIOS Y DONACIONES A CHILENOS GANADORES COMPETENCIAS Y CONCUROS INTERNAC,PREMIOS Y DONACIONES A CHILENOS GANADORES COMPETENCIAS Y CONCUROS INTERNAC,6,KILOGRAMO NETO,KN,true
00130100,HERRAMIENTAS CUALQUIER CLASE PARA ENSE\ANZA IMPORTEN ESTABLECIMIENTOS INST,HERRAMIENTAS CUALQUIER CLASE PARA ENSE\ANZA IMPORTEN ESTABLECIMIENTOS INST,6,KILOGRAMO NETO,KN,true
00130200,UTILES DE LABORATORIO IMPORTADOS POR ESTABLECIMIENTOS DE INSTRUCCION,UTILES DE LABORATORIO IMPORTADOS POR ESTABLECIMIENTOS DE INSTRUCCION,6,KILOGRAMO NETO,KN,true
00139900,OTROS MATERIALES Y ARTEFACTOS PARA ENSE\ANZA IMPORTEN ESTABLECIMIENTOS INT,OTROS MATERIALES Y ARTEFACTOS PARA ENSE\ANZA IMPORTEN ESTABLECIMIENTOS INT,6,KILOGRAMO NETO,KN,true
00140000,"EFECTOS OFICIOS DEL CULTO INTERNEN COMUNIDADES,MONASTERIOS O IGLESIAS","EFECTOS OFICIOS DEL CULTO INTERNEN COMUNIDADES,MONASTERIOS O IGLESIAS",6,KILOGRAMO NETO,KN,true
00150000,FRAGMENTOS Y UTILES DE BUQUES NAUFRAGOS,FRAGMENTOS Y UTILES DE BUQUES NAUFRAGOS,6,KILOGRAMO NETO,KN,true
00160000,"RANCHO NAVES,AERONAVES,VEHICULOS TRANSPORTE INTERNAC.,PASAJEROS Y TRIPUL.","RANCHO NAVES,AERONAVES,VEHICULOS TRANSPORTE INTERNAC.,PASAJEROS Y TRIPUL.",6,KILOGRAMO NETO,KN,true
00170000,PRODUCTOS DE LA PESCA HECHA EN BUQUES NACIONALES,PRODUCTOS DE LA PESCA HECHA EN BUQUES NACIONALES,6,KILOGRAMO NETO,KN,true
00190100,MUESTRAS SIN CARACTER COMERCIAL DESTINADAS A FERIAS INTERNACIONALES OFICIALES,MUESTRAS SIN CARACTER COMERCIAL DESTINADAS A FERIAS INTERNACIONALES OFICIALES,6,KILOGRAMO NETO,KN,true
00198900,"OTRAS MUESTRAS DE MERCANCIAS, SIN CARACTER COMERCIAL","OTRAS MUESTRAS DE MERCANCIAS, SIN CARACTER COMERCIAL",6,KILOGRAMO NETO,KN,true
00200000,"URNAS Y ATAUDES QUE CONTENGAN RESTOS HUMANOS,CORONAS Y ADORNOS FUNEBRES","URNAS Y ATAUDES QUE CONTENGAN RESTOS HUMANOS,CORONAS Y ADORNOS FUNEBRES",6,KILOGRAMO NETO,KN,true
00210100,EQUIPAJE DE OFICIALES Y TRIPULANTES NAVES MARINA MERCANTE NACIONAL,EQUIPAJE DE OFICIALES Y TRIPULANTES NAVES MARINA MERCANTE NACIONAL,6,KILOGRAMO NETO,KN,true
00210200,ARTICULOS DE MENAJE DE OFICIALES Y TRIPULANTES NAVES MARINA MERCANTE NAC.,ARTICULOS DE MENAJE DE OFICIALES Y TRIPULANTES NAVES MARINA MERCANTE NAC.,6,KILOGRAMO NETO,KN,true
00210300,ROPA NUEVA DE OFICIALES Y TRIPULANTES NAVES MARINA MERCANTE NACIONAL,ROPA NUEVA DE OFICIALES Y TRIPULANTES NAVES MARINA MERCANTE NACIONAL,6,KILOGRAMO NETO,KN,true
00210400,COMESTIBLES DE OFICIALES Y TRIPULANTES NAVES MARINA MERCANTE NACIONAL,COMESTIBLES DE OFICIALES Y TRIPULANTES NAVES MARINA MERCANTE NACIONAL,6,KILOGRAMO NETO,KN,true
00230000,OBSEQUIOS SIN CARACTER COMERCIAL HASTA US $ 50 F.O.B.,OBSEQUIOS SIN CARACTER COMERCIAL HASTA US $ 50 F.O.B.,6,KILOGRAMO NETO,KN,true
00240101,MAQUINAS DE COSER DOMESTICAS ARMADAS O ELABORADAS ZONA TRAT.ADUANERO ESP.,MAQUINAS DE COSER DOMESTICAS ARMADAS O ELABORADAS ZONA TRAT.ADUANERO ESP.,6,KILOGRAMO NETO,KN,true
00240199,DEMAS MERCANCIAS IMPORTACION GENERAL PERMITIDA ARMADAS O ELAB.ZONA ESPEC.,DEMAS MERCANCIAS IMPORTACION GENERAL PERMITIDA ARMADAS O ELAB.ZONA ESPEC.,6,KILOGRAMO NETO,KN,true
00248900,OTRAS MERCANCIAS ARMADAS O ELABORADAS ZONAS TRATAMIENTO ADUANERO ESPECIAL,OTRAS MERCANCIAS ARMADAS O ELABORADAS ZONAS TRATAMIENTO ADUANERO ESPECIAL,6,KILOGRAMO NETO,KN,true
00250000,SERVICIOS CONSIDERADOS EXPORTACION,SERVICIOS CONSIDERADOS EXPORTACION,6,KILOGRAMO NETO,KN,true
00260000,MEDICAMENTOS PDA.3004 SIN CARACTER COMERCIAL HASTA US$100 FOB.CON RECETA,MEDICAMENTOS PDA.3004 SIN CARACTER COMERCIAL HASTA US$100 FOB.CON RECETA,6,KILOGRAMO NETO,KN,true
00290000,"EQUIPOS DIALIZADORES Y OXIGENADORES SANGRE,ARTICULOS Y APARAT.PDA.9019","EQUIPOS DIALIZADORES Y OXIGENADORES SANGRE,ARTICULOS Y APARAT.PDA.9019",6,KILOGRAMO NETO,KN,true
00300100,MERCANCIAS PARA LAS AGENCIAS VOLUNTARIAS DE SOCORRO Y REHABILITACION,MERCANCIAS PARA LAS AGENCIAS VOLUNTARIAS DE SOCORRO Y REHABILITACION,6,KILOGRAMO NETO,KN,true
00309900,MERCANCIAS ORGANISMOS INTERNACIONALES O A VIRTUD TRATADO GOBIERNO O UNIVERS.,MERCANCIAS ORGANISMOS INTERNACIONALES O A VIRTUD TRATADO GOBIERNO O UNIVERS.,6,KILOGRAMO NETO,KN,true
00310000,"PARTES,PIEZAS,CONJUNTOS ARMADURIA VEHICULOS LEY 18483,DE 1985","PARTES,PIEZAS,CONJUNTOS ARMADURIA VEHICULOS LEY 18483,DE 1985",6,KILOGRAMO NETO,KN,true
00320000,"CONJUNTOS,PARTES O PIEZAS IMPORTEN INDUSTRIAS ART. 7 LEY 18483, DE 1985","CONJUNTOS,PARTES O PIEZAS IMPORTEN INDUSTRIAS ART. 7 LEY 18483, DE 1985",6,KILOGRAMO NETO,KN,true
00330100,"VEHICULO ITEM PDAS.8702,8703,8704 CHILENO REGRESE DE EXTRANJERO MAS 1 A\O","VEHICULO ITEM PDAS.8702,8703,8704 CHILENO REGRESE DE EXTRANJERO MAS 1 A\O",10,UNIDAD,U,true
00330200,VEHICULO ITEM 87042130-2230-2311-2319-3130-3230 Y 9030 CHILENO REGRESE EXTERIO,VEHICULO ITEM 87042130-2230-2311-2319-3130-3230 Y 9030 CHILENO REGRESE EXTERIO,10,UNIDAD,U,true
00330300,VEHICULO ITEM 87041000-2140-2240-2320-3140-3240 Y 9040 CHILENO REGRESE EXT,VEHICULO ITEM 87041000-2140-2240-2320-3140-3240 Y 9040 CHILENO REGRESE EXT,10,UNIDAD,U,true
00330400,VEHICULO ITEM PDAS.8703 Y 8704 CHILENO REGRESE EXTRANJERO MAS UN A\O,VEHICULO ITEM PDAS.8703 Y 8704 CHILENO REGRESE EXTRANJERO MAS UN A\O,10,UNIDAD,U,true
00340000,MERCANCIAS DESTINADAS AL USO O CONSUMO DE LAS BASES ANTARTICAS EN TERRIT.CHILE,MERCANCIAS DESTINADAS AL USO O CONSUMO DE LAS BASES ANTARTICAS EN TERRIT.CHILE,6,KILOGRAMO NETO,KN,true
00350000,OBJETOS DE ARTE ORIG. EJECUTADOS POR ARTISTAS CHILENOS IMPORTADOS POR ELLOS,OBJETOS DE ARTE ORIG. EJECUTADOS POR ARTISTAS CHILENOS IMPORTADOS POR ELLOS,6,KILOGRAMO NETO,KN,true
00350100,CUADROS Y PINTURAS,CUADROS Y PINTURAS,10,UNIDAD,U,true
00350200,DIBUJOS,DIBUJOS,10,UNIDAD,U,true
00350300,ESCULTURAS,ESCULTURAS,10,UNIDAD,U,true
01011000,Reproductores de raza pura,Reproductores de raza pura,10,UNIDAD,U,true
01019011,De carrera,De carrera,10,UNIDAD,U,true
01019019,Los demás,Los demás,10,UNIDAD,U,true
01019090,Los demás,Los demás,10,UNIDAD,U,true
01021000,Reproductores de raza pura,Reproductores de raza pura,10,UNIDAD,U,true
01029000,Los demás,Los demás,10,UNIDAD,U,true
01031000,Reproductores de raza pura,Reproductores de raza pura,10,UNIDAD,U,true
01039100,De peso inferior a 50 kg,De peso inferior a 50 kg,10,UNIDAD,U,true
01039200,De peso superior o igual a 50 kg,De peso superior o igual a 50 kg,10,UNIDAD,U,true
01041010,Reproductores de raza pura,Reproductores de raza pura,10,UNIDAD,U,true
01041090,Los demás,Los demás,10,UNIDAD,U,true
01042000,De la especie caprina,De la especie caprina,10,UNIDAD,U,true
01051110,Reproductores,Reproductores,10,UNIDAD,U,true
01051190,Los demás,Los demás,10,UNIDAD,U,true
01051200,Pavos (gallipavos),Pavos (gallipavos),10,UNIDAD,U,true
01051900,Los demás,Los demás,10,UNIDAD,U,true
01059400,Gallos y gallinas,Gallos y gallinas,10,UNIDAD,U,true
01059900,Los demás,Los demás,10,UNIDAD,U,true
01061100,Primates,Primates,10,UNIDAD,U,true
01061200,"Ballenas, delfines y marsopas (mamíferos del orden Cetáceos); manatíes y dugones o dugongos (mamífer","Ballenas, delfines y marsopas (mamíferos del orden Cetáceos); manatíes y dugones o dugongos (mamíferos del orden Sirenios)",10,UNIDAD,U,true
01061910,Camélidos,Camélidos,10,UNIDAD,U,true
01061990,Los demás,Los demás,10,UNIDAD,U,true
01062000,Reptiles (incluidas las serpientes y tortugas de mar),Reptiles (incluidas las serpientes y tortugas de mar),10,UNIDAD,U,true
01063100,Aves de rapiña,Aves de rapiña,10,UNIDAD,U,true
01063200,"Psitaciformes (incluidos los loros, guacamayos, cacatúas y demás papagayos)","Psitaciformes (incluidos los loros, guacamayos, cacatúas y demás papagayos)",10,UNIDAD,U,true
01063900,Las demás,Las demás,10,UNIDAD,U,true
01069000,Los demás,Los demás,10,UNIDAD,U,true
02011000,En canales o medias canales,En canales o medias canales,6,KILOGRAMO NETO,KN,true
02012000,Los demás cortes (trozos) sin deshuesar,Los demás cortes (trozos) sin deshuesar,6,KILOGRAMO NETO,KN,true
02013000,Deshuesada,Deshuesada,6,KILOGRAMO NETO,KN,true
02021000,En canales o medias canales,En canales o medias canales,6,KILOGRAMO NETO,KN,true
02022000,Los demás cortes (trozos) sin deshuesar,Los demás cortes (trozos) sin deshuesar,6,KILOGRAMO NETO,KN,true
02023000,Deshuesada,Deshuesada,6,KILOGRAMO NETO,KN,true
02031100,En canales o medias canales,En canales o medias canales,6,KILOGRAMO NETO,KN,true
02031200,"Piernas, paletas, y sus trozos, sin deshuesar","Piernas, paletas, y sus trozos, sin deshuesar",6,KILOGRAMO NETO,KN,true
02031900,Las demás,Las demás,6,KILOGRAMO NETO,KN,true
02032100,En canales o medias canales,En canales o medias canales,6,KILOGRAMO NETO,KN,true
02032200,"Piernas, paletas, y sus trozos, sin deshuesar","Piernas, paletas, y sus trozos, sin deshuesar",6,KILOGRAMO NETO,KN,true
02032910,Tocino con capa de carne adherida,Tocino con capa de carne adherida,6,KILOGRAMO NETO,KN,true
02032920,Tocino entreverado de panza (panceta),Tocino entreverado de panza (panceta),6,KILOGRAMO NETO,KN,true
02032930,Deshuesada,Deshuesada,6,KILOGRAMO NETO,KN,true
02032990,Las demás,Las demás,6,KILOGRAMO NETO,KN,true
02041000,"Canales o medias canales de cordero, frescas o refrigeradas","Canales o medias canales de cordero, frescas o refrigeradas",6,KILOGRAMO NETO,KN,true
02042100,En canales o medias canales,En canales o medias canales,6,KILOGRAMO NETO,KN,true
02042200,Los demás cortes (trozos) sin deshuesar,Los demás cortes (trozos) sin deshuesar,6,KILOGRAMO NETO,KN,true
02042300,Deshuesadas,Deshuesadas,6,KILOGRAMO NETO,KN,true
02043000,"Canales o medias canales de cordero, congeladas","Canales o medias canales de cordero, congeladas",6,KILOGRAMO NETO,KN,true
02044100,En canales o medias canales,En canales o medias canales,6,KILOGRAMO NETO,KN,true
02044210,Paleta,Paleta,6,KILOGRAMO NETO,KN,true
02044220,Pierna,Pierna,6,KILOGRAMO NETO,KN,true
02044230,Silla,Silla,6,KILOGRAMO NETO,KN,true
02044290,Los demás,Los demás,6,KILOGRAMO NETO,KN,true
02044300,Deshuesadas,Deshuesadas,6,KILOGRAMO NETO,KN,true
02045000,Carne de animales de la especie caprina,Carne de animales de la especie caprina,6,KILOGRAMO NETO,KN,true
02050000,"Carne de animales de las especies caballar, asnal o mular, fresca, refrigerada o congelada","Carne de animales de las especies caballar, asnal o mular, fresca, refrigerada o congelada",6,KILOGRAMO NETO,KN,true
02061000,"De la especie bovina, frescos o refrigerados","De la especie bovina, frescos o refrigerados",6,KILOGRAMO NETO,KN,true
02062100,Lenguas,Lenguas,6,KILOGRAMO NETO,KN,true
02062200,Hígados,Hígados,6,KILOGRAMO NETO,KN,true
02062900,Los demás,Los demás,6,KILOGRAMO NETO,KN,true
02063000,"De la especie porcina, frescos o refrigerados","De la especie porcina, frescos o refrigerados",6,KILOGRAMO NETO,KN,true
02064100,Hígados,Hígados,6,KILOGRAMO NETO,KN,true
02064910,Manos y patas,Manos y patas,6,KILOGRAMO NETO,KN,true
02064920,Orejas,Orejas,6,KILOGRAMO NETO,KN,true
02064990,Los demás,Los demás,6,KILOGRAMO NETO,KN,true
02068000,"Los demás, frescos o refrigerados","Los demás, frescos o refrigerados",6,KILOGRAMO NETO,KN,true
02069000,"Los demás, congelados","Los demás, congelados",6,KILOGRAMO NETO,KN,true
02071100,"Sin trocear, frescos o refrigerados","Sin trocear, frescos o refrigerados",6,KILOGRAMO NETO,KN,true
02071210,Con un peso inferior a 2 kilos neto,Con un peso inferior a 2 kilos neto,6,KILOGRAMO NETO,KN,true
02071290,Los demás,Los demás,6,KILOGRAMO NETO,KN,true
02071300,"Trozos y despojos, frescos o refrigerados","Trozos y despojos, frescos o refrigerados",6,KILOGRAMO NETO,KN,true
02071411,Pechugas,Pechugas,6,KILOGRAMO NETO,KN,true
02071419,Los demás,Los demás,6,KILOGRAMO NETO,KN,true
02071421,Mitades o cuartos,Mitades o cuartos,6,KILOGRAMO NETO,KN,true
02071422,Pechugas y sus trozos,Pechugas y sus trozos,6,KILOGRAMO NETO,KN,true
02071423,Muslos y sus trozos,Muslos y sus trozos,6,KILOGRAMO NETO,KN,true
02071424,Alas,Alas,6,KILOGRAMO NETO,KN,true
02071429,Los demás,Los demás,6,KILOGRAMO NETO,KN,true
02071430,Despojos,Despojos,6,KILOGRAMO NETO,KN,true
02072400,"Sin trocear, frescos o refrigerados","Sin trocear, frescos o refrigerados",6,KILOGRAMO NETO,KN,true
02072500,"Sin trocear, congelados","Sin trocear, congelados",6,KILOGRAMO NETO,KN,true
02072600,"Trozos y despojos, frescos o refrigerados","Trozos y despojos, frescos o refrigerados",6,KILOGRAMO NETO,KN,true
02072710,Pechugas,Pechugas,6,KILOGRAMO NETO,KN,true
02072790,Los demás,Los demás,6,KILOGRAMO NETO,KN,true
02073200,"Sin trocear, frescos o refrigerados","Sin trocear, frescos o refrigerados",6,KILOGRAMO NETO,KN,true
02073300,"Sin trocear, congelados","Sin trocear, congelados",6,KILOGRAMO NETO,KN,true
02073400,"Hígados grasos, frescos o refrigerados","Hígados grasos, frescos o refrigerados",6,KILOGRAMO NETO,KN,true
02073500,"Los demás, frescos o refrigerados","Los demás, frescos o refrigerados",6,KILOGRAMO NETO,KN,true
02073600,"Los demás, congelados","Los demás, congelados",6,KILOGRAMO NETO,KN,true
02081000,De conejo o liebre,De conejo o liebre,6,KILOGRAMO NETO,KN,true
02083000,De primates,De primates,6,KILOGRAMO NETO,KN,true
02084000,"De ballenas, delfines y marsopas (mamíferos del orden Cetáceos); de manatíes y dugones o dugongos (m","De ballenas, delfines y marsopas (mamíferos del orden Cetáceos); de manatíes y dugones o dugongos (mamíferos del orden Sirenios)",6,KILOGRAMO NETO,KN,true
02085000,De reptiles (incluidas las serpientes y tortugas de mar),De reptiles (incluidas las serpientes y tortugas de mar),6,KILOGRAMO NETO,KN,true
02089000,Los demás,Los demás,6,KILOGRAMO NETO,KN,true
02090010,Frescos o refrigerados,Frescos o refrigerados,6,KILOGRAMO NETO,KN,true
02090020,Congelados,Congelados,6,KILOGRAMO NETO,KN,true
02090090,Los demás,Los demás,6,KILOGRAMO NETO,KN,true
02101100,"Jamones, paletas, y sus trozos, sin deshuesar","Jamones, paletas, y sus trozos, sin deshuesar",6,KILOGRAMO NETO,KN,true
02101200,Tocino entreverado de panza (panceta) y sus trozos,Tocino entreverado de panza (panceta) y sus trozos,6,KILOGRAMO NETO,KN,true
02101900,Las demás,Las demás,6,KILOGRAMO NETO,KN,true
02102000,Carne de la especie bovina,Carne de la especie bovina,6,KILOGRAMO NETO,KN,true
02109100,De primates,De primates,6,KILOGRAMO NETO,KN,true
02109200,"De ballenas, delfines y marsopas (mamíferos del orden Cetáceos); de manatíes y dugones o dugongos (m","De ballenas, delfines y marsopas (mamíferos del orden Cetáceos); de manatíes y dugones o dugongos (mamíferos del orden Sirenios)",6,KILOGRAMO NETO,KN,true
02109300,De reptiles (incluidas las serpientes y tortugas de mar),De reptiles (incluidas las serpientes y tortugas de mar),6,KILOGRAMO NETO,KN,true
02109900,Los demás,Los demás,6,KILOGRAMO NETO,KN,true
03011000,Peces ornamentales,Peces ornamentales,6,KILOGRAMO NETO,KN,true
03019100,"Truchas (Salmo trutta, Oncorhynchus mykiss, Oncorhynchus clarki, Oncorhynchus aguabonita, Oncorhynch","Truchas (Salmo trutta, Oncorhynchus mykiss, Oncorhynchus clarki, Oncorhynchus aguabonita, Oncorhynchus gilae, Oncorhynchus apache y Oncorhynchus chrysogaster):",6,KILOGRAMO NETO,KN,true
03019200,Anguilas (Anguilla spp.):,Anguilas (Anguilla spp.):,6,KILOGRAMO NETO,KN,true
03019300,Carpas:,Carpas:,6,KILOGRAMO NETO,KN,true
03019400,Atunes comunes o de aleta azul (Thunnus thynnus),Atunes comunes o de aleta azul (Thunnus thynnus),6,KILOGRAMO NETO,KN,true
03019500,Atunes del sur (Thunnus maccoyii),Atunes del sur (Thunnus maccoyii),6,KILOGRAMO NETO,KN,true
03019900,Los demás,Los demás,6,KILOGRAMO NETO,KN,true
03021110,Enteras,Enteras,6,KILOGRAMO NETO,KN,true
03021120,Descabezadas y evisceradas («HG»),Descabezadas y evisceradas («HG»),6,KILOGRAMO NETO,KN,true
03021130,"Medallones (rodajas, «steak»)*","Medallones (rodajas, «steak»)*",6,KILOGRAMO NETO,KN,true
03021190,Las demás,Las demás,6,KILOGRAMO NETO,KN,true
03021211,Enteros,Enteros,6,KILOGRAMO NETO,KN,true
03021212,Descabezados y eviscerados («HG»),Descabezados y eviscerados («HG»),6,KILOGRAMO NETO,KN,true
03021213,"Medallones (rodajas, «steak»)*","Medallones (rodajas, «steak»)*",6,KILOGRAMO NETO,KN,true
03021219,Los demás,Los demás,6,KILOGRAMO NETO,KN,true
03021221,Enteros,Enteros,6,KILOGRAMO NETO,KN,true
03021222,Descabezados y eviscerados («HG»),Descabezados y eviscerados («HG»),6,KILOGRAMO NETO,KN,true
03021223,"Medallones (rodajas, «steak»)*","Medallones (rodajas, «steak»)*",6,KILOGRAMO NETO,KN,true
03021229,Los demás,Los demás,6,KILOGRAMO NETO,KN,true
03021900,Los demás,Los demás,6,KILOGRAMO NETO,KN,true
03022100,"Halibut (fletán) (Reinhardtius hippoglossoides,Hippoglossus hippoglossus, Hippoglossus stenolepis)","Halibut (fletán) (Reinhardtius hippoglossoides,Hippoglossus hippoglossus, Hippoglossus stenolepis)",6,KILOGRAMO NETO,KN,true
03022200,Sollas (Pleuronectes platessa),Sollas (Pleuronectes platessa),6,KILOGRAMO NETO,KN,true
03022300,Lenguados (Solea spp.),Lenguados (Solea spp.),6,KILOGRAMO NETO,KN,true
03022911,Entero,Entero,6,KILOGRAMO NETO,KN,true
03022912,Descabezado y eviscerado («HG»),Descabezado y eviscerado («HG»),6,KILOGRAMO NETO,KN,true
03022919,Los demás,Los demás,6,KILOGRAMO NETO,KN,true
03022921,Entero,Entero,6,KILOGRAMO NETO,KN,true
03022922,Descabezado y eviscerado («HG»),Descabezado y eviscerado («HG»),6,KILOGRAMO NETO,KN,true
03022929,Los demás,Los demás,6,KILOGRAMO NETO,KN,true
03022990,Los demás,Los demás,6,KILOGRAMO NETO,KN,true
03023110,Enteros,Enteros,6,KILOGRAMO NETO,KN,true
03023120,Descabezados y eviscerados («HG»),Descabezados y eviscerados («HG»),6,KILOGRAMO NETO,KN,true
03023190,Los demás,Los demás,6,KILOGRAMO NETO,KN,true
03023200,Atunes de aleta amarilla (rabiles) (Thunnus albacares),Atunes de aleta amarilla (rabiles) (Thunnus albacares),6,KILOGRAMO NETO,KN,true
03023300,Listados o bonitos de vientre rayado,Listados o bonitos de vientre rayado,6,KILOGRAMO NETO,KN,true
03023400,Patudos o atunes ojo grande (Thunnus obesus),Patudos o atunes ojo grande (Thunnus obesus),6,KILOGRAMO NETO,KN,true
03023500,Atunes comunes o de aleta azul (Thunnus thynnus),Atunes comunes o de aleta azul (Thunnus thynnus),6,KILOGRAMO NETO,KN,true
03023600,Atunes del sur (Thunnus maccoyii),Atunes del sur (Thunnus maccoyii),6,KILOGRAMO NETO,KN,true
03023900,Los demás,Los demás,6,KILOGRAMO NETO,KN,true
03024000,"Arenques (Clupea harengus, Clupea pallasii), excepto los hígados, huevas y lechas","Arenques (Clupea harengus, Clupea pallasii), excepto los hígados, huevas y lechas",6,KILOGRAMO NETO,KN,true
03025000,"Bacalaos (Gadus morhua, Gadus ogac, Gadus macrocephalus),excepto los hígados, huevas y lechas","Bacalaos (Gadus morhua, Gadus ogac, Gadus macrocephalus),excepto los hígados, huevas y lechas",6,KILOGRAMO NETO,KN,true
03026111,Enteras,Enteras,6,KILOGRAMO NETO,KN,true
03026112,Descabezadas y evisceradas («HG»),Descabezadas y evisceradas («HG»),6,KILOGRAMO NETO,KN,true
03026119,Las demás,Las demás,6,KILOGRAMO NETO,KN,true
03026190,Los demás,Los demás,6,KILOGRAMO NETO,KN,true
03026200,Eglefinos (Melanogrammus aeglefinus),Eglefinos (Melanogrammus aeglefinus),6,KILOGRAMO NETO,KN,true
03026300,Carboneros (Pollachius virens),Carboneros (Pollachius virens),6,KILOGRAMO NETO,KN,true
03026400,"Caballas (Scomber scombrus, Scomber australasicus,Scomber japonicus)","Caballas (Scomber scombrus, Scomber australasicus,Scomber japonicus)",6,KILOGRAMO NETO,KN,true
03026510,Tiburón (Marrajo)(Isurus oxyrinchus) y azulejo (Prionace glauca),Tiburón (Marrajo)(Isurus oxyrinchus) y azulejo (Prionace glauca),6,KILOGRAMO NETO,KN,true
03026590,Los demás,Los demás,6,KILOGRAMO NETO,KN,true
03026600,Anguilas (Anguilla spp.),Anguilas (Anguilla spp.),6,KILOGRAMO NETO,KN,true
03026710,Enteros,Enteros,6,KILOGRAMO NETO,KN,true
03026720,"Descabezados y eviscerados (""HG"")","Descabezados y eviscerados (""HG"")",6,KILOGRAMO NETO,KN,true
03026790,Los demás,Los demás,6,KILOGRAMO NETO,KN,true
03026811,Entero,Entero,6,KILOGRAMO NETO,KN,true
03026812,"Descabezado y eviscerado (""HG"")","Descabezado y eviscerado (""HG"")",6,KILOGRAMO NETO,KN,true
03026819,Los demás,Los demás,6,KILOGRAMO NETO,KN,true
03026890,Los demás,Los demás,6,KILOGRAMO NETO,KN,true
03026921,"Merluza común (Merluccius gayi gayi), entera","Merluza común (Merluccius gayi gayi), entera",6,KILOGRAMO NETO,KN,true
03026922,"Merluza común (Merluccius gayi gayi), descabezada y eviscerada («HG»)","Merluza común (Merluccius gayi gayi), descabezada y eviscerada («HG»)",6,KILOGRAMO NETO,KN,true
03026923,"Merluza del sur (Merluccius australis), entera","Merluza del sur (Merluccius australis), entera",6,KILOGRAMO NETO,KN,true
03026924,"Merluza del sur (Merluccius australis), descabezada y eviscerada («HG»)","Merluza del sur (Merluccius australis), descabezada y eviscerada («HG»)",6,KILOGRAMO NETO,KN,true
03026929,Las demás,Las demás,6,KILOGRAMO NETO,KN,true
03026931,Entero,Entero,6,KILOGRAMO NETO,KN,true
03026932,Descabezado y eviscerado («HG»),Descabezado y eviscerado («HG»),6,KILOGRAMO NETO,KN,true
03026939,Los demás,Los demás,6,KILOGRAMO NETO,KN,true
03026940,Corvina (Cilus gilberti),Corvina (Cilus gilberti),6,KILOGRAMO NETO,KN,true
03026951,Entera,Entera,6,KILOGRAMO NETO,KN,true
03026952,Descabezada y eviscerada («HG»),Descabezada y eviscerada («HG»),6,KILOGRAMO NETO,KN,true
03026959,Las demás,Las demás,6,KILOGRAMO NETO,KN,true
03026961,Entera,Entera,6,KILOGRAMO NETO,KN,true
03026962,Descabezada y eviscerada («HG»),Descabezada y eviscerada («HG»),6,KILOGRAMO NETO,KN,true
03026969,Las demás,Las demás,6,KILOGRAMO NETO,KN,true
03026981,"Congrio dorado (Genypterus blacodes), entero","Congrio dorado (Genypterus blacodes), entero",6,KILOGRAMO NETO,KN,true
03026982,"Congrio dorado (Genypterus blacodes), descabezado y eviscerado («HG»)","Congrio dorado (Genypterus blacodes), descabezado y eviscerado («HG»)",6,KILOGRAMO NETO,KN,true
03026983,"Los demás congrios (Genypterus chilensis) (Genypterus maculatus), enteros","Los demás congrios (Genypterus chilensis) (Genypterus maculatus), enteros",6,KILOGRAMO NETO,KN,true
03026984,"Los demás congrios (Genypterus chilensis) (Genypterus maculatus), descabezados y eviscerados («HG»)","Los demás congrios (Genypterus chilensis) (Genypterus maculatus), descabezados y eviscerados («HG»)",6,KILOGRAMO NETO,KN,true
03026989,Los demás,Los demás,6,KILOGRAMO NETO,KN,true
03026991,"Esturión blanco (Acipenser transmontanus) y esturión de Siberia (Acipenser baeri), entero","Esturión blanco (Acipenser transmontanus) y esturión de Siberia (Acipenser baeri), entero",6,KILOGRAMO NETO,KN,true
03026992,"Esturión blanco (Acipenser transmontanus) y esturión de Siberia (Acipenser baeri), descabezado y evi","Esturión blanco (Acipenser transmontanus) y esturión de Siberia (Acipenser baeri), descabezado y eviscerado («HG»)",6,KILOGRAMO NETO,KN,true
03026993,"Merluza de cola (Macruronus magellanicus), entera","Merluza de cola (Macruronus magellanicus), entera",6,KILOGRAMO NETO,KN,true
03026994,"Merluza de cola (Macruronus magellanicus), descabezada y eviscerada («HG»)","Merluza de cola (Macruronus magellanicus), descabezada y eviscerada («HG»)",6,KILOGRAMO NETO,KN,true
03026995,"Merluza de tres aletas (Micromesistius australis), entera","Merluza de tres aletas (Micromesistius australis), entera",6,KILOGRAMO NETO,KN,true
03026996,"Merluza de tres aletas (Micromesistius australis), descabezada y eviscerada («HG»)","Merluza de tres aletas (Micromesistius australis), descabezada y eviscerada («HG»)",6,KILOGRAMO NETO,KN,true
03026999,Los demás,Los demás,6,KILOGRAMO NETO,KN,true
03027000,"Hígados, huevas y lechas","Hígados, huevas y lechas",6,KILOGRAMO NETO,KN,true
03031110,Enteros,Enteros,6,KILOGRAMO NETO,KN,true
03031120,Descabezados y eviscerados («HG»),Descabezados y eviscerados («HG»),6,KILOGRAMO NETO,KN,true
03031130,"Medallones (rodajas, «steak»)*","Medallones (rodajas, «steak»)*",6,KILOGRAMO NETO,KN,true
03031140,"Belly (harami, harasu)*","Belly (harami, harasu)*",6,KILOGRAMO NETO,KN,true
03031190,Los demás,Los demás,6,KILOGRAMO NETO,KN,true
03031910,Enteros,Enteros,6,KILOGRAMO NETO,KN,true
03031920,Descabezados y eviscerados («HG»),Descabezados y eviscerados («HG»),6,KILOGRAMO NETO,KN,true
03031930,"Medallones (rodajas, «steak»)*","Medallones (rodajas, «steak»)*",6,KILOGRAMO NETO,KN,true
03031940,"Belly (harami, harasu)*","Belly (harami, harasu)*",6,KILOGRAMO NETO,KN,true
03031990,Los demás,Los demás,6,KILOGRAMO NETO,KN,true
03032110,Enteras,Enteras,6,KILOGRAMO NETO,KN,true
03032120,Descabezadas y evisceradas («HG»),Descabezadas y evisceradas («HG»),6,KILOGRAMO NETO,KN,true
03032140,"Medallones (rodajas, «steak»)*","Medallones (rodajas, «steak»)*",6,KILOGRAMO NETO,KN,true
03032150,"Belly (harami, harasu)*","Belly (harami, harasu)*",6,KILOGRAMO NETO,KN,true
03032190,Las demás,Las demás,6,KILOGRAMO NETO,KN,true
03032210,Enteros,Enteros,6,KILOGRAMO NETO,KN,true
03032220,Descabezados y eviscerados («HG»),Descabezados y eviscerados («HG»),6,KILOGRAMO NETO,KN,true
03032230,"Medallones (rodajas, «steak»)*","Medallones (rodajas, «steak»)*",6,KILOGRAMO NETO,KN,true
03032240,"Belly (harami, harasu)*","Belly (harami, harasu)*",6,KILOGRAMO NETO,KN,true
03032290,Los demás,Los demás,6,KILOGRAMO NETO,KN,true
03032900,Los demás,Los demás,6,KILOGRAMO NETO,KN,true
03033100,"Halibut (fletán) (Reinhardtius hippoglossoides,Hippoglossus hippoglossus, Hippoglossus stenolepis)","Halibut (fletán) (Reinhardtius hippoglossoides,Hippoglossus hippoglossus, Hippoglossus stenolepis)",6,KILOGRAMO NETO,KN,true
03033200,Sollas (Pleuronectes platessa),Sollas (Pleuronectes platessa),6,KILOGRAMO NETO,KN,true
03033300,Lenguados (Solea spp.),Lenguados (Solea spp.),6,KILOGRAMO NETO,KN,true
03033911,Entero,Entero,6,KILOGRAMO NETO,KN,true
03033912,Descabezado y eviscerado («HG»),Descabezado y eviscerado («HG»),6,KILOGRAMO NETO,KN,true
03033919,Los demás,Los demás,6,KILOGRAMO NETO,KN,true
03033921,Entero,Entero,6,KILOGRAMO NETO,KN,true
03033922,Descabezado y eviscerado («HG»),Descabezado y eviscerado («HG»),6,KILOGRAMO NETO,KN,true
03033929,Los demás,Los demás,6,KILOGRAMO NETO,KN,true
03033990,Los demás,Los demás,6,KILOGRAMO NETO,KN,true
03034110,Enteros,Enteros,6,KILOGRAMO NETO,KN,true
03034120,Descabezado y eviscerado («HG»),Descabezado y eviscerado («HG»),6,KILOGRAMO NETO,KN,true
03034190,Los demás,Los demás,6,KILOGRAMO NETO,KN,true
03034200,Atunes de aleta amarilla (rabiles) (Thunnus albacares),Atunes de aleta amarilla (rabiles) (Thunnus albacares),6,KILOGRAMO NETO,KN,true
03034300,Listados o bonitos de vientre rayado,Listados o bonitos de vientre rayado,6,KILOGRAMO NETO,KN,true
03034400,Patudos o atunes ojo grande (Thunnus obesus),Patudos o atunes ojo grande (Thunnus obesus),6,KILOGRAMO NETO,KN,true
03034500,Atunes comunes o de aleta azul (Thunnus thynnus),Atunes comunes o de aleta azul (Thunnus thynnus),6,KILOGRAMO NETO,KN,true
03034600,Atunes del sur (Thunnus maccoyii),Atunes del sur (Thunnus maccoyii),6,KILOGRAMO NETO,KN,true
03034900,Los demás,Los demás,6,KILOGRAMO NETO,KN,true
03035100,"Arenques (Clupea harengus, Clupea pallasii)","Arenques (Clupea harengus, Clupea pallasii)",6,KILOGRAMO NETO,KN,true
03035200,"Bacalaos (Gadus morhua, Gadus ogac, Gadus macrocephalus)","Bacalaos (Gadus morhua, Gadus ogac, Gadus macrocephalus)",6,KILOGRAMO NETO,KN,true
03036110,Enteros,Enteros,6,KILOGRAMO NETO,KN,true
03036120,"Descabezados y eviscerados (""HG"")","Descabezados y eviscerados (""HG"")",6,KILOGRAMO NETO,KN,true
03036190,Los demás,Los demás,6,KILOGRAMO NETO,KN,true
03036211,Entero,Entero,6,KILOGRAMO NETO,KN,true
03036212,"Descabezado y eviscerado (""HG"")","Descabezado y eviscerado (""HG"")",6,KILOGRAMO NETO,KN,true
03036219,Los demás,Los demás,6,KILOGRAMO NETO,KN,true
03036290,Las demás,Las demás,6,KILOGRAMO NETO,KN,true
03037111,Entera,Entera,6,KILOGRAMO NETO,KN,true
03037112,Descabezadas y evisceradas («HG»),Descabezadas y evisceradas («HG»),6,KILOGRAMO NETO,KN,true
03037119,Las demás,Las demás,6,KILOGRAMO NETO,KN,true
03037190,Los demás,Los demás,6,KILOGRAMO NETO,KN,true
03037200,Eglefinos (Melanogrammus aeglefinus),Eglefinos (Melanogrammus aeglefinus),6,KILOGRAMO NETO,KN,true
03037300,Carboneros (Pollachius virens),Carboneros (Pollachius virens),6,KILOGRAMO NETO,KN,true
03037411,Entero,Entero,6,KILOGRAMO NETO,KN,true
03037419,Los demás,Los demás,6,KILOGRAMO NETO,KN,true
03037490,Los demás,Los demás,6,KILOGRAMO NETO,KN,true
03037510,Tiburón (Marrajo) (Isurus oxyrinchus) y azulejo (Prionace glauca),Tiburón (Marrajo) (Isurus oxyrinchus) y azulejo (Prionace glauca),6,KILOGRAMO NETO,KN,true
03037590,Los demás,Los demás,6,KILOGRAMO NETO,KN,true
03037600,Anguilas (Anguilla spp.),Anguilas (Anguilla spp.),6,KILOGRAMO NETO,KN,true
03037700,"Róbalos (Dicentrarchus labrax, Dicentrarchus punctatus)","Róbalos (Dicentrarchus labrax, Dicentrarchus punctatus)",6,KILOGRAMO NETO,KN,true
03037811,Entera,Entera,6,KILOGRAMO NETO,KN,true
03037812,Descabezada y eviscerada («HG»),Descabezada y eviscerada («HG»),6,KILOGRAMO NETO,KN,true
03037819,Las demás,Las demás,6,KILOGRAMO NETO,KN,true
03037821,Entera,Entera,6,KILOGRAMO NETO,KN,true
03037822,Descabezada y eviscerada («HG»),Descabezada y eviscerada («HG»),6,KILOGRAMO NETO,KN,true
03037829,Las demás,Las demás,6,KILOGRAMO NETO,KN,true
03037890,Las demás,Las demás,6,KILOGRAMO NETO,KN,true
03037921,Entero,Entero,6,KILOGRAMO NETO,KN,true
03037922,Descabezado y eviscerado («HG»),Descabezado y eviscerado («HG»),6,KILOGRAMO NETO,KN,true
03037929,Los demás,Los demás,6,KILOGRAMO NETO,KN,true
03037931,"Congrio dorado (Genypterus blacodes), entero","Congrio dorado (Genypterus blacodes), entero",6,KILOGRAMO NETO,KN,true
03037932,"Congrio dorado (Genypterus blacodes), descabezado y eviscerado («HG»)","Congrio dorado (Genypterus blacodes), descabezado y eviscerado («HG»)",6,KILOGRAMO NETO,KN,true
03037933,Los demás congrios enteros,Los demás congrios enteros,6,KILOGRAMO NETO,KN,true
03037934,"Los demás congrios, descabezados y eviscerados («HG»)","Los demás congrios, descabezados y eviscerados («HG»)",6,KILOGRAMO NETO,KN,true
03037935,"Cojinova (Seriolella violacea), (Seriolella caerulea), (seriolellapunctata), entera","Cojinova (Seriolella violacea), (Seriolella caerulea), (seriolellapunctata), entera",6,KILOGRAMO NETO,KN,true
03037936,"Cojinova (Seriolella violacea), (Seriolella caerulea), (Seriolella punctata), descabezada y eviscera","Cojinova (Seriolella violacea), (Seriolella caerulea), (Seriolella punctata), descabezada y eviscerada («HG»)",6,KILOGRAMO NETO,KN,true
03037937,"Brótula (Salilota australis), entera","Brótula (Salilota australis), entera",6,KILOGRAMO NETO,KN,true
03037938,"Brótula (Salilota australis), descabezada y eviscerada (""HG"")","Brótula (Salilota australis), descabezada y eviscerada (""HG"")",6,KILOGRAMO NETO,KN,true
03037939,Los demás,Los demás,6,KILOGRAMO NETO,KN,true
03037940,Corvina (Cilus gilberti),Corvina (Cilus gilberti),6,KILOGRAMO NETO,KN,true
03037951,Entera,Entera,6,KILOGRAMO NETO,KN,true
03037952,Descabezada y eviscerada («HG»),Descabezada y eviscerada («HG»),6,KILOGRAMO NETO,KN,true
03037959,Las demás,Las demás,6,KILOGRAMO NETO,KN,true
03037960,Mantarraya (Raja spp.),Mantarraya (Raja spp.),6,KILOGRAMO NETO,KN,true
03037971,Entera,Entera,6,KILOGRAMO NETO,KN,true
03037972,Descabezada y eviscerada («HG»),Descabezada y eviscerada («HG»),6,KILOGRAMO NETO,KN,true
03037979,Las demás,Las demás,6,KILOGRAMO NETO,KN,true
03037984,Entero,Entero,6,KILOGRAMO NETO,KN,true
03037985,Descabezado y eviscerado («HG»),Descabezado y eviscerado («HG»),6,KILOGRAMO NETO,KN,true
03037988,Las demás,Las demás,6,KILOGRAMO NETO,KN,true
03037991,"Alfonsino (Beryx splendens), entero","Alfonsino (Beryx splendens), entero",6,KILOGRAMO NETO,KN,true
03037992,"Orange roughy (Hoplothethus atlanticus), entero","Orange roughy (Hoplothethus atlanticus), entero",6,KILOGRAMO NETO,KN,true
03037993,"Merluza de cola (Macruronus magellanicus), entera","Merluza de cola (Macruronus magellanicus), entera",6,KILOGRAMO NETO,KN,true
03037994,"Merluza de tres aletas (Micromesistius australis), entera","Merluza de tres aletas (Micromesistius australis), entera",6,KILOGRAMO NETO,KN,true
03037995,"Merluza de tres aletas (Micromesistius australis), descabezada y eviscerada «HG»","Merluza de tres aletas (Micromesistius australis), descabezada y eviscerada «HG»",6,KILOGRAMO NETO,KN,true
03037996,"Besugo (Epigonus crassicaudus), descabezado y eviscerado (HG)","Besugo (Epigonus crassicaudus), descabezado y eviscerado (HG)",6,KILOGRAMO NETO,KN,true
03037997,"Draco rayado (Champsocephalus gunnari), entero","Draco rayado (Champsocephalus gunnari), entero",6,KILOGRAMO NETO,KN,true
03037998,Mahi-mahi (Coryphaena hippurus),Mahi-mahi (Coryphaena hippurus),6,KILOGRAMO NETO,KN,true
03037999,Los demás,Los demás,6,KILOGRAMO NETO,KN,true
03038010,"De salmones del Pacífico, del Atlántico y del Danubio","De salmones del Pacífico, del Atlántico y del Danubio",6,KILOGRAMO NETO,KN,true
03038020,De truchas,De truchas,6,KILOGRAMO NETO,KN,true
03038030,De merluza (Merluccius spp.),De merluza (Merluccius spp.),6,KILOGRAMO NETO,KN,true
03038090,Los demás,Los demás,6,KILOGRAMO NETO,KN,true
03041110,Filetes,Filetes,6,KILOGRAMO NETO,KN,true
03041190,Las demás,Las demás,6,KILOGRAMO NETO,KN,true
03041211,Filetes,Filetes,6,KILOGRAMO NETO,KN,true
03041219,Las demás,Las demás,6,KILOGRAMO NETO,KN,true
03041290,Los demás,Los demás,6,KILOGRAMO NETO,KN,true
03041910,Tiburón (marrajo) (Isurus oxyrinchus) y azulejo (Prionace glauca),Tiburón (marrajo) (Isurus oxyrinchus) y azulejo (Prionace glauca),6,KILOGRAMO NETO,KN,true
03041921,Filetes,Filetes,6,KILOGRAMO NETO,KN,true
03041929,Las demás,Las demás,6,KILOGRAMO NETO,KN,true
03041931,Filetes de merluza común (Merluccius gayi gayi),Filetes de merluza común (Merluccius gayi gayi),6,KILOGRAMO NETO,KN,true
03041932,Filetes de merluza del sur (Merluccius australis),Filetes de merluza del sur (Merluccius australis),6,KILOGRAMO NETO,KN,true
03041939,Los demás,Los demás,6,KILOGRAMO NETO,KN,true
03041941,Filetes de salmones del Pacífico,Filetes de salmones del Pacífico,6,KILOGRAMO NETO,KN,true
03041942,Filetes de salmones del Atlántico y salmones del Danubio,Filetes de salmones del Atlántico y salmones del Danubio,6,KILOGRAMO NETO,KN,true
03041949,Las demás,Las demás,6,KILOGRAMO NETO,KN,true
03041951,Filetes,Filetes,6,KILOGRAMO NETO,KN,true
03041959,Las demás,Las demás,6,KILOGRAMO NETO,KN,true
03041961,Filetes de sardina (Sardinops sagax),Filetes de sardina (Sardinops sagax),6,KILOGRAMO NETO,KN,true
03041962,Filetes de sardina común (Clupea bentincki),Filetes de sardina común (Clupea bentincki),6,KILOGRAMO NETO,KN,true
03041963,Filetes de jurel (Trachurus murphyi),Filetes de jurel (Trachurus murphyi),6,KILOGRAMO NETO,KN,true
03041964,Filetes de caballa (Scomber japonicus peruana),Filetes de caballa (Scomber japonicus peruana),6,KILOGRAMO NETO,KN,true
03041969,Las demás,Las demás,6,KILOGRAMO NETO,KN,true
03041970,Alfonsino (Beryx splendens),Alfonsino (Beryx splendens),6,KILOGRAMO NETO,KN,true
03041991,Filetes de merluza de cola (Macruronus magellanicus),Filetes de merluza de cola (Macruronus magellanicus),6,KILOGRAMO NETO,KN,true
03041992,Filetes de merluza de tres aletas (Micromesistius australis),Filetes de merluza de tres aletas (Micromesistius australis),6,KILOGRAMO NETO,KN,true
03041999,Las demás,Las demás,6,KILOGRAMO NETO,KN,true
03042100,Peces espada (Xiphias gladius),Peces espada (Xiphias gladius),6,KILOGRAMO NETO,KN,true
03042210,Bacalao de profundidad (Dissostichus eleginoides),Bacalao de profundidad (Dissostichus eleginoides),6,KILOGRAMO NETO,KN,true
03042290,Los demás,Los demás,6,KILOGRAMO NETO,KN,true
03042910,Tiburón (Marrajo) (Isurus oxyrinchus) y azulejo (Prionace glauca),Tiburón (Marrajo) (Isurus oxyrinchus) y azulejo (Prionace glauca),6,KILOGRAMO NETO,KN,true
03042920,Bacalao de Juan Fernández (Polyprion oxygeneios),Bacalao de Juan Fernández (Polyprion oxygeneios),6,KILOGRAMO NETO,KN,true
03042931,Merluza común (Merluccius gayi gayi),Merluza común (Merluccius gayi gayi),6,KILOGRAMO NETO,KN,true
03042932,Merluza del sur (Merluccius australis),Merluza del sur (Merluccius australis),6,KILOGRAMO NETO,KN,true
03042939,Los demás,Los demás,6,KILOGRAMO NETO,KN,true
03042941,Salmones del Pacífico,Salmones del Pacífico,6,KILOGRAMO NETO,KN,true
03042942,Salmones del Atlántico y salmones del Danubio,Salmones del Atlántico y salmones del Danubio,6,KILOGRAMO NETO,KN,true
03042950,"Truchas (Salmo trutta, Oncorhynchus mykiss, Oncorhynchus clarki, Oncorhynchus aguabonita, Oncorhynch","Truchas (Salmo trutta, Oncorhynchus mykiss, Oncorhynchus clarki, Oncorhynchus aguabonita, Oncorhynchus gilae, Oncorhynchus apache y Oncorhynchus chrysogaster)",6,KILOGRAMO NETO,KN,true
03042961,Sardina (Sardinops sagax),Sardina (Sardinops sagax),6,KILOGRAMO NETO,KN,true
03042962,Sardina común (Clupea bentincki),Sardina común (Clupea bentincki),6,KILOGRAMO NETO,KN,true
03042963,Jurel (Trachurus murphyi),Jurel (Trachurus murphyi),6,KILOGRAMO NETO,KN,true
03042964,Caballa (Scomber japonicus peruana),Caballa (Scomber japonicus peruana),6,KILOGRAMO NETO,KN,true
03042969,Los demás,Los demás,6,KILOGRAMO NETO,KN,true
03042970,Congrio (Genypterus chilensis) (Genypterus blacodes) (Genypterus maculatus),Congrio (Genypterus chilensis) (Genypterus blacodes) (Genypterus maculatus),6,KILOGRAMO NETO,KN,true
03042991,Merluza de cola (Macruronus magellanicus),Merluza de cola (Macruronus magellanicus),6,KILOGRAMO NETO,KN,true
03042992,Merluza de tres aletas (Micromesistius australis),Merluza de tres aletas (Micromesistius australis),6,KILOGRAMO NETO,KN,true
03042993,Alfonsino (Beryx splendens),Alfonsino (Beryx splendens),6,KILOGRAMO NETO,KN,true
03042994,Besugo (Epigonus crassicaudus),Besugo (Epigonus crassicaudus),6,KILOGRAMO NETO,KN,true
03042995,Mahi-mahi (Coryphaena hippurus),Mahi-mahi (Coryphaena hippurus),6,KILOGRAMO NETO,KN,true
03042999,Los demás,Los demás,6,KILOGRAMO NETO,KN,true
03049100,Peces espada (Xiphias gladius),Peces espada (Xiphias gladius),6,KILOGRAMO NETO,KN,true
03049211,Trozos,Trozos,6,KILOGRAMO NETO,KN,true
03049212,Cocochas,Cocochas,6,KILOGRAMO NETO,KN,true
03049219,Los demás,Los demás,6,KILOGRAMO NETO,KN,true
03049290,Los demás,Los demás,6,KILOGRAMO NETO,KN,true
03049910,Tiburón (marrajo) (Isurus oxyrinchus) y azulejo (Prionace glauca),Tiburón (marrajo) (Isurus oxyrinchus) y azulejo (Prionace glauca),6,KILOGRAMO NETO,KN,true
03049921,Trozos,Trozos,6,KILOGRAMO NETO,KN,true
03049922,Cocochas,Cocochas,6,KILOGRAMO NETO,KN,true
03049929,Las demás,Las demás,6,KILOGRAMO NETO,KN,true
03049931,Surimi de merluza común (Merluccius gayi gayi),Surimi de merluza común (Merluccius gayi gayi),6,KILOGRAMO NETO,KN,true
03049932,Trozos,Trozos,6,KILOGRAMO NETO,KN,true
03049933,Cocochas,Cocochas,6,KILOGRAMO NETO,KN,true
03049934,Las demás carnes de merluza común (Merluccius gayi gayi),Las demás carnes de merluza común (Merluccius gayi gayi),6,KILOGRAMO NETO,KN,true
03049935,Las demás carnes de merluza del sur (Merluccius australis),Las demás carnes de merluza del sur (Merluccius australis),6,KILOGRAMO NETO,KN,true
03049939,Las demás,Las demás,6,KILOGRAMO NETO,KN,true
03049941,Trozos de salmones del Pacífico,Trozos de salmones del Pacífico,6,KILOGRAMO NETO,KN,true
03049942,Las demás carnes de salmones del Pacífico,Las demás carnes de salmones del Pacífico,6,KILOGRAMO NETO,KN,true
03049943,Trozos de salmones del Atlántico y salmones del Danubio,Trozos de salmones del Atlántico y salmones del Danubio,6,KILOGRAMO NETO,KN,true
03049944,Las demás carnes de salmones del Atlántico y salmones del Danubio,Las demás carnes de salmones del Atlántico y salmones del Danubio,6,KILOGRAMO NETO,KN,true
03049951,Trozos,Trozos,6,KILOGRAMO NETO,KN,true
03049959,Las demás,Las demás,6,KILOGRAMO NETO,KN,true
03049961,De sardina (Sardinops sagax),De sardina (Sardinops sagax),6,KILOGRAMO NETO,KN,true
03049962,De sardina común (Clupea bentincki),De sardina común (Clupea bentincki),6,KILOGRAMO NETO,KN,true
03049963,Surimi de jurel (Trachurus murphyi),Surimi de jurel (Trachurus murphyi),6,KILOGRAMO NETO,KN,true
03049964,Las demás carnes de jurel (Trachurus murphyi),Las demás carnes de jurel (Trachurus murphyi),6,KILOGRAMO NETO,KN,true
03049969,Las demás,Las demás,6,KILOGRAMO NETO,KN,true
03049971,Trozos,Trozos,6,KILOGRAMO NETO,KN,true
03049979,Las demás,Las demás,6,KILOGRAMO NETO,KN,true
03049991,Las demás carnes de merluza de cola (Macruronus magellanicus),Las demás carnes de merluza de cola (Macruronus magellanicus),6,KILOGRAMO NETO,KN,true
03049992,Las demás carnes de merluza de tres aletas (Micromesistius australis),Las demás carnes de merluza de tres aletas (Micromesistius australis),6,KILOGRAMO NETO,KN,true
03049993,Las demás carnes de alfonsino,Las demás carnes de alfonsino,6,KILOGRAMO NETO,KN,true
03049999,Los demás,Los demás,6,KILOGRAMO NETO,KN,true
03051000,"Harina, polvo y «pellets» de pescado, aptos para la alimentación humana","Harina, polvo y «pellets» de pescado, aptos para la alimentación humana",6,KILOGRAMO NETO,KN,true
03052010,"Salmones del Pacífico ( Oncorhynchus nerka, Oncorhynchus gorbuscha, Oncorhynchus keta, Oncorhynchus","Salmones del Pacífico ( Oncorhynchus nerka, Oncorhynchus gorbuscha, Oncorhynchus keta, Oncorhynchus tschawytscha, Oncorhynchus kisutch, Oncorhynchus masou y Oncorhynchus rhodurus), salmones del Atlánt",6,KILOGRAMO NETO,KN,true
03052020,"Truchas (Salmo trutta, Oncorhynchus mykiss, Oncorhynchus clarki, Oncorhynchus aguabonita, Oncorhynch","Truchas (Salmo trutta, Oncorhynchus mykiss, Oncorhynchus clarki, Oncorhynchus aguabonita, Oncorhynchus gilae,Oncorhynchus apache y Oncorhynchus chrysogaster)",6,KILOGRAMO NETO,KN,true
03052090,Los demás,Los demás,6,KILOGRAMO NETO,KN,true
03053010,"Salmones del Pacífico ( Oncorhynchus nerka, Oncorhynchus gorbuscha, Oncorhynchus keta, Oncorhynchus","Salmones del Pacífico ( Oncorhynchus nerka, Oncorhynchus gorbuscha, Oncorhynchus keta, Oncorhynchus tschawytscha,Oncorhynchus kisutch, Oncorhynchus masou y Oncorhynchus rhodurus), salmones del Atlánti",6,KILOGRAMO NETO,KN,true
03053020,"Truchas (Salmo trutta, Oncorhynchus mykiss, Oncorhynchus clarki, Oncorhynchus aguabonita, Oncorhynch","Truchas (Salmo trutta, Oncorhynchus mykiss, Oncorhynchus clarki, Oncorhynchus aguabonita, Oncorhynchus gilae, Oncorhynchus apache y Oncorhynchus chrysogaster)",6,KILOGRAMO NETO,KN,true
03053030,Jurel (Trachurus murphyi),Jurel (Trachurus murphyi),6,KILOGRAMO NETO,KN,true
03053040,Anchoveta (Engraulis ringens),Anchoveta (Engraulis ringens),6,KILOGRAMO NETO,KN,true
03053050,Bacalao de profundidad (Dissostichus eleginoides),Bacalao de profundidad (Dissostichus eleginoides),6,KILOGRAMO NETO,KN,true
03053060,Bacalao de Juan Fernández (Polyprion oxygeneios),Bacalao de Juan Fernández (Polyprion oxygeneios),6,KILOGRAMO NETO,KN,true
03053090,Los demás,Los demás,6,KILOGRAMO NETO,KN,true
03054110,Salmones del Pacífico enteros,Salmones del Pacífico enteros,6,KILOGRAMO NETO,KN,true
03054120,"Salmones del Pacífico, descabezados y eviscerados («HG»)","Salmones del Pacífico, descabezados y eviscerados («HG»)",6,KILOGRAMO NETO,KN,true
03054130,Filetes de salmones del Pacífico,Filetes de salmones del Pacífico,6,KILOGRAMO NETO,KN,true
03054140,Salmones del Atlántico y salmones del Danubio enteros,Salmones del Atlántico y salmones del Danubio enteros,6,KILOGRAMO NETO,KN,true
03054150,"Salmones del Atlántico y salmones del Danubio, descabezados y eviscerados («HG»)","Salmones del Atlántico y salmones del Danubio, descabezados y eviscerados («HG»)",6,KILOGRAMO NETO,KN,true
03054160,Filetes de salmones del Atlántico y salmones del Danubio,Filetes de salmones del Atlántico y salmones del Danubio,6,KILOGRAMO NETO,KN,true
03054190,Los demás,Los demás,6,KILOGRAMO NETO,KN,true
03054200,"Arenques (Clupea harengus, Clupea pallasii)","Arenques (Clupea harengus, Clupea pallasii)",6,KILOGRAMO NETO,KN,true
03054911,Enteras,Enteras,6,KILOGRAMO NETO,KN,true
03054912,Descabezadas y evisceradas («HG»),Descabezadas y evisceradas («HG»),6,KILOGRAMO NETO,KN,true
03054913,Filetes,Filetes,6,KILOGRAMO NETO,KN,true
03054919,Los demás,Los demás,6,KILOGRAMO NETO,KN,true
03054990,Los demás,Los demás,6,KILOGRAMO NETO,KN,true
03055100,"Bacalaos (Gadus morhua, Gadus ogac, Gadus macrocephalus)","Bacalaos (Gadus morhua, Gadus ogac, Gadus macrocephalus)",6,KILOGRAMO NETO,KN,true
03055910,Aletas de tiburón,Aletas de tiburón,6,KILOGRAMO NETO,KN,true
03055920,Trozos de salmones del Pacífico,Trozos de salmones del Pacífico,6,KILOGRAMO NETO,KN,true
03055930,Trozos de salmones del Atlántico,Trozos de salmones del Atlántico,6,KILOGRAMO NETO,KN,true
03055940,Trozos de salmones del Danubio,Trozos de salmones del Danubio,6,KILOGRAMO NETO,KN,true
03055950,Trozos de truchas,Trozos de truchas,6,KILOGRAMO NETO,KN,true
03055990,Los demás,Los demás,6,KILOGRAMO NETO,KN,true
03056100,"Arenques (Clupea harengus, Clupea pallasii)","Arenques (Clupea harengus, Clupea pallasii)",6,KILOGRAMO NETO,KN,true
03056200,"Bacalaos (Gadus morhua, Gadus ogac, Gadus macrocephalus)","Bacalaos (Gadus morhua, Gadus ogac, Gadus macrocephalus)",6,KILOGRAMO NETO,KN,true
03056300,Anchoas (Engraulis spp.),Anchoas (Engraulis spp.),6,KILOGRAMO NETO,KN,true
03056911,Filetes salados,Filetes salados,6,KILOGRAMO NETO,KN,true
03056912,Filetes en salmuera,Filetes en salmuera,6,KILOGRAMO NETO,KN,true
03056913,"Medallones (rodajas, steak)* salados","Medallones (rodajas, steak)* salados",6,KILOGRAMO NETO,KN,true
03056914,"Medallones (rodajas, steak)* en salmuera","Medallones (rodajas, steak)* en salmuera",6,KILOGRAMO NETO,KN,true
03056915,Las demás porciones o trozos salados,Las demás porciones o trozos salados,6,KILOGRAMO NETO,KN,true
03056916,Las demás porciones o trozos en salmuera,Las demás porciones o trozos en salmuera,6,KILOGRAMO NETO,KN,true
03056919,Los demás,Los demás,6,KILOGRAMO NETO,KN,true
03056921,Filetes salados,Filetes salados,6,KILOGRAMO NETO,KN,true
03056922,Filetes en salmuera,Filetes en salmuera,6,KILOGRAMO NETO,KN,true
03056923,"Medallones (rodajas, steak)* salados","Medallones (rodajas, steak)* salados",6,KILOGRAMO NETO,KN,true
03056924,"Medallones (rodajas, steak)* en salmuera","Medallones (rodajas, steak)* en salmuera",6,KILOGRAMO NETO,KN,true
03056925,Las demás porciones o trozos salados,Las demás porciones o trozos salados,6,KILOGRAMO NETO,KN,true
03056926,Las demás porciones o trozos en salmuera,Las demás porciones o trozos en salmuera,6,KILOGRAMO NETO,KN,true
03056929,Las demás,Las demás,6,KILOGRAMO NETO,KN,true
03056990,Los demás,Los demás,6,KILOGRAMO NETO,KN,true
03061110,Langosta de Isla de Pascua (Panulirus pascuensis),Langosta de Isla de Pascua (Panulirus pascuensis),6,KILOGRAMO NETO,KN,true
03061120,Langosta de Juan Fernández (Jasus frontalis),Langosta de Juan Fernández (Jasus frontalis),6,KILOGRAMO NETO,KN,true
03061130,Langosta enana (Projasus bahamondei),Langosta enana (Projasus bahamondei),6,KILOGRAMO NETO,KN,true
03061190,Las demás,Las demás,6,KILOGRAMO NETO,KN,true
03061200,Bogavantes (Homarus spp.),Bogavantes (Homarus spp.),6,KILOGRAMO NETO,KN,true
03061311,Camarón nailon (Heterocarpus reedi),Camarón nailon (Heterocarpus reedi),6,KILOGRAMO NETO,KN,true
03061312,Camarón ecuatoriano (Penaeus vannamei),Camarón ecuatoriano (Penaeus vannamei),6,KILOGRAMO NETO,KN,true
03061313,Camarón de río (Cryphiops caementarius),Camarón de río (Cryphiops caementarius),6,KILOGRAMO NETO,KN,true
03061319,Los demás,Los demás,6,KILOGRAMO NETO,KN,true
03061321,Langostino amarillo (Cervimunida johni),Langostino amarillo (Cervimunida johni),6,KILOGRAMO NETO,KN,true
03061322,Langostino colorado (Pleuroncodes monodon),Langostino colorado (Pleuroncodes monodon),6,KILOGRAMO NETO,KN,true
03061329,Los demás,Los demás,6,KILOGRAMO NETO,KN,true
03061391,Gambas (Haliporoides diomedeae),Gambas (Haliporoides diomedeae),6,KILOGRAMO NETO,KN,true
03061399,Los demás,Los demás,6,KILOGRAMO NETO,KN,true
03061410,"Jaibas (Cancer spp., Cancer porteri, Cancer edwardsi,Homalaspis plana, Taliepus dentatus, Cancer set","Jaibas (Cancer spp., Cancer porteri, Cancer edwardsi,Homalaspis plana, Taliepus dentatus, Cancer setosus,Cancer coronatus, Ovalipes trimaculatus)",6,KILOGRAMO NETO,KN,true
03061421,Centolla (Lithodes anttarcticus),Centolla (Lithodes anttarcticus),6,KILOGRAMO NETO,KN,true
03061422,Centolla del norte (Lithodes spp.),Centolla del norte (Lithodes spp.),6,KILOGRAMO NETO,KN,true
03061423,Centollón (Paralomis granulosa),Centollón (Paralomis granulosa),6,KILOGRAMO NETO,KN,true
03061424,Centollón del norte (Paralomis spp.),Centollón del norte (Paralomis spp.),6,KILOGRAMO NETO,KN,true
03061429,Los demás,Los demás,6,KILOGRAMO NETO,KN,true
03061490,Los demás,Los demás,6,KILOGRAMO NETO,KN,true
03061930,"Harina, polvo y «pellets» de crustáceos","Harina, polvo y «pellets» de crustáceos",6,KILOGRAMO NETO,KN,true
03061990,Los demás,Los demás,6,KILOGRAMO NETO,KN,true
03062110,Langosta de Isla de Pascua (Panulirus pascuensis),Langosta de Isla de Pascua (Panulirus pascuensis),6,KILOGRAMO NETO,KN,true
03062120,Langosta de Juan Fernández (Jasus frontalis),Langosta de Juan Fernández (Jasus frontalis),6,KILOGRAMO NETO,KN,true
03062130,Langosta enana (Projasus bahamondei),Langosta enana (Projasus bahamondei),6,KILOGRAMO NETO,KN,true
03062190,Las demás,Las demás,6,KILOGRAMO NETO,KN,true
03062200,Bogavantes (Homarus spp.),Bogavantes (Homarus spp.),6,KILOGRAMO NETO,KN,true
03062311,Camarón nailon (Heterocarpus reedi),Camarón nailon (Heterocarpus reedi),6,KILOGRAMO NETO,KN,true
03062312,Camarón ecuatoriano (Penaeus vannamei),Camarón ecuatoriano (Penaeus vannamei),6,KILOGRAMO NETO,KN,true
03062313,Camarón de río (Cryphiops caementarius),Camarón de río (Cryphiops caementarius),6,KILOGRAMO NETO,KN,true
03062319,Los demás,Los demás,6,KILOGRAMO NETO,KN,true
03062321,Langostino amarillo (Cervimunida johni),Langostino amarillo (Cervimunida johni),6,KILOGRAMO NETO,KN,true
03062322,Langostino colorado (Pleuroncodes monodon),Langostino colorado (Pleuroncodes monodon),6,KILOGRAMO NETO,KN,true
03062329,Los demás,Los demás,6,KILOGRAMO NETO,KN,true
03062391,Gambas (Haliporoides diomedeae),Gambas (Haliporoides diomedeae),6,KILOGRAMO NETO,KN,true
03062399,Los demás,Los demás,6,KILOGRAMO NETO,KN,true
03062410,"Jaibas (Cancer spp., Cancer porteri, Cancer edwardsi,Homalaspis plana, Taliepus dentatus, Cancer set","Jaibas (Cancer spp., Cancer porteri, Cancer edwardsi,Homalaspis plana, Taliepus dentatus, Cancer setosus,Cancer coronatus, Ovalipes trimaculatus)",6,KILOGRAMO NETO,KN,true
03062421,Centolla (Lithodes anttarcticus),Centolla (Lithodes anttarcticus),6,KILOGRAMO NETO,KN,true
03062422,Centolla del norte (Lithodes spp.),Centolla del norte (Lithodes spp.),6,KILOGRAMO NETO,KN,true
03062423,Centollón (Paralomis granulosa),Centollón (Paralomis granulosa),6,KILOGRAMO NETO,KN,true
03062424,Centollón del norte (Paralomis spp.),Centollón del norte (Paralomis spp.),6,KILOGRAMO NETO,KN,true
03062429,Los demás,Los demás,6,KILOGRAMO NETO,KN,true
03062490,Los demás,Los demás,6,KILOGRAMO NETO,KN,true
03062930,"Harina, polvo y «pellets» de crustáceos","Harina, polvo y «pellets» de crustáceos",6,KILOGRAMO NETO,KN,true
03062990,Los demás,Los demás,6,KILOGRAMO NETO,KN,true
03071011,"Vivas, frescas o refrigeradas","Vivas, frescas o refrigeradas",6,KILOGRAMO NETO,KN,true
03071012,Congeladas,Congeladas,6,KILOGRAMO NETO,KN,true
03071019,Las demás,Las demás,6,KILOGRAMO NETO,KN,true
03071021,"Vivas, frescas o refrigeradas","Vivas, frescas o refrigeradas",6,KILOGRAMO NETO,KN,true
03071022,Congeladas,Congeladas,6,KILOGRAMO NETO,KN,true
03071029,Las demás,Las demás,6,KILOGRAMO NETO,KN,true
03071091,"Vivas, frescas o refrigeradas","Vivas, frescas o refrigeradas",6,KILOGRAMO NETO,KN,true
03071092,Congeladas,Congeladas,6,KILOGRAMO NETO,KN,true
03071099,Las demás,Las demás,6,KILOGRAMO NETO,KN,true
03072110,Ostión del Norte (Argopecten purpuratus),Ostión del Norte (Argopecten purpuratus),6,KILOGRAMO NETO,KN,true
03072120,Ostión del Sur (Chlamys patagónica),Ostión del Sur (Chlamys patagónica),6,KILOGRAMO NETO,KN,true
03072190,Los demás,Los demás,6,KILOGRAMO NETO,KN,true
03072911,Congelados,Congelados,6,KILOGRAMO NETO,KN,true
03072919,Los demás,Los demás,6,KILOGRAMO NETO,KN,true
03072921,Congelados,Congelados,6,KILOGRAMO NETO,KN,true
03072929,Los demás,Los demás,6,KILOGRAMO NETO,KN,true
03072990,Los demás,Los demás,6,KILOGRAMO NETO,KN,true
03073100,"Vivos, frescos o refrigerados","Vivos, frescos o refrigerados",6,KILOGRAMO NETO,KN,true
03073900,Los demás,Los demás,6,KILOGRAMO NETO,KN,true
03074100,"Vivos, frescos o refrigerados","Vivos, frescos o refrigerados",6,KILOGRAMO NETO,KN,true
03074910,Calamares congelados (Ommastrephes spp.),Calamares congelados (Ommastrephes spp.),6,KILOGRAMO NETO,KN,true
03074990,Los demás,Los demás,6,KILOGRAMO NETO,KN,true
03075100,"Vivos, frescos o refrigerados","Vivos, frescos o refrigerados",6,KILOGRAMO NETO,KN,true
03075910,Congelados,Congelados,6,KILOGRAMO NETO,KN,true
03075990,Los demás,Los demás,6,KILOGRAMO NETO,KN,true
03076000,"Caracoles, excepto los de mar","Caracoles, excepto los de mar",6,KILOGRAMO NETO,KN,true
03079110,Almejas (Protothaca thaca) (Ameghinomya antiqua),Almejas (Protothaca thaca) (Ameghinomya antiqua),6,KILOGRAMO NETO,KN,true
03079120,Machas (Mesodesma donacium) (Solen macha),Machas (Mesodesma donacium) (Solen macha),6,KILOGRAMO NETO,KN,true
03079130,Locos (Concholepas concholepas),Locos (Concholepas concholepas),6,KILOGRAMO NETO,KN,true
03079140,Caracoles,Caracoles,6,KILOGRAMO NETO,KN,true
03079150,Abalón japonés o verde (Haliotis discus hannai),Abalón japonés o verde (Haliotis discus hannai),6,KILOGRAMO NETO,KN,true
03079160,Lenguas (gónadas) de erizo de mar (Loxechinus albus),Lenguas (gónadas) de erizo de mar (Loxechinus albus),6,KILOGRAMO NETO,KN,true
03079190,Los demás,Los demás,6,KILOGRAMO NETO,KN,true
03079910,Almejas (Protothaca thaca) (Ameghinomya antiqua),Almejas (Protothaca thaca) (Ameghinomya antiqua),6,KILOGRAMO NETO,KN,true
03079920,Machas (Mesodesma donacium) (Solen macha),Machas (Mesodesma donacium) (Solen macha),6,KILOGRAMO NETO,KN,true
03079931,Congelados,Congelados,6,KILOGRAMO NETO,KN,true
03079939,Los demás,Los demás,6,KILOGRAMO NETO,KN,true
03079941,Caracol gigante (Zidona dufresnei),Caracol gigante (Zidona dufresnei),6,KILOGRAMO NETO,KN,true
03079942,Caracol trofon (Trophon gervesianus),Caracol trofon (Trophon gervesianus),6,KILOGRAMO NETO,KN,true
03079943,Caracol palo palo (Argobuccinum spp.),Caracol palo palo (Argobuccinum spp.),6,KILOGRAMO NETO,KN,true
03079944,Caracol locate (Thais chocolata),Caracol locate (Thais chocolata),6,KILOGRAMO NETO,KN,true
03079949,Los demás,Los demás,6,KILOGRAMO NETO,KN,true
03079950,Lapas (Fissurella spp.),Lapas (Fissurella spp.),6,KILOGRAMO NETO,KN,true
03079961,Congeladas,Congeladas,6,KILOGRAMO NETO,KN,true
03079969,Las demás,Las demás,6,KILOGRAMO NETO,KN,true
03079970,Tumbao (Semele solida),Tumbao (Semele solida),6,KILOGRAMO NETO,KN,true
03079981,"Abalón rojo (Haliotis rufescens), congelado","Abalón rojo (Haliotis rufescens), congelado",6,KILOGRAMO NETO,KN,true
03079982,"Abalón japonés o verde (Haliotis discus hannai), congelado","Abalón japonés o verde (Haliotis discus hannai), congelado",6,KILOGRAMO NETO,KN,true
03079989,Los demás,Los demás,6,KILOGRAMO NETO,KN,true
03079991,"Jibias (Dosidicus gigas) en láminas, congelada","Jibias (Dosidicus gigas) en láminas, congelada",6,KILOGRAMO NETO,KN,true
03079999,Los demás,Los demás,6,KILOGRAMO NETO,KN,true
04011000,Con un contenido de materias grasas inferior o igual al 1 % en peso,Con un contenido de materias grasas inferior o igual al 1 % en peso,6,KILOGRAMO NETO,KN,true
04012000,"Con un contenido de materias grasas superior al 1 % pero inferior o igual al 6 %, en peso","Con un contenido de materias grasas superior al 1 % pero inferior o igual al 6 %, en peso",6,KILOGRAMO NETO,KN,true
04013010,"Con un contenido de materias grasas superior al 6 % pero inferior al 12 %, en peso","Con un contenido de materias grasas superior al 6 % pero inferior al 12 %, en peso",6,KILOGRAMO NETO,KN,true
04013020,Con un contenido de materias grasas igual al 12 % en peso,Con un contenido de materias grasas igual al 12 % en peso,6,KILOGRAMO NETO,KN,true
04013030,"Con un contenido de materias grasas superior al 12 % pero inferior al 26 %, en peso","Con un contenido de materias grasas superior al 12 % pero inferior al 26 %, en peso",6,KILOGRAMO NETO,KN,true
04013040,Con un contenido de materias grasas igual al 26 % en peso,Con un contenido de materias grasas igual al 26 % en peso,6,KILOGRAMO NETO,KN,true
04013090,Las demás,Las demás,6,KILOGRAMO NETO,KN,true
04021000,"En polvo, gránulos o demás formas sólidas, con un contenido de materias grasas inferior o igual al 1","En polvo, gránulos o demás formas sólidas, con un contenido de materias grasas inferior o igual al 1,5 % en peso",6,KILOGRAMO NETO,KN,true
04022111,"Con un contenido de materias grasas superior a 1,5 % pero inferior al 6 % en peso","Con un contenido de materias grasas superior a 1,5 % pero inferior al 6 % en peso",6,KILOGRAMO NETO,KN,true
04022112,Con un contenido de materias grasas superior o igual al 6 % pero inferior al 12 % en peso,Con un contenido de materias grasas superior o igual al 6 % pero inferior al 12 % en peso,6,KILOGRAMO NETO,KN,true
04022113,Con un contenido de materias grasas igual al 12 % en peso,Con un contenido de materias grasas igual al 12 % en peso,6,KILOGRAMO NETO,KN,true
04022114,Con un contenido de materias grasas superior al 12 % pero inferior al 18 % en peso,Con un contenido de materias grasas superior al 12 % pero inferior al 18 % en peso,6,KILOGRAMO NETO,KN,true
04022115,Con un contenido de materias grasas igual al 18 % en peso,Con un contenido de materias grasas igual al 18 % en peso,6,KILOGRAMO NETO,KN,true
04022116,Con un contenido de materias grasas superior al 18 % pero inferior al 24 % en peso,Con un contenido de materias grasas superior al 18 % pero inferior al 24 % en peso,6,KILOGRAMO NETO,KN,true
04022117,Con un contenido de materias grasas superior o igual al 24 % pero inferior al 26 % en peso,Con un contenido de materias grasas superior o igual al 24 % pero inferior al 26 % en peso,6,KILOGRAMO NETO,KN,true
04022118,Con un contenido de materias grasas superior o igual al 26 % en peso,Con un contenido de materias grasas superior o igual al 26 % en peso,6,KILOGRAMO NETO,KN,true
04022120,Nata,Nata,6,KILOGRAMO NETO,KN,true
04022911,"Con un contenido de materias grasas superior al 1,5 % pero inferior al 6 % en peso","Con un contenido de materias grasas superior al 1,5 % pero inferior al 6 % en peso",6,KILOGRAMO NETO,KN,true
04022912,Con un contenido de materias grasas superior o igual al 6 % pero inferior al 12 % en peso,Con un contenido de materias grasas superior o igual al 6 % pero inferior al 12 % en peso,6,KILOGRAMO NETO,KN,true
04022913,Con un contenido de materias grasas igual al 12 % en peso,Con un contenido de materias grasas igual al 12 % en peso,6,KILOGRAMO NETO,KN,true
04022914,Con un contenido materias grasas superior al 12 % pero inferior al 18 % en peso,Con un contenido materias grasas superior al 12 % pero inferior al 18 % en peso,6,KILOGRAMO NETO,KN,true
04022915,Con un contenido de materias grasas igual al 18 % en peso,Con un contenido de materias grasas igual al 18 % en peso,6,KILOGRAMO NETO,KN,true
04022916,Con un contenido de materias grasas superior al 18 % pero inferior al 24 % en peso,Con un contenido de materias grasas superior al 18 % pero inferior al 24 % en peso,6,KILOGRAMO NETO,KN,true
04022917,Con un contenido de materias grasas superior o igual al 24% pero inferior al 26 % en peso,Con un contenido de materias grasas superior o igual al 24% pero inferior al 26 % en peso,6,KILOGRAMO NETO,KN,true
04022918,Con un contenido de materias grasas superior o igual al 26 % en peso,Con un contenido de materias grasas superior o igual al 26 % en peso,6,KILOGRAMO NETO,KN,true
04022920,Nata,Nata,6,KILOGRAMO NETO,KN,true
04029110,Leche en estado líquido o semi sólido,Leche en estado líquido o semi sólido,6,KILOGRAMO NETO,KN,true
04029120,Nata,Nata,6,KILOGRAMO NETO,KN,true
04029910,Leche condensada,Leche condensada,6,KILOGRAMO NETO,KN,true
04029990,Las demás,Las demás,6,KILOGRAMO NETO,KN,true
04031010,Con frutas,Con frutas,6,KILOGRAMO NETO,KN,true
04031020,Con cereales,Con cereales,6,KILOGRAMO NETO,KN,true
04031090,Los demás,Los demás,6,KILOGRAMO NETO,KN,true
04039000,Los demás,Los demás,6,KILOGRAMO NETO,KN,true
04041000,"Lactosuero, aunque esté modificado, incluso concentrado o con adición de azúcar u otro edulcorante","Lactosuero, aunque esté modificado, incluso concentrado o con adición de azúcar u otro edulcorante",6,KILOGRAMO NETO,KN,true
04049000,Los demás,Los demás,6,KILOGRAMO NETO,KN,true
04051000,Mantequilla (manteca)*,Mantequilla (manteca)*,6,KILOGRAMO NETO,KN,true
04052000,Pastas lácteas para untar,Pastas lácteas para untar,6,KILOGRAMO NETO,KN,true
04059000,Las demás,Las demás,6,KILOGRAMO NETO,KN,true
04061010,Queso fresco,Queso fresco,6,KILOGRAMO NETO,KN,true
04061020,Queso de crema,Queso de crema,6,KILOGRAMO NETO,KN,true
04061030,Mozarella,Mozarella,6,KILOGRAMO NETO,KN,true
04061090,Los demás,Los demás,6,KILOGRAMO NETO,KN,true
04062000,"Queso de cualquier tipo, rallado o en polvo","Queso de cualquier tipo, rallado o en polvo",6,KILOGRAMO NETO,KN,true
04063000,"Queso fundido, excepto el rallado o en polvo","Queso fundido, excepto el rallado o en polvo",6,KILOGRAMO NETO,KN,true
04064000,Queso de pasta azul y demás quesos que presenten vetas producidas por Penicillium roqueforti,Queso de pasta azul y demás quesos que presenten vetas producidas por Penicillium roqueforti,6,KILOGRAMO NETO,KN,true
04069010,Gouda y del tipo gouda,Gouda y del tipo gouda,6,KILOGRAMO NETO,KN,true
04069020,Cheddar y del tipo cheddar,Cheddar y del tipo cheddar,6,KILOGRAMO NETO,KN,true
04069030,Edam y del tipo edam,Edam y del tipo edam,6,KILOGRAMO NETO,KN,true
04069040,Parmesano y del tipo parmesano,Parmesano y del tipo parmesano,6,KILOGRAMO NETO,KN,true
04069090,Los demás,Los demás,6,KILOGRAMO NETO,KN,true
04070010,Para consumo,Para consumo,6,KILOGRAMO NETO,KN,true
04070090,Los demás,Los demás,6,KILOGRAMO NETO,KN,true
04081100,Secas,Secas,6,KILOGRAMO NETO,KN,true
04081900,Las demás,Las demás,6,KILOGRAMO NETO,KN,true
04089100,Secos,Secos,6,KILOGRAMO NETO,KN,true
04089900,Los demás,Los demás,6,KILOGRAMO NETO,KN,true
04090000,Miel natural.,Miel natural.,6,KILOGRAMO NETO,KN,true
04100000,Productos comestibles de origen animal no expresados ni comprendidos en otra parte.,Productos comestibles de origen animal no expresados ni comprendidos en otra parte.,6,KILOGRAMO NETO,KN,true
05010000,"Cabello en bruto, incluso lavado o desgrasado; desperdicios de cabello.","Cabello en bruto, incluso lavado o desgrasado; desperdicios de cabello.",6,KILOGRAMO NETO,KN,true
05021000,Cerdas de cerdo o de jabalí y sus desperdicios,Cerdas de cerdo o de jabalí y sus desperdicios,6,KILOGRAMO NETO,KN,true
05029000,Los demás,Los demás,6,KILOGRAMO NETO,KN,true
05040010,Tripas saladas o en salmuera,Tripas saladas o en salmuera,6,KILOGRAMO NETO,KN,true
05040020,Estómagos congelados,Estómagos congelados,6,KILOGRAMO NETO,KN,true
05040090,Los demás,Los demás,6,KILOGRAMO NETO,KN,true
05051000,Plumas de las utilizadas para relleno; plumón,Plumas de las utilizadas para relleno; plumón,6,KILOGRAMO NETO,KN,true
05059000,Los demás,Los demás,6,KILOGRAMO NETO,KN,true
05061000,Oseína y huesos acidulados,Oseína y huesos acidulados,6,KILOGRAMO NETO,KN,true
05069000,Los demás,Los demás,6,KILOGRAMO NETO,KN,true
05071000,Marfil; polvo y desperdicios de marfil,Marfil; polvo y desperdicios de marfil,6,KILOGRAMO NETO,KN,true
05079000,Los demás,Los demás,6,KILOGRAMO NETO,KN,true
05080010,"Harina, polvo y «pellets» de caparazón de crustáceos, aptos para la alimentación de los animales","Harina, polvo y «pellets» de caparazón de crustáceos, aptos para la alimentación de los animales",6,KILOGRAMO NETO,KN,true
05080090,Los demás,Los demás,6,KILOGRAMO NETO,KN,true
05100000,"Ámbar gris, castóreo, algalia y almizcle; cantáridas; bilis, incluso desecada; glándulas y demás sus","Ámbar gris, castóreo, algalia y almizcle; cantáridas; bilis, incluso desecada; glándulas y demás sustancias de origen animal utilizadas para la preparación de productos farmacéuticos, frescas, refrige",6,KILOGRAMO NETO,KN,true
05111000,Semen de bovino,Semen de bovino,6,KILOGRAMO NETO,KN,true
05119111,"De salmones del Pacífico, del Atlántico y del Danubio, para la reproducción","De salmones del Pacífico, del Atlántico y del Danubio, para la reproducción",6,KILOGRAMO NETO,KN,true
05119112,"De truchas, para la reproducción","De truchas, para la reproducción",6,KILOGRAMO NETO,KN,true
05119119,Las demás,Las demás,6,KILOGRAMO NETO,KN,true
05119190,Los demás,Los demás,6,KILOGRAMO NETO,KN,true
05119910,Semen de otros animales,Semen de otros animales,6,KILOGRAMO NETO,KN,true
05119920,Cochinilla del carmín,Cochinilla del carmín,6,KILOGRAMO NETO,KN,true
05119930,Despojos de animales,Despojos de animales,6,KILOGRAMO NETO,KN,true
05119990,Los demás,Los demás,6,KILOGRAMO NETO,KN,true
06011011,De lilium,De lilium,6,KILOGRAMO NETO,KN,true
06011012,De tulipán,De tulipán,6,KILOGRAMO NETO,KN,true
06011013,De cala,De cala,6,KILOGRAMO NETO,KN,true
06011019,Los demás,Los demás,6,KILOGRAMO NETO,KN,true
06011090,Los demás,Los demás,6,KILOGRAMO NETO,KN,true
06012011,De lilium,De lilium,6,KILOGRAMO NETO,KN,true
06012012,De tulipán,De tulipán,6,KILOGRAMO NETO,KN,true
06012013,De cala,De cala,6,KILOGRAMO NETO,KN,true
06012019,Los demás,Los demás,6,KILOGRAMO NETO,KN,true
06012090,Los demás,Los demás,6,KILOGRAMO NETO,KN,true
06021000,Esquejes sin enraizar e injertos,Esquejes sin enraizar e injertos,10,UNIDAD,U,true
06022000,"Árboles, arbustos y matas, de frutas o de otros frutos comestibles, incluso injertados","Árboles, arbustos y matas, de frutas o de otros frutos comestibles, incluso injertados",10,UNIDAD,U,true
06023000,"Rododendros y azaleas, incluso injertados","Rododendros y azaleas, incluso injertados",10,UNIDAD,U,true
06024000,"Rosales, incluso injertados","Rosales, incluso injertados",10,UNIDAD,U,true
06029000,Los demás,Los demás,6,KILOGRAMO NETO,KN,true
06031100,Rosas,Rosas,6,KILOGRAMO NETO,KN,true
06031200,Claveles,Claveles,6,KILOGRAMO NETO,KN,true
06031300,Orquídeas,Orquídeas,6,KILOGRAMO NETO,KN,true
06031400,Crisantemos,Crisantemos,6,KILOGRAMO NETO,KN,true
06031910,Lilium (Lilium spp.),Lilium (Lilium spp.),6,KILOGRAMO NETO,KN,true
06031920,Tulipán (Tulipa spp.),Tulipán (Tulipa spp.),6,KILOGRAMO NETO,KN,true
06031930,Peonía (Paeonia spp.),Peonía (Paeonia spp.),6,KILOGRAMO NETO,KN,true
06031940,Liatris (Liatris spp.),Liatris (Liatris spp.),6,KILOGRAMO NETO,KN,true
06031950,Limonium (Limonium spp.),Limonium (Limonium spp.),6,KILOGRAMO NETO,KN,true
06031960,Calas (Zantedeschia spp.),Calas (Zantedeschia spp.),6,KILOGRAMO NETO,KN,true
06031990,Los demás,Los demás,6,KILOGRAMO NETO,KN,true
06039000,Los demás,Los demás,6,KILOGRAMO NETO,KN,true
06041000,Musgos y líquenes,Musgos y líquenes,6,KILOGRAMO NETO,KN,true
06049100,Frescos,Frescos,6,KILOGRAMO NETO,KN,true
06049900,Los demás,Los demás,6,KILOGRAMO NETO,KN,true
07011000,Para siembra,Para siembra,6,KILOGRAMO NETO,KN,true
07019000,Las demás,Las demás,6,KILOGRAMO NETO,KN,true
07020000,Tomates frescos o refrigerados.,Tomates frescos o refrigerados.,6,KILOGRAMO NETO,KN,true
07031010,Cebollas,Cebollas,6,KILOGRAMO NETO,KN,true
07031020,Chalotes,Chalotes,6,KILOGRAMO NETO,KN,true
07032000,Ajos,Ajos,6,KILOGRAMO NETO,KN,true
07039000,Puerros y demás hortalizas aliáceas,Puerros y demás hortalizas aliáceas,6,KILOGRAMO NETO,KN,true
07041000,Coliflores y brécoles («broccoli»),Coliflores y brécoles («broccoli»),6,KILOGRAMO NETO,KN,true
07042000,Coles (repollitos) de Bruselas,Coles (repollitos) de Bruselas,6,KILOGRAMO NETO,KN,true
07049000,Los demás,Los demás,6,KILOGRAMO NETO,KN,true
07051100,Repolladas,Repolladas,6,KILOGRAMO NETO,KN,true
07051900,Las demás,Las demás,6,KILOGRAMO NETO,KN,true
07052100,Endibia «witloof» (Cichorium intybus var. foliosum),Endibia «witloof» (Cichorium intybus var. foliosum),6,KILOGRAMO NETO,KN,true
07052910,Radicchios (Cichorium spp.),Radicchios (Cichorium spp.),6,KILOGRAMO NETO,KN,true
07052920,Achicorias (Cichorium endivia),Achicorias (Cichorium endivia),6,KILOGRAMO NETO,KN,true
07052990,Las demás,Las demás,6,KILOGRAMO NETO,KN,true
07061000,Zanahorias y nabos,Zanahorias y nabos,6,KILOGRAMO NETO,KN,true
07069000,Los demás,Los demás,6,KILOGRAMO NETO,KN,true
07070000,"Pepinos y pepinillos, frescos o refrigerados.","Pepinos y pepinillos, frescos o refrigerados.",6,KILOGRAMO NETO,KN,true
07081000,"Arvejas (guisantes, chícharos)* (Pisum sativum)","Arvejas (guisantes, chícharos)* (Pisum sativum)",6,KILOGRAMO NETO,KN,true
07082000,"Porotos (judías, alubias, frijoles, fréjoles)* (Vigna spp., Phaseolus spp.)","Porotos (judías, alubias, frijoles, fréjoles)* (Vigna spp., Phaseolus spp.)",6,KILOGRAMO NETO,KN,true
07089000,Las demás,Las demás,6,KILOGRAMO NETO,KN,true
07092000,Espárragos,Espárragos,6,KILOGRAMO NETO,KN,true
07093000,Berenjenas,Berenjenas,6,KILOGRAMO NETO,KN,true
07094000,"Apio, excepto el apionabo","Apio, excepto el apionabo",6,KILOGRAMO NETO,KN,true
07095100,Hongos del género Agaricus,Hongos del género Agaricus,6,KILOGRAMO NETO,KN,true
07095900,Los demás,Los demás,6,KILOGRAMO NETO,KN,true
07096010,Pimiento,Pimiento,6,KILOGRAMO NETO,KN,true
07096020,Ají,Ají,6,KILOGRAMO NETO,KN,true
07096090,Los demás,Los demás,6,KILOGRAMO NETO,KN,true
07097000,Espinacas (incluida la de Nueva Zelanda) y armuelles,Espinacas (incluida la de Nueva Zelanda) y armuelles,6,KILOGRAMO NETO,KN,true
07099000,Las demás,Las demás,6,KILOGRAMO NETO,KN,true
07101000,Papas (patatas)*,Papas (patatas)*,6,KILOGRAMO NETO,KN,true
07102100,"Arvejas (guisantes, chícharos)* (Pisum sativum)","Arvejas (guisantes, chícharos)* (Pisum sativum)",6,KILOGRAMO NETO,KN,true
07102200,"Porotos (judías, alubias, frijoles, fréjoles)* (Vigna spp. Phaseolus spp.)","Porotos (judías, alubias, frijoles, fréjoles)* (Vigna spp. Phaseolus spp.)",6,KILOGRAMO NETO,KN,true
07102910,Habas (Vicia faba),Habas (Vicia faba),6,KILOGRAMO NETO,KN,true
07102990,Las demás,Las demás,6,KILOGRAMO NETO,KN,true
07103000,Espinacas (incluida la de Nueva Zelanda) y armuelles,Espinacas (incluida la de Nueva Zelanda) y armuelles,6,KILOGRAMO NETO,KN,true
07104000,Maíz dulce,Maíz dulce,6,KILOGRAMO NETO,KN,true
07108010,Coliflor (Brassica oleracea var.Botrytis L.),Coliflor (Brassica oleracea var.Botrytis L.),6,KILOGRAMO NETO,KN,true
07108020,"Brécoles (brócoli, «broccoli») (Brassica oleracea var.Botrytis L. Var. Symosa)","Brécoles (brócoli, «broccoli») (Brassica oleracea var.Botrytis L. Var. Symosa)",6,KILOGRAMO NETO,KN,true
07108030,Setas y demás hongos,Setas y demás hongos,6,KILOGRAMO NETO,KN,true
07108040,Espárragos,Espárragos,6,KILOGRAMO NETO,KN,true
07108090,Las demás,Las demás,6,KILOGRAMO NETO,KN,true
07109000,Mezclas de hortalizas,Mezclas de hortalizas,6,KILOGRAMO NETO,KN,true
07112010,En salmuera,En salmuera,6,KILOGRAMO NETO,KN,true
07112090,Las demás,Las demás,6,KILOGRAMO NETO,KN,true
07114010,En salmuera,En salmuera,6,KILOGRAMO NETO,KN,true
07114090,Los demás,Los demás,6,KILOGRAMO NETO,KN,true
07115100,Hongos del género Agaricus,Hongos del género Agaricus,6,KILOGRAMO NETO,KN,true
07115900,Los demás,Los demás,6,KILOGRAMO NETO,KN,true
07119000,Las demás hortalizas; mezclas de hortalizas,Las demás hortalizas; mezclas de hortalizas,6,KILOGRAMO NETO,KN,true
07122000,Cebollas,Cebollas,6,KILOGRAMO NETO,KN,true
07123110,Enteros,Enteros,6,KILOGRAMO NETO,KN,true
07123120,En trozos,En trozos,6,KILOGRAMO NETO,KN,true
07123190,Los demás,Los demás,6,KILOGRAMO NETO,KN,true
07123210,Enteros,Enteros,6,KILOGRAMO NETO,KN,true
07123220,En trozos,En trozos,6,KILOGRAMO NETO,KN,true
07123290,Los demás,Los demás,6,KILOGRAMO NETO,KN,true
07123310,Enteros,Enteros,6,KILOGRAMO NETO,KN,true
07123320,En trozos,En trozos,6,KILOGRAMO NETO,KN,true
07123390,Los demás,Los demás,6,KILOGRAMO NETO,KN,true
07123910,Enteros,Enteros,6,KILOGRAMO NETO,KN,true
07123920,En trozos,En trozos,6,KILOGRAMO NETO,KN,true
07123990,Los demás,Los demás,6,KILOGRAMO NETO,KN,true
07129010,Puerros,Puerros,6,KILOGRAMO NETO,KN,true
07129020,Ají (Capsicum frutescens),Ají (Capsicum frutescens),6,KILOGRAMO NETO,KN,true
07129030,Tomates,Tomates,6,KILOGRAMO NETO,KN,true
07129040,Apio,Apio,6,KILOGRAMO NETO,KN,true
07129050,Ajo,Ajo,6,KILOGRAMO NETO,KN,true
07129090,Las demás,Las demás,6,KILOGRAMO NETO,KN,true
07131000,"Arvejas, (guisantes, chícharos)* (Pisum sativum)","Arvejas, (guisantes, chícharos)* (Pisum sativum)",6,KILOGRAMO NETO,KN,true
07132000,Garbanzos,Garbanzos,6,KILOGRAMO NETO,KN,true
07133110,Para siembra,Para siembra,6,KILOGRAMO NETO,KN,true
07133190,Las demás,Las demás,6,KILOGRAMO NETO,KN,true
07133210,Para siembra,Para siembra,6,KILOGRAMO NETO,KN,true
07133290,Las demás,Las demás,6,KILOGRAMO NETO,KN,true
07133310,Para siembra,Para siembra,6,KILOGRAMO NETO,KN,true
07133390,Las demás,Las demás,6,KILOGRAMO NETO,KN,true
07133910,Para siembra,Para siembra,6,KILOGRAMO NETO,KN,true
07133990,Las demás,Las demás,6,KILOGRAMO NETO,KN,true
07134000,Lentejas,Lentejas,6,KILOGRAMO NETO,KN,true
07135000,"Habas (Vicia faba var. major), haba caballar (Vicia faba var. equina) y haba menor (Vicia faba var.","Habas (Vicia faba var. major), haba caballar (Vicia faba var. equina) y haba menor (Vicia faba var. minor)",6,KILOGRAMO NETO,KN,true
07139000,Las demás,Las demás,6,KILOGRAMO NETO,KN,true
07141000,Raíces de mandioca (yuca)*,Raíces de mandioca (yuca)*,6,KILOGRAMO NETO,KN,true
07142000,"Camotes (boniatos, batatas)*","Camotes (boniatos, batatas)*",6,KILOGRAMO NETO,KN,true
07149000,Los demás,Los demás,6,KILOGRAMO NETO,KN,true
08011100,Secos,Secos,6,KILOGRAMO NETO,KN,true
08011900,Los demás,Los demás,6,KILOGRAMO NETO,KN,true
08012100,Con cáscara,Con cáscara,6,KILOGRAMO NETO,KN,true
08012200,Sin cáscara,Sin cáscara,6,KILOGRAMO NETO,KN,true
08013100,Con cáscara,Con cáscara,6,KILOGRAMO NETO,KN,true
08013200,Sin cáscara,Sin cáscara,6,KILOGRAMO NETO,KN,true
08021100,Con cáscara,Con cáscara,6,KILOGRAMO NETO,KN,true
08021210,Enteras,Enteras,6,KILOGRAMO NETO,KN,true
08021290,Las demás,Las demás,6,KILOGRAMO NETO,KN,true
08022100,Con cáscara,Con cáscara,6,KILOGRAMO NETO,KN,true
08022200,Sin cáscara,Sin cáscara,6,KILOGRAMO NETO,KN,true
08023100,Con cáscara,Con cáscara,6,KILOGRAMO NETO,KN,true
08023210,Enteras,Enteras,6,KILOGRAMO NETO,KN,true
08023290,Las demás,Las demás,6,KILOGRAMO NETO,KN,true
08024000,Castañas (Castanea spp.),Castañas (Castanea spp.),6,KILOGRAMO NETO,KN,true
08025000,Pistachos,Pistachos,6,KILOGRAMO NETO,KN,true
08026000,Nueces de macadamia,Nueces de macadamia,6,KILOGRAMO NETO,KN,true
08029000,Los demás,Los demás,6,KILOGRAMO NETO,KN,true
08030000,"Bananas o plátanos, frescos o secos.","Bananas o plátanos, frescos o secos.",6,KILOGRAMO NETO,KN,true
08041000,Dátiles,Dátiles,6,KILOGRAMO NETO,KN,true
08042000,Higos,Higos,6,KILOGRAMO NETO,KN,true
08043000,Piñas (ananás),Piñas (ananás),6,KILOGRAMO NETO,KN,true
08044010,Variedad Hass,Variedad Hass,6,KILOGRAMO NETO,KN,true
08044020,Variedad Fuerte,Variedad Fuerte,6,KILOGRAMO NETO,KN,true
08044090,Las demás,Las demás,6,KILOGRAMO NETO,KN,true
08045000,"Guayabas, mangos y mangostanes","Guayabas, mangos y mangostanes",6,KILOGRAMO NETO,KN,true
08051000,Naranjas,Naranjas,6,KILOGRAMO NETO,KN,true
08052010,Mandarinas,Mandarinas,6,KILOGRAMO NETO,KN,true
08052020,Clementinas,Clementinas,6,KILOGRAMO NETO,KN,true
08052090,Las demás,Las demás,6,KILOGRAMO NETO,KN,true
08054000,Toronjas o pomelos,Toronjas o pomelos,6,KILOGRAMO NETO,KN,true
08055010,"Limones (Citrus limon, Citrus limonum)","Limones (Citrus limon, Citrus limonum)",6,KILOGRAMO NETO,KN,true
08055020,Lima agria (Citrus aurantifolia),Lima agria (Citrus aurantifolia),6,KILOGRAMO NETO,KN,true
08055090,Las demás,Las demás,6,KILOGRAMO NETO,KN,true
08059000,Los demás,Los demás,6,KILOGRAMO NETO,KN,true
08061010,Variedad Thompson seedless (Sultanina),Variedad Thompson seedless (Sultanina),6,KILOGRAMO NETO,KN,true
08061020,Variedad Flame seedless,Variedad Flame seedless,6,KILOGRAMO NETO,KN,true
08061030,Variedad Red globe,Variedad Red globe,6,KILOGRAMO NETO,KN,true
08061040,Variedad Ribier,Variedad Ribier,6,KILOGRAMO NETO,KN,true
08061050,Variedad Crimson seedless,Variedad Crimson seedless,6,KILOGRAMO NETO,KN,true
08061060,Variedad Black seedless,Variedad Black seedless,6,KILOGRAMO NETO,KN,true
08061070,Variedad Sugraone,Variedad Sugraone,6,KILOGRAMO NETO,KN,true
08061080,Variedad Ruby seedless,Variedad Ruby seedless,6,KILOGRAMO NETO,KN,true
08061090,Las demás,Las demás,6,KILOGRAMO NETO,KN,true
08062010,Morenas,Morenas,6,KILOGRAMO NETO,KN,true
08062090,Las demás,Las demás,6,KILOGRAMO NETO,KN,true
08071100,Sandías,Sandías,6,KILOGRAMO NETO,KN,true
08071900,Los demás,Los demás,6,KILOGRAMO NETO,KN,true
08072000,Papayas,Papayas,6,KILOGRAMO NETO,KN,true
08081010,Variedad Richared delicious,Variedad Richared delicious,6,KILOGRAMO NETO,KN,true
08081020,Variedad Royal gala,Variedad Royal gala,6,KILOGRAMO NETO,KN,true
08081030,Variedad Red starking,Variedad Red starking,6,KILOGRAMO NETO,KN,true
08081040,Variedad Fuji,Variedad Fuji,6,KILOGRAMO NETO,KN,true
08081050,Variedad Braeburn,Variedad Braeburn,6,KILOGRAMO NETO,KN,true
08081060,Variedad Granny smith,Variedad Granny smith,6,KILOGRAMO NETO,KN,true
08081070,Variedad Red chief,Variedad Red chief,6,KILOGRAMO NETO,KN,true
08081090,Las demás,Las demás,6,KILOGRAMO NETO,KN,true
08082011,Variedad Packham's triumph,Variedad Packham's triumph,6,KILOGRAMO NETO,KN,true
08082013,Variedad Asiáticas,Variedad Asiáticas,6,KILOGRAMO NETO,KN,true
08082014,Variedad Abate fetel,Variedad Abate fetel,6,KILOGRAMO NETO,KN,true
08082015,Variedad Bartlett,Variedad Bartlett,6,KILOGRAMO NETO,KN,true
08082016,Variedad Beurre bosc,Variedad Beurre bosc,6,KILOGRAMO NETO,KN,true
08082017,Variedad Coscia,Variedad Coscia,6,KILOGRAMO NETO,KN,true
08082018,Variedad D'Anjou,Variedad D'Anjou,6,KILOGRAMO NETO,KN,true
08082019,Las demás,Las demás,6,KILOGRAMO NETO,KN,true
08082020,Membrillos,Membrillos,6,KILOGRAMO NETO,KN,true
08091000,"Damascos (albaricoques, chabacanos)*","Damascos (albaricoques, chabacanos)*",6,KILOGRAMO NETO,KN,true
08092000,Cerezas,Cerezas,6,KILOGRAMO NETO,KN,true
08093010,Nectarines,Nectarines,6,KILOGRAMO NETO,KN,true
08093020,Duraznos (melocotones)*,Duraznos (melocotones)*,6,KILOGRAMO NETO,KN,true
08093090,Los demás,Los demás,6,KILOGRAMO NETO,KN,true
08094010,Ciruelas,Ciruelas,6,KILOGRAMO NETO,KN,true
08094020,Endrinas,Endrinas,6,KILOGRAMO NETO,KN,true
08101000,Frutillas (fresas)*,Frutillas (fresas)*,6,KILOGRAMO NETO,KN,true
08102010,Moras,Moras,6,KILOGRAMO NETO,KN,true
08102020,Frambuesas,Frambuesas,6,KILOGRAMO NETO,KN,true
08102090,Las demás,Las demás,6,KILOGRAMO NETO,KN,true
08104010,Arándanos rojos,Arándanos rojos,6,KILOGRAMO NETO,KN,true
08104020,Arándanos azules o blueberry,Arándanos azules o blueberry,6,KILOGRAMO NETO,KN,true
08104090,Los demás,Los demás,6,KILOGRAMO NETO,KN,true
08105000,Kiwis,Kiwis,6,KILOGRAMO NETO,KN,true
08106000,Duriones,Duriones,6,KILOGRAMO NETO,KN,true
08109010,Caquis,Caquis,6,KILOGRAMO NETO,KN,true
08109020,Chirimoyas,Chirimoyas,6,KILOGRAMO NETO,KN,true
08109030,Pepinos dulces,Pepinos dulces,6,KILOGRAMO NETO,KN,true
08109040,Nísperos,Nísperos,6,KILOGRAMO NETO,KN,true
08109050,Plumcots,Plumcots,6,KILOGRAMO NETO,KN,true
08109090,Los demás,Los demás,6,KILOGRAMO NETO,KN,true
08111000,Frutillas (fresas)*,Frutillas (fresas)*,6,KILOGRAMO NETO,KN,true
08112010,Moras,Moras,6,KILOGRAMO NETO,KN,true
08112020,Frambuesas,Frambuesas,6,KILOGRAMO NETO,KN,true
08112090,Los demás,Los demás,6,KILOGRAMO NETO,KN,true
08119010,Arándanos,Arándanos,6,KILOGRAMO NETO,KN,true
08119020,"Damascos (albaricoques, chabacanos)*","Damascos (albaricoques, chabacanos)*",6,KILOGRAMO NETO,KN,true
08119030,Duraznos (melocotones)*,Duraznos (melocotones)*,6,KILOGRAMO NETO,KN,true
08119040,Kiwis,Kiwis,6,KILOGRAMO NETO,KN,true
08119050,Manzanas,Manzanas,6,KILOGRAMO NETO,KN,true
08119060,Uvas,Uvas,6,KILOGRAMO NETO,KN,true
08119090,Las demás,Las demás,6,KILOGRAMO NETO,KN,true
08121000,Cerezas,Cerezas,6,KILOGRAMO NETO,KN,true
08129010,Duraznos (melocotones)*,Duraznos (melocotones)*,6,KILOGRAMO NETO,KN,true
08129090,Los demás,Los demás,6,KILOGRAMO NETO,KN,true
08131000,"Damascos (albaricoques, chabacanos)*","Damascos (albaricoques, chabacanos)*",6,KILOGRAMO NETO,KN,true
08132000,Ciruelas,Ciruelas,6,KILOGRAMO NETO,KN,true
08133000,Manzanas,Manzanas,6,KILOGRAMO NETO,KN,true
08134010,Duraznos (melocotones)*,Duraznos (melocotones)*,6,KILOGRAMO NETO,KN,true
08134020,Mosqueta,Mosqueta,6,KILOGRAMO NETO,KN,true
08134090,Los demás,Los demás,6,KILOGRAMO NETO,KN,true
08135000,"Mezclas de frutas u otros frutos, secos, o de frutos de cáscara de este Capítulo","Mezclas de frutas u otros frutos, secos, o de frutos de cáscara de este Capítulo",6,KILOGRAMO NETO,KN,true
08140000,"Cortezas de agrios (cítricos), melones o sandías, frescas, congeladas, secas o presentadas en agua s","Cortezas de agrios (cítricos), melones o sandías, frescas, congeladas, secas o presentadas en agua salada,sulfurosa o adicionada de otras sustancias para su conservación provisional.",6,KILOGRAMO NETO,KN,true
09011100,Sin descafeinar,Sin descafeinar,6,KILOGRAMO NETO,KN,true
09011200,Descafeinado,Descafeinado,6,KILOGRAMO NETO,KN,true
09012100,Sin descafeinar,Sin descafeinar,6,KILOGRAMO NETO,KN,true
09012200,Descafeinado,Descafeinado,6,KILOGRAMO NETO,KN,true
09019000,Los demás,Los demás,6,KILOGRAMO NETO,KN,true
09021000,Té verde (sin fermentar) presentado en envases inmediatos con un contenido inferior o igual a 3 kg,Té verde (sin fermentar) presentado en envases inmediatos con un contenido inferior o igual a 3 kg,6,KILOGRAMO NETO,KN,true
09022000,Té verde (sin fermentar) presentado de otra forma,Té verde (sin fermentar) presentado de otra forma,6,KILOGRAMO NETO,KN,true
09023000,"Té negro (fermentado) y té parcialmente fermentado, presentados en envases inmediatos con un conteni","Té negro (fermentado) y té parcialmente fermentado, presentados en envases inmediatos con un contenido inferior o igual B1173a 3 kg",6,KILOGRAMO NETO,KN,true
09024000,"Té negro (fermentado) y té parcialmente fermentado, presentados de otra forma","Té negro (fermentado) y té parcialmente fermentado, presentados de otra forma",6,KILOGRAMO NETO,KN,true
09030000,Yerba mate.,Yerba mate.,6,KILOGRAMO NETO,KN,true
09041100,Sin triturar ni pulverizar,Sin triturar ni pulverizar,6,KILOGRAMO NETO,KN,true
09041200,Triturada o pulverizada,Triturada o pulverizada,6,KILOGRAMO NETO,KN,true
09042010,Pimentón,Pimentón,6,KILOGRAMO NETO,KN,true
09042020,Ají,Ají,6,KILOGRAMO NETO,KN,true
09042090,Los demás,Los demás,6,KILOGRAMO NETO,KN,true
09050000,Vainilla.,Vainilla.,6,KILOGRAMO NETO,KN,true
09061100,Canela (Cinnamomum zeylanicum Blume),Canela (Cinnamomum zeylanicum Blume),6,KILOGRAMO NETO,KN,true
09061900,Las demás,Las demás,6,KILOGRAMO NETO,KN,true
09062000,Trituradas o pulverizadas,Trituradas o pulverizadas,6,KILOGRAMO NETO,KN,true
09070000,"Clavo (frutos, clavillos y pedúnculos).","Clavo (frutos, clavillos y pedúnculos).",6,KILOGRAMO NETO,KN,true
09081000,Nuez moscada,Nuez moscada,6,KILOGRAMO NETO,KN,true
09082000,Macis,Macis,6,KILOGRAMO NETO,KN,true
09083000,Amomos y cardamomos,Amomos y cardamomos,6,KILOGRAMO NETO,KN,true
09091000,Semillas de anís o de badiana,Semillas de anís o de badiana,6,KILOGRAMO NETO,KN,true
09092000,Semillas de cilantro,Semillas de cilantro,6,KILOGRAMO NETO,KN,true
09093000,Semillas de comino,Semillas de comino,6,KILOGRAMO NETO,KN,true
09094000,Semillas de alcaravea,Semillas de alcaravea,6,KILOGRAMO NETO,KN,true
09095000,Semillas de hinojo; bayas de enebro,Semillas de hinojo; bayas de enebro,6,KILOGRAMO NETO,KN,true
09101000,Jengibre,Jengibre,6,KILOGRAMO NETO,KN,true
09102000,Azafrán,Azafrán,6,KILOGRAMO NETO,KN,true
09103000,Cúrcuma,Cúrcuma,6,KILOGRAMO NETO,KN,true
09109100,Mezclas previstas en la Nota 1 b) de este Capítulo,Mezclas previstas en la Nota 1 b) de este Capítulo,6,KILOGRAMO NETO,KN,true
09109900,Las demás,Las demás,6,KILOGRAMO NETO,KN,true
10011000,Trigo duro,Trigo duro,6,KILOGRAMO NETO,KN,true
10019000,Los demás,Los demás,6,KILOGRAMO NETO,KN,true
10020000,Centeno.,Centeno.,6,KILOGRAMO NETO,KN,true
10030000,Cebada.,Cebada.,6,KILOGRAMO NETO,KN,true
10040000,Avena.,Avena.,6,KILOGRAMO NETO,KN,true
10051010,Híbridos,Híbridos,6,KILOGRAMO NETO,KN,true
10051090,Los demás,Los demás,6,KILOGRAMO NETO,KN,true
10059000,Los demás,Los demás,6,KILOGRAMO NETO,KN,true
10061000,Arroz con cáscara (arroz «paddy»),Arroz con cáscara (arroz «paddy»),6,KILOGRAMO NETO,KN,true
10062000,Arroz descascarillado (arroz cargo o arroz pardo),Arroz descascarillado (arroz cargo o arroz pardo),6,KILOGRAMO NETO,KN,true
10063010,Con un contenido de grano partido inferior o igual al 5 % en peso,Con un contenido de grano partido inferior o igual al 5 % en peso,6,KILOGRAMO NETO,KN,true
10063020,Con un contenido de grano partido superior al 5 % pero inferior o igual al 15 % en peso,Con un contenido de grano partido superior al 5 % pero inferior o igual al 15 % en peso,6,KILOGRAMO NETO,KN,true
10063090,Los demás,Los demás,6,KILOGRAMO NETO,KN,true
10064000,Arroz partido,Arroz partido,6,KILOGRAMO NETO,KN,true
10070010,Para siembra,Para siembra,6,KILOGRAMO NETO,KN,true
10070090,Los demás,Los demás,6,KILOGRAMO NETO,KN,true
10081000,Alforfón,Alforfón,6,KILOGRAMO NETO,KN,true
10082000,Mijo,Mijo,6,KILOGRAMO NETO,KN,true
10083000,Alpiste,Alpiste,6,KILOGRAMO NETO,KN,true
10089000,Los demás cereales,Los demás cereales,6,KILOGRAMO NETO,KN,true
11010000,Harina de trigo o de morcajo (tranquillón).,Harina de trigo o de morcajo (tranquillón).,6,KILOGRAMO NETO,KN,true
11021000,Harina de centeno,Harina de centeno,6,KILOGRAMO NETO,KN,true
11022000,Harina de maíz,Harina de maíz,6,KILOGRAMO NETO,KN,true
11029000,Las demás,Las demás,6,KILOGRAMO NETO,KN,true
11031100,De trigo,De trigo,6,KILOGRAMO NETO,KN,true
11031300,De maíz,De maíz,6,KILOGRAMO NETO,KN,true
11031900,De los demás cereales,De los demás cereales,6,KILOGRAMO NETO,KN,true
11032000,«Pellets»,«Pellets»,6,KILOGRAMO NETO,KN,true
11041200,De avena,De avena,6,KILOGRAMO NETO,KN,true
11041900,De los demás cereales,De los demás cereales,6,KILOGRAMO NETO,KN,true
11042210,Mondados,Mondados,6,KILOGRAMO NETO,KN,true
11042290,Los demás,Los demás,6,KILOGRAMO NETO,KN,true
11042300,De maíz,De maíz,6,KILOGRAMO NETO,KN,true
11042900,De los demás cereales,De los demás cereales,6,KILOGRAMO NETO,KN,true
11043000,"Germen de cereales entero, aplastado, en copos o molido","Germen de cereales entero, aplastado, en copos o molido",6,KILOGRAMO NETO,KN,true
11051000,"Harina, sémola y polvo","Harina, sémola y polvo",6,KILOGRAMO NETO,KN,true
11052000,"Copos, gránulos y «pellets»","Copos, gránulos y «pellets»",6,KILOGRAMO NETO,KN,true
11061000,De las hortalizas de la partida 07.13,De las hortalizas de la partida 07.13,6,KILOGRAMO NETO,KN,true
11062000,De sagú o de las raíces o tubérculos de la partida 07.14,De sagú o de las raíces o tubérculos de la partida 07.14,6,KILOGRAMO NETO,KN,true
11063000,De los productos del Capítulo 8,De los productos del Capítulo 8,6,KILOGRAMO NETO,KN,true
11071000,Sin tostar,Sin tostar,6,KILOGRAMO NETO,KN,true
11072000,Tostada,Tostada,6,KILOGRAMO NETO,KN,true
11081100,Almidón de trigo,Almidón de trigo,6,KILOGRAMO NETO,KN,true
11081200,Almidón de maíz,Almidón de maíz,6,KILOGRAMO NETO,KN,true
11081300,Fécula de papa (patata)*,Fécula de papa (patata)*,6,KILOGRAMO NETO,KN,true
11081400,Fécula de mandioca (yuca)*,Fécula de mandioca (yuca)*,6,KILOGRAMO NETO,KN,true
11081900,Los demás almidones y féculas,Los demás almidones y féculas,6,KILOGRAMO NETO,KN,true
11082000,Inulina,Inulina,6,KILOGRAMO NETO,KN,true
11090000,"Gluten de trigo, incluso seco.","Gluten de trigo, incluso seco.",6,KILOGRAMO NETO,KN,true
12010010,Para la siembra,Para la siembra,6,KILOGRAMO NETO,KN,true
12010090,Las demás,Las demás,6,KILOGRAMO NETO,KN,true
12021010,Para la siembra,Para la siembra,6,KILOGRAMO NETO,KN,true
12021090,Las demás,Las demás,6,KILOGRAMO NETO,KN,true
12022000,"Sin cáscara, incluso quebrantados","Sin cáscara, incluso quebrantados",6,KILOGRAMO NETO,KN,true
12030000,Copra.,Copra.,6,KILOGRAMO NETO,KN,true
12040010,Para la siembra,Para la siembra,6,KILOGRAMO NETO,KN,true
12040090,Las demás,Las demás,6,KILOGRAMO NETO,KN,true
12051010,Para la siembra,Para la siembra,6,KILOGRAMO NETO,KN,true
12051090,Las demás,Las demás,6,KILOGRAMO NETO,KN,true
12059010,Para la siembra,Para la siembra,6,KILOGRAMO NETO,KN,true
12059090,Las demás,Las demás,6,KILOGRAMO NETO,KN,true
12060010,Para la siembra,Para la siembra,6,KILOGRAMO NETO,KN,true
12060090,Las demás,Las demás,6,KILOGRAMO NETO,KN,true
12072010,Para la siembra,Para la siembra,6,KILOGRAMO NETO,KN,true
12072090,Las demás,Las demás,6,KILOGRAMO NETO,KN,true
12074010,Para la siembra,Para la siembra,6,KILOGRAMO NETO,KN,true
12074090,Las demás,Las demás,6,KILOGRAMO NETO,KN,true
12075010,Para la siembra,Para la siembra,6,KILOGRAMO NETO,KN,true
12075090,Las demás,Las demás,6,KILOGRAMO NETO,KN,true
12079110,Para la siembra,Para la siembra,6,KILOGRAMO NETO,KN,true
12079190,Las demás,Las demás,6,KILOGRAMO NETO,KN,true
12079911,Para la siembra,Para la siembra,6,KILOGRAMO NETO,KN,true
12079919,Las demás,Las demás,6,KILOGRAMO NETO,KN,true
12079990,Las demás,Las demás,6,KILOGRAMO NETO,KN,true
12081000,"De porotos (habas, frijoles, fréjoles)* de soya (soja)","De porotos (habas, frijoles, fréjoles)* de soya (soja)",6,KILOGRAMO NETO,KN,true
12089000,Las demás,Las demás,6,KILOGRAMO NETO,KN,true
12091000,Semilla de remolacha azucarera,Semilla de remolacha azucarera,6,KILOGRAMO NETO,KN,true
12092100,De alfalfa,De alfalfa,6,KILOGRAMO NETO,KN,true
12092200,De trébol (Trifolium spp.),De trébol (Trifolium spp.),6,KILOGRAMO NETO,KN,true
12092300,De festucas,De festucas,6,KILOGRAMO NETO,KN,true
12092400,De pasto azul de Kentucky (Poa pratensis L.),De pasto azul de Kentucky (Poa pratensis L.),6,KILOGRAMO NETO,KN,true
12092500,"De ballico (Lolium multiflorum Lam., Lolium perenne L.)","De ballico (Lolium multiflorum Lam., Lolium perenne L.)",6,KILOGRAMO NETO,KN,true
12092910,De lupino (Lupinnus spp.),De lupino (Lupinnus spp.),6,KILOGRAMO NETO,KN,true
12092990,Las demás,Las demás,6,KILOGRAMO NETO,KN,true
12093000,Semillas de plantas herbáceas utilizadas principalmente por sus flores,Semillas de plantas herbáceas utilizadas principalmente por sus flores,6,KILOGRAMO NETO,KN,true
12099110,De tomates,De tomates,6,KILOGRAMO NETO,KN,true
12099120,De lechuga,De lechuga,6,KILOGRAMO NETO,KN,true
12099130,De cebolla,De cebolla,6,KILOGRAMO NETO,KN,true
12099140,De pimiento,De pimiento,6,KILOGRAMO NETO,KN,true
12099150,De zapallo,De zapallo,6,KILOGRAMO NETO,KN,true
12099160,De coliflor,De coliflor,6,KILOGRAMO NETO,KN,true
12099170,"De brécoles (brócoli, «broccoli»)","De brécoles (brócoli, «broccoli»)",6,KILOGRAMO NETO,KN,true
12099180,De pepino,De pepino,6,KILOGRAMO NETO,KN,true
12099190,Las demás,Las demás,6,KILOGRAMO NETO,KN,true
12099920,De melón,De melón,6,KILOGRAMO NETO,KN,true
12099930,De sandía,De sandía,6,KILOGRAMO NETO,KN,true
12099990,Los demás,Los demás,6,KILOGRAMO NETO,KN,true
12101000,Conos de lúpulo sin triturar ni moler ni en «pellets»,Conos de lúpulo sin triturar ni moler ni en «pellets»,6,KILOGRAMO NETO,KN,true
12102000,"Conos de lúpulo triturados, molidos o en «pellets»; lupulino","Conos de lúpulo triturados, molidos o en «pellets»; lupulino",6,KILOGRAMO NETO,KN,true
12112000,Raíces de «ginseng»,Raíces de «ginseng»,6,KILOGRAMO NETO,KN,true
12113000,Hojas de coca,Hojas de coca,6,KILOGRAMO NETO,KN,true
12114000,Paja de adormidera,Paja de adormidera,6,KILOGRAMO NETO,KN,true
12119010,Boldo,Boldo,6,KILOGRAMO NETO,KN,true
12119020,Orégano,Orégano,6,KILOGRAMO NETO,KN,true
12119030,Cornezuelo de centeno,Cornezuelo de centeno,6,KILOGRAMO NETO,KN,true
12119041,Pepa y pepa vana,Pepa y pepa vana,6,KILOGRAMO NETO,KN,true
12119042,Cascarilla,Cascarilla,6,KILOGRAMO NETO,KN,true
12119043,Flor y hojas,Flor y hojas,6,KILOGRAMO NETO,KN,true
12119049,Las demás,Las demás,6,KILOGRAMO NETO,KN,true
12119050,Hierba de San Juan (Hipericum perforatum),Hierba de San Juan (Hipericum perforatum),6,KILOGRAMO NETO,KN,true
12119060,Manzanilla,Manzanilla,6,KILOGRAMO NETO,KN,true
12119090,Los demás,Los demás,6,KILOGRAMO NETO,KN,true
12122020,Gelidium,Gelidium,6,KILOGRAMO NETO,KN,true
12122030,Pelillo (Gracilaria spp.),Pelillo (Gracilaria spp.),6,KILOGRAMO NETO,KN,true
12122040,Chascón (Lessonia spp.),Chascón (Lessonia spp.),6,KILOGRAMO NETO,KN,true
12122050,Luga luga (Iridaea spp.),Luga luga (Iridaea spp.),6,KILOGRAMO NETO,KN,true
12122060,Chicorea de mar (Gigartina spp.),Chicorea de mar (Gigartina spp.),6,KILOGRAMO NETO,KN,true
12122070,Huiro (Macrocystis spp.),Huiro (Macrocystis spp.),6,KILOGRAMO NETO,KN,true
12122080,Durvillaea antarctica,Durvillaea antarctica,6,KILOGRAMO NETO,KN,true
12122090,Las demás,Las demás,6,KILOGRAMO NETO,KN,true
12129100,Remolacha azucarera,Remolacha azucarera,6,KILOGRAMO NETO,KN,true
12129900,Los demás,Los demás,6,KILOGRAMO NETO,KN,true
12130000,"Paja y cascabillo de cereales, en bruto, incluso picados, molidos, prensados o en «pellets».","Paja y cascabillo de cereales, en bruto, incluso picados, molidos, prensados o en «pellets».",6,KILOGRAMO NETO,KN,true
12141000,Harina y «pellets» de alfalfa,Harina y «pellets» de alfalfa,6,KILOGRAMO NETO,KN,true
12149010,Altramuces o lupinos (Lupinus spp.),Altramuces o lupinos (Lupinus spp.),6,KILOGRAMO NETO,KN,true
12149090,Los demás,Los demás,6,KILOGRAMO NETO,KN,true
13012000,Goma arábiga,Goma arábiga,6,KILOGRAMO NETO,KN,true
13019000,Los demás,Los demás,6,KILOGRAMO NETO,KN,true
13021100,Opio,Opio,6,KILOGRAMO NETO,KN,true
13021200,De regaliz,De regaliz,6,KILOGRAMO NETO,KN,true
13021300,De lúpulo,De lúpulo,6,KILOGRAMO NETO,KN,true
13021910,Extracto de quillay,Extracto de quillay,6,KILOGRAMO NETO,KN,true
13021990,Los demás,Los demás,6,KILOGRAMO NETO,KN,true
13022000,"Materias pécticas, pectinatos y pectatos","Materias pécticas, pectinatos y pectatos",6,KILOGRAMO NETO,KN,true
13023100,Agar-agar,Agar-agar,6,KILOGRAMO NETO,KN,true
13023200,"Mucílagos y espesativos de la algarroba o de su semilla o de las semillas de guar, incluso modifica","Mucílagos y espesativos de la algarroba o de su semilla o de las semillas de guar, incluso modificados",6,KILOGRAMO NETO,KN,true
13023910,Carraghenina,Carraghenina,6,KILOGRAMO NETO,KN,true
13023990,Los demás,Los demás,6,KILOGRAMO NETO,KN,true
14011000,Bambú,Bambú,6,KILOGRAMO NETO,KN,true
14012000,Roten (ratán)*,Roten (ratán)*,6,KILOGRAMO NETO,KN,true
14019000,Las demás,Las demás,6,KILOGRAMO NETO,KN,true
14042000,Línteres de algodón,Línteres de algodón,6,KILOGRAMO NETO,KN,true
14049010,Cortezas de quillay,Cortezas de quillay,6,KILOGRAMO NETO,KN,true
14049020,"Musgos secos, distintos de los utilizados para ramos o adornos y de los medicinales","Musgos secos, distintos de los utilizados para ramos o adornos y de los medicinales",6,KILOGRAMO NETO,KN,true
14049090,Los demás,Los demás,6,KILOGRAMO NETO,KN,true
15010010,"Grasa de cerdo (incluida la manteca de cerdo), refinadas","Grasa de cerdo (incluida la manteca de cerdo), refinadas",6,KILOGRAMO NETO,KN,true
15010090,Las demás,Las demás,6,KILOGRAMO NETO,KN,true
15020010,Fundidos (incluidos los «primeros jugos»),Fundidos (incluidos los «primeros jugos»),6,KILOGRAMO NETO,KN,true
15020090,Las demás,Las demás,6,KILOGRAMO NETO,KN,true
15030000,"Estearina solar, aceite de manteca de cerdo, oleoestearina, oleomargarina y aceite de sebo, sin emul","Estearina solar, aceite de manteca de cerdo, oleoestearina, oleomargarina y aceite de sebo, sin emulsionar, mezclar ni preparar de otro modo.",6,KILOGRAMO NETO,KN,true
15041000,Aceites de hígado de pescado y sus fracciones,Aceites de hígado de pescado y sus fracciones,6,KILOGRAMO NETO,KN,true
15042010,"Aceite de pescado, crudo","Aceite de pescado, crudo",6,KILOGRAMO NETO,KN,true
15042020,"Aceite de pescado, semirefinado y refinado","Aceite de pescado, semirefinado y refinado",6,KILOGRAMO NETO,KN,true
15042090,Los demás,Los demás,6,KILOGRAMO NETO,KN,true
15043000,Grasas y aceites de mamíferos marinos y sus fracciones,Grasas y aceites de mamíferos marinos y sus fracciones,6,KILOGRAMO NETO,KN,true
15050000,"Grasa de lana y sustancias grasas derivadas, incluida la lanolina.","Grasa de lana y sustancias grasas derivadas, incluida la lanolina.",6,KILOGRAMO NETO,KN,true
15060000,"Las demás grasas y aceites animales, y sus fracciones, incluso refinados, pero sin modificar química","Las demás grasas y aceites animales, y sus fracciones, incluso refinados, pero sin modificar químicamente.",6,KILOGRAMO NETO,KN,true
15071000,"Aceite en bruto, incluso desgomado","Aceite en bruto, incluso desgomado",6,KILOGRAMO NETO,KN,true
15079010,A granel,A granel,6,KILOGRAMO NETO,KN,true
15079090,Los demás,Los demás,6,KILOGRAMO NETO,KN,true
15081000,Aceite en bruto,Aceite en bruto,6,KILOGRAMO NETO,KN,true
15089000,Los demás,Los demás,6,KILOGRAMO NETO,KN,true
15091000,Virgen,Virgen,6,KILOGRAMO NETO,KN,true
15099000,Los demás,Los demás,6,KILOGRAMO NETO,KN,true
15100000,"Los demás aceites y sus fracciones obtenidos exclusivamente de aceituna, incluso refinados, pero sin","Los demás aceites y sus fracciones obtenidos exclusivamente de aceituna, incluso refinados, pero sin modificar químicamente, y mezclas de estos aceites o fracciones con los aceites o fracciones de la",6,KILOGRAMO NETO,KN,true
15111000,Aceite en bruto,Aceite en bruto,6,KILOGRAMO NETO,KN,true
15119000,Los demás,Los demás,6,KILOGRAMO NETO,KN,true
15121110,De girasol y sus fracciones,De girasol y sus fracciones,6,KILOGRAMO NETO,KN,true
15121120,De cártamo y sus fracciones,De cártamo y sus fracciones,6,KILOGRAMO NETO,KN,true
15121911,A granel,A granel,6,KILOGRAMO NETO,KN,true
15121919,Los demás,Los demás,6,KILOGRAMO NETO,KN,true
15121920,De cártamo y sus fracciones,De cártamo y sus fracciones,6,KILOGRAMO NETO,KN,true
15122100,"Aceite en bruto, incluso sin gosipol","Aceite en bruto, incluso sin gosipol",6,KILOGRAMO NETO,KN,true
15122900,Los demás,Los demás,6,KILOGRAMO NETO,KN,true
15131100,Aceite en bruto,Aceite en bruto,6,KILOGRAMO NETO,KN,true
15131900,Los demás,Los demás,6,KILOGRAMO NETO,KN,true
15132100,Aceites en bruto,Aceites en bruto,6,KILOGRAMO NETO,KN,true
15132900,Los demás,Los demás,6,KILOGRAMO NETO,KN,true
15141100,Aceites en bruto,Aceites en bruto,6,KILOGRAMO NETO,KN,true
15141900,Los demás,Los demás,6,KILOGRAMO NETO,KN,true
15149100,Aceites en bruto,Aceites en bruto,6,KILOGRAMO NETO,KN,true
15149900,Los demás,Los demás,6,KILOGRAMO NETO,KN,true
15151100,Aceite en bruto,Aceite en bruto,6,KILOGRAMO NETO,KN,true
15151900,Los demás,Los demás,6,KILOGRAMO NETO,KN,true
15152100,Aceite en bruto,Aceite en bruto,6,KILOGRAMO NETO,KN,true
15152900,Los demás,Los demás,6,KILOGRAMO NETO,KN,true
15153000,Aceite de ricino y sus fracciones,Aceite de ricino y sus fracciones,6,KILOGRAMO NETO,KN,true
15155000,Aceite de sésamo (ajonjolí) y sus fracciones,Aceite de sésamo (ajonjolí) y sus fracciones,6,KILOGRAMO NETO,KN,true
15159010,Aceite de rosa mosqueta,Aceite de rosa mosqueta,6,KILOGRAMO NETO,KN,true
15159090,Los demás,Los demás,6,KILOGRAMO NETO,KN,true
15161011,De pescado,De pescado,6,KILOGRAMO NETO,KN,true
15161012,De mamíferos marinos,De mamíferos marinos,6,KILOGRAMO NETO,KN,true
15161090,Los demás,Los demás,6,KILOGRAMO NETO,KN,true
15162000,"Grasas y aceites, vegetales, y sus fracciones","Grasas y aceites, vegetales, y sus fracciones",6,KILOGRAMO NETO,KN,true
15171010,Presentada en envases inmediatos con un contenido inferior o igual a 1 KN,Presentada en envases inmediatos con un contenido inferior o igual a 1 KN,6,KILOGRAMO NETO,KN,true
15171090,Las demás,Las demás,6,KILOGRAMO NETO,KN,true
15179010,"Mezclas de aceites vegetales, en bruto","Mezclas de aceites vegetales, en bruto",6,KILOGRAMO NETO,KN,true
15179020,"Mezclas de aceites vegetales, refinados","Mezclas de aceites vegetales, refinados",6,KILOGRAMO NETO,KN,true
15179090,Las demás,Las demás,6,KILOGRAMO NETO,KN,true
15180010,Aceite de pescado no apto para el consumo humano,Aceite de pescado no apto para el consumo humano,6,KILOGRAMO NETO,KN,true
15180090,Los demás,Los demás,6,KILOGRAMO NETO,KN,true
15200000,Glicerol en bruto; aguas y lejías glicerinosas.,Glicerol en bruto; aguas y lejías glicerinosas.,6,KILOGRAMO NETO,KN,true
15211000,Ceras vegetales,Ceras vegetales,6,KILOGRAMO NETO,KN,true
15219000,Las demás,Las demás,6,KILOGRAMO NETO,KN,true
15220000,"Degrás; residuos procedentes del tratamiento de grasas o ceras, animales o vegetales.","Degrás; residuos procedentes del tratamiento de grasas o ceras, animales o vegetales.",6,KILOGRAMO NETO,KN,true
16010000,"Embutidos y productos similares de carne, despojos o sangre; preparaciones alimenticias a base de es","Embutidos y productos similares de carne, despojos o sangre; preparaciones alimenticias a base de estos productos.",6,KILOGRAMO NETO,KN,true
16021000,Preparaciones homogeneizadas,Preparaciones homogeneizadas,6,KILOGRAMO NETO,KN,true
16022000,De hígado de cualquier animal,De hígado de cualquier animal,6,KILOGRAMO NETO,KN,true
16023110,"Trozos preparados, sazonados o condimentados","Trozos preparados, sazonados o condimentados",6,KILOGRAMO NETO,KN,true
16023120,Paté y pastas,Paté y pastas,6,KILOGRAMO NETO,KN,true
16023130,Jamón,Jamón,6,KILOGRAMO NETO,KN,true
16023190,Las demás,Las demás,6,KILOGRAMO NETO,KN,true
16023210,"Trozos preparados, sazonados o condimentados","Trozos preparados, sazonados o condimentados",6,KILOGRAMO NETO,KN,true
16023220,Paté y pastas,Paté y pastas,6,KILOGRAMO NETO,KN,true
16023290,Las demás,Las demás,6,KILOGRAMO NETO,KN,true
16023900,Las demás,Las demás,6,KILOGRAMO NETO,KN,true
16024100,Jamones y trozos de jamón,Jamones y trozos de jamón,6,KILOGRAMO NETO,KN,true
16024200,Paletas y trozos de paleta,Paletas y trozos de paleta,6,KILOGRAMO NETO,KN,true
16024900,"Las demás, incluidas las mezclas","Las demás, incluidas las mezclas",6,KILOGRAMO NETO,KN,true
16025000,De la especie bovina,De la especie bovina,6,KILOGRAMO NETO,KN,true
16029010,De corzo,De corzo,6,KILOGRAMO NETO,KN,true
16029020,De jabalí,De jabalí,6,KILOGRAMO NETO,KN,true
16029030,De ciervo,De ciervo,6,KILOGRAMO NETO,KN,true
16029040,De conejo,De conejo,6,KILOGRAMO NETO,KN,true
16029050,De faisán,De faisán,6,KILOGRAMO NETO,KN,true
16029060,De ganso,De ganso,6,KILOGRAMO NETO,KN,true
16029070,De perdiz,De perdiz,6,KILOGRAMO NETO,KN,true
16029090,Los demás,Los demás,6,KILOGRAMO NETO,KN,true
16030010,De carne,De carne,6,KILOGRAMO NETO,KN,true
16030090,Los demás,Los demás,6,KILOGRAMO NETO,KN,true
16041110,Ahumados,Ahumados,6,KILOGRAMO NETO,KN,true
16041190,Los demás,Los demás,6,KILOGRAMO NETO,KN,true
16041200,Arenques,Arenques,6,KILOGRAMO NETO,KN,true
16041311,Al natural,Al natural,6,KILOGRAMO NETO,KN,true
16041312,Con salsa de tomate,Con salsa de tomate,6,KILOGRAMO NETO,KN,true
16041319,Las demás,Las demás,6,KILOGRAMO NETO,KN,true
16041390,Los demás,Los demás,6,KILOGRAMO NETO,KN,true
16041410,Atunes,Atunes,6,KILOGRAMO NETO,KN,true
16041420,Listados,Listados,6,KILOGRAMO NETO,KN,true
16041430,Bonitos,Bonitos,6,KILOGRAMO NETO,KN,true
16041500,Caballas,Caballas,6,KILOGRAMO NETO,KN,true
16041610,En aceite,En aceite,6,KILOGRAMO NETO,KN,true
16041690,Las demás,Las demás,6,KILOGRAMO NETO,KN,true
16041911,Al natural,Al natural,6,KILOGRAMO NETO,KN,true
16041912,Con salsa de tomate,Con salsa de tomate,6,KILOGRAMO NETO,KN,true
16041913,En aceite,En aceite,6,KILOGRAMO NETO,KN,true
16041919,Las demás,Las demás,6,KILOGRAMO NETO,KN,true
16041920,Congrio,Congrio,6,KILOGRAMO NETO,KN,true
16041930,Trucha,Trucha,6,KILOGRAMO NETO,KN,true
16041940,Merluza,Merluza,6,KILOGRAMO NETO,KN,true
16041990,Los demás,Los demás,6,KILOGRAMO NETO,KN,true
16042010,De atún,De atún,6,KILOGRAMO NETO,KN,true
16042020,De bonito,De bonito,6,KILOGRAMO NETO,KN,true
16042030,De salmón,De salmón,6,KILOGRAMO NETO,KN,true
16042040,De sardina y jurel,De sardina y jurel,6,KILOGRAMO NETO,KN,true
16042050,De caballa,De caballa,6,KILOGRAMO NETO,KN,true
16042060,De anchoas,De anchoas,6,KILOGRAMO NETO,KN,true
16042070,De merluza,De merluza,6,KILOGRAMO NETO,KN,true
16042090,Las demás,Las demás,6,KILOGRAMO NETO,KN,true
16043000,Caviar y sus sucedáneos,Caviar y sus sucedáneos,6,KILOGRAMO NETO,KN,true
16051011,Conservadas en recipientes herméticos cerrados,Conservadas en recipientes herméticos cerrados,6,KILOGRAMO NETO,KN,true
16051012,Conservadas congeladas,Conservadas congeladas,6,KILOGRAMO NETO,KN,true
16051019,Las demás,Las demás,6,KILOGRAMO NETO,KN,true
16051021,"Centolla del norte (Lithodes spp.), conservada en recipientes herméticos cerrados","Centolla del norte (Lithodes spp.), conservada en recipientes herméticos cerrados",6,KILOGRAMO NETO,KN,true
16051022,"Centolla (Lithodes santolla), conservada en recipientes herméticos cerrados","Centolla (Lithodes santolla), conservada en recipientes herméticos cerrados",6,KILOGRAMO NETO,KN,true
16051023,"Centollón (Paralomis granulosa), conservado en recipientes herméticos cerrados","Centollón (Paralomis granulosa), conservado en recipientes herméticos cerrados",6,KILOGRAMO NETO,KN,true
16051024,"Centollón del norte (Paralomis spp.), conservados en recipientes herméticos cerrados","Centollón del norte (Paralomis spp.), conservados en recipientes herméticos cerrados",6,KILOGRAMO NETO,KN,true
16051025,Centolla del norte (Lithodes spp.) congelada,Centolla del norte (Lithodes spp.) congelada,6,KILOGRAMO NETO,KN,true
16051026,"Centolla (Lithodes santolla), congelada","Centolla (Lithodes santolla), congelada",6,KILOGRAMO NETO,KN,true
16051027,"Centollón (Paralomis granulosa), congelado","Centollón (Paralomis granulosa), congelado",6,KILOGRAMO NETO,KN,true
16051028,"Centollón del norte (Paralomis spp.), congelado","Centollón del norte (Paralomis spp.), congelado",6,KILOGRAMO NETO,KN,true
16051029,Los demás,Los demás,6,KILOGRAMO NETO,KN,true
16051090,Los demás,Los demás,6,KILOGRAMO NETO,KN,true
16052011,"Camarón nailon (Heterocarpus reedi), conservado en recipientes herméticos cerrados","Camarón nailon (Heterocarpus reedi), conservado en recipientes herméticos cerrados",6,KILOGRAMO NETO,KN,true
16052012,"Camarón ecuatoriano (Penaeus vannamei), conservados recipientes herméticos cerrados","Camarón ecuatoriano (Penaeus vannamei), conservados recipientes herméticos cerrados",6,KILOGRAMO NETO,KN,true
16052013,Camarón de río (Cryphiops caementarius) conservados en recipientes herméticos cerrados,Camarón de río (Cryphiops caementarius) conservados en recipientes herméticos cerrados,6,KILOGRAMO NETO,KN,true
16052014,"Camarón nailon (Heterocarpus reedi), congelado","Camarón nailon (Heterocarpus reedi), congelado",6,KILOGRAMO NETO,KN,true
16052015,"Camarón ecuatoriano (Penaeus vannamei), congelado","Camarón ecuatoriano (Penaeus vannamei), congelado",6,KILOGRAMO NETO,KN,true
16052016,Camarón de río (Cryphiops caementarius) congelado,Camarón de río (Cryphiops caementarius) congelado,6,KILOGRAMO NETO,KN,true
16052019,Los demás,Los demás,6,KILOGRAMO NETO,KN,true
16052021,"Langostino amarillo (Cervimunida johni), conservado en recipientes herméticos cerrados","Langostino amarillo (Cervimunida johni), conservado en recipientes herméticos cerrados",6,KILOGRAMO NETO,KN,true
16052022,Langostino colorado (Pleuroncodes monodon) conservado en recipientes herméticos cerrados,Langostino colorado (Pleuroncodes monodon) conservado en recipientes herméticos cerrados,6,KILOGRAMO NETO,KN,true
16052029,Los demás,Los demás,6,KILOGRAMO NETO,KN,true
16052091,Gambas (Haliporoides diomedeae) conservadas en recipientes herméticos cerrados,Gambas (Haliporoides diomedeae) conservadas en recipientes herméticos cerrados,6,KILOGRAMO NETO,KN,true
16052099,Los demás,Los demás,6,KILOGRAMO NETO,KN,true
16053000,Bogavantes,Bogavantes,6,KILOGRAMO NETO,KN,true
16054000,Los demás crustáceos,Los demás crustáceos,6,KILOGRAMO NETO,KN,true
16059010,Erizos de mar (Loxechinus albus),Erizos de mar (Loxechinus albus),6,KILOGRAMO NETO,KN,true
16059020,Almejas (Protothaca thaca) (Ameghinomya antiqua),Almejas (Protothaca thaca) (Ameghinomya antiqua),6,KILOGRAMO NETO,KN,true
16059030,Machas (Mesodesma donacium) (Solem macha),Machas (Mesodesma donacium) (Solem macha),6,KILOGRAMO NETO,KN,true
16059040,Locos (Concholepas concholepas),Locos (Concholepas concholepas),6,KILOGRAMO NETO,KN,true
16059051,Caracol gigante (Zidona dufresnei),Caracol gigante (Zidona dufresnei),6,KILOGRAMO NETO,KN,true
16059052,Caracol trofon (Trophon gervesianus),Caracol trofon (Trophon gervesianus),6,KILOGRAMO NETO,KN,true
16059053,Caracol palo palo (Argobuccinum spp.),Caracol palo palo (Argobuccinum spp.),6,KILOGRAMO NETO,KN,true
16059054,Caracol locate (Thais chocolata),Caracol locate (Thais chocolata),6,KILOGRAMO NETO,KN,true
16059059,Los demás,Los demás,6,KILOGRAMO NETO,KN,true
16059060,"Ostiones (Argopecten purpuratus), (Chlamys patagonica)","Ostiones (Argopecten purpuratus), (Chlamys patagonica)",6,KILOGRAMO NETO,KN,true
16059070,"Cholgas, choritos y choros","Cholgas, choritos y choros",6,KILOGRAMO NETO,KN,true
16059080,Lapas (Fisurella spp.),Lapas (Fisurella spp.),6,KILOGRAMO NETO,KN,true
16059091,Navajuelas (Tagelus dombeii),Navajuelas (Tagelus dombeii),6,KILOGRAMO NETO,KN,true
16059092,Navajas de mar o huepo (ensis macha),Navajas de mar o huepo (ensis macha),6,KILOGRAMO NETO,KN,true
16059093,Culengues (gari solida),Culengues (gari solida),6,KILOGRAMO NETO,KN,true
16059094,Jibias (Dosidicus gigas),Jibias (Dosidicus gigas),6,KILOGRAMO NETO,KN,true
16059095,Abalón japonés o verde (Haliotis discus hannai),Abalón japonés o verde (Haliotis discus hannai),6,KILOGRAMO NETO,KN,true
16059099,Los demás,Los demás,6,KILOGRAMO NETO,KN,true
17011100,De caña,De caña,6,KILOGRAMO NETO,KN,true
17011200,De remolacha,De remolacha,6,KILOGRAMO NETO,KN,true
17019100,Con adición de aromatizante o colorante,Con adición de aromatizante o colorante,6,KILOGRAMO NETO,KN,true
17019910,"De caña, refinada","De caña, refinada",6,KILOGRAMO NETO,KN,true
17019920,"De remolacha, refinada","De remolacha, refinada",6,KILOGRAMO NETO,KN,true
17019990,Los demás,Los demás,6,KILOGRAMO NETO,KN,true
17021100,"Con un contenido de lactosa superior o igual al 99 % en peso, expresado en lactosa anhidra, calcu","Con un contenido de lactosa superior o igual al 99 % en peso, expresado en lactosa anhidra, calculado sobre producto seco",6,KILOGRAMO NETO,KN,true
17021900,Los demás,Los demás,6,KILOGRAMO NETO,KN,true
17022000,Azúcar y jarabe de arce («maple»),Azúcar y jarabe de arce («maple»),6,KILOGRAMO NETO,KN,true
17023000,"Glucosa y jarabe de glucosa, sin fructosa o con un contenido de fructosa, calculado sobre producto s","Glucosa y jarabe de glucosa, sin fructosa o con un contenido de fructosa, calculado sobre producto seco, inferior al 20 % en peso",6,KILOGRAMO NETO,KN,true
17024000,"Glucosa y jarabe de glucosa, con un contenido de fructosa sobre producto seco superior o igual al 20","Glucosa y jarabe de glucosa, con un contenido de fructosa sobre producto seco superior o igual al 20 % pero inferior al 50 %, en peso, excepto el azúcar invertido",6,KILOGRAMO NETO,KN,true
17025000,Fructosa químicamente pura,Fructosa químicamente pura,6,KILOGRAMO NETO,KN,true
17026010,De pera,De pera,6,KILOGRAMO NETO,KN,true
17026020,De manzana,De manzana,6,KILOGRAMO NETO,KN,true
17026090,Los demás,Los demás,6,KILOGRAMO NETO,KN,true
17029010,Caramelo colorante,Caramelo colorante,6,KILOGRAMO NETO,KN,true
17029020,"Sucedáneos de la miel , incluso mezclados con miel natural","Sucedáneos de la miel , incluso mezclados con miel natural",6,KILOGRAMO NETO,KN,true
17029090,Los demás,Los demás,6,KILOGRAMO NETO,KN,true
17031000,Melaza de caña,Melaza de caña,6,KILOGRAMO NETO,KN,true
17039000,Las demás,Las demás,6,KILOGRAMO NETO,KN,true
17041010,Recubiertos de azúcar,Recubiertos de azúcar,6,KILOGRAMO NETO,KN,true
17041090,Los demás,Los demás,6,KILOGRAMO NETO,KN,true
17049020,Bombones,Bombones,6,KILOGRAMO NETO,KN,true
17049030,Caramelos,Caramelos,6,KILOGRAMO NETO,KN,true
17049050,Pastillas,Pastillas,6,KILOGRAMO NETO,KN,true
17049060,Gomas azucaradas,Gomas azucaradas,6,KILOGRAMO NETO,KN,true
17049070,Turrón,Turrón,6,KILOGRAMO NETO,KN,true
17049080,Confites elaborados total o parcialmente de dulce de leche,Confites elaborados total o parcialmente de dulce de leche,6,KILOGRAMO NETO,KN,true
17049090,Los demás,Los demás,6,KILOGRAMO NETO,KN,true
18010010,Crudo,Crudo,6,KILOGRAMO NETO,KN,true
18010020,Tostado,Tostado,6,KILOGRAMO NETO,KN,true
18020000,"Cáscara, películas y demás residuos de cacao.","Cáscara, películas y demás residuos de cacao.",6,KILOGRAMO NETO,KN,true
18031000,Sin desgrasar,Sin desgrasar,6,KILOGRAMO NETO,KN,true
18032000,Desgrasada total o parcialmente,Desgrasada total o parcialmente,6,KILOGRAMO NETO,KN,true
18040000,"Manteca, grasa y aceite de cacao.","Manteca, grasa y aceite de cacao.",6,KILOGRAMO NETO,KN,true
18050000,Cacao en polvo sin adición de azúcar ni otro edulcorante.,Cacao en polvo sin adición de azúcar ni otro edulcorante.,6,KILOGRAMO NETO,KN,true
18061000,Cacao en polvo con adición de azúcar u otro edulcorante,Cacao en polvo con adición de azúcar u otro edulcorante,6,KILOGRAMO NETO,KN,true
18062000,"Las demás preparaciones, en bloques, tabletas o barras con peso superior a 2 kg o en forma líquida,","Las demás preparaciones, en bloques, tabletas o barras con peso superior a 2 kg o en forma líquida, pastosa o en polvo, gránulos o formas similares, en recipientes o en envases inmediatos, con un c",6,KILOGRAMO NETO,KN,true
18063110,Con pastas blandas o licor,Con pastas blandas o licor,6,KILOGRAMO NETO,KN,true
18063120,Con frutos o cereales,Con frutos o cereales,6,KILOGRAMO NETO,KN,true
18063190,Los demás,Los demás,6,KILOGRAMO NETO,KN,true
18063210,Coberturas,Coberturas,6,KILOGRAMO NETO,KN,true
18063290,Los demás,Los demás,6,KILOGRAMO NETO,KN,true
18069010,"Chocolates, en formas distintas de los bloques, tabletas o barras, rellenos","Chocolates, en formas distintas de los bloques, tabletas o barras, rellenos",6,KILOGRAMO NETO,KN,true
18069020,"Chocolates, en formas distintas de los bloques, tabletas o barras, sin rellenar","Chocolates, en formas distintas de los bloques, tabletas o barras, sin rellenar",6,KILOGRAMO NETO,KN,true
18069030,Caramelos recubiertos de chocolate,Caramelos recubiertos de chocolate,6,KILOGRAMO NETO,KN,true
18069040,Frutos recubiertos de chocolate,Frutos recubiertos de chocolate,6,KILOGRAMO NETO,KN,true
18069050,Pastas recubiertas de chocolate,Pastas recubiertas de chocolate,6,KILOGRAMO NETO,KN,true
18069090,Los demás,Los demás,6,KILOGRAMO NETO,KN,true
19011010,Con un contenido de sólidos lácteos superior al 10 % en peso,Con un contenido de sólidos lácteos superior al 10 % en peso,6,KILOGRAMO NETO,KN,true
19011090,Las demás,Las demás,6,KILOGRAMO NETO,KN,true
19012010,"Con un contenido de grasa butírica superior al 25 % en peso, sin acondicionar para la venta al por m","Con un contenido de grasa butírica superior al 25 % en peso, sin acondicionar para la venta al por menor",6,KILOGRAMO NETO,KN,true
19012090,Las demás,Las demás,6,KILOGRAMO NETO,KN,true
19019011,Dulce de leche (manjar),Dulce de leche (manjar),6,KILOGRAMO NETO,KN,true
19019019,Las demás,Las demás,6,KILOGRAMO NETO,KN,true
19019090,Las demás,Las demás,6,KILOGRAMO NETO,KN,true
19021100,Que contengan huevo,Que contengan huevo,6,KILOGRAMO NETO,KN,true
19021910,Espaguetis,Espaguetis,6,KILOGRAMO NETO,KN,true
19021920,Pastas para sopa,Pastas para sopa,6,KILOGRAMO NETO,KN,true
19021990,Las demás,Las demás,6,KILOGRAMO NETO,KN,true
19022010,Rellenas de carne,Rellenas de carne,6,KILOGRAMO NETO,KN,true
19022090,Las demás,Las demás,6,KILOGRAMO NETO,KN,true
19023000,Las demás pastas alimenticias,Las demás pastas alimenticias,6,KILOGRAMO NETO,KN,true
19024000,Cuscús,Cuscús,6,KILOGRAMO NETO,KN,true
19030000,"Tapioca y sus sucedáneos preparados con fécula, en copos, grumos, granos perlados, cerniduras o form","Tapioca y sus sucedáneos preparados con fécula, en copos, grumos, granos perlados, cerniduras o formas similares.",6,KILOGRAMO NETO,KN,true
19041000,Productos a base de cereales obtenidos por inflado o tostado,Productos a base de cereales obtenidos por inflado o tostado,6,KILOGRAMO NETO,KN,true
19042000,Preparaciones alimenticias obtenidas con copos de cereales sin tostar o con mezclas de copos de cere,Preparaciones alimenticias obtenidas con copos de cereales sin tostar o con mezclas de copos de cereales sin tostar y copos de cereales tostados o cereales inflados,6,KILOGRAMO NETO,KN,true
19043000,Trigo bulgur,Trigo bulgur,6,KILOGRAMO NETO,KN,true
19049000,Los demás,Los demás,6,KILOGRAMO NETO,KN,true
19051000,Pan crujiente llamado «Knäckebrot»,Pan crujiente llamado «Knäckebrot»,6,KILOGRAMO NETO,KN,true
19052000,Pan de especias,Pan de especias,6,KILOGRAMO NETO,KN,true
19053100,Galletas dulces (con adición de edulcorante),Galletas dulces (con adición de edulcorante),6,KILOGRAMO NETO,KN,true
19053200,"Barquillos y obleas, incluso rellenos («gaufrettes», «wafers») y «waffles» («gaufres»)*","Barquillos y obleas, incluso rellenos («gaufrettes», «wafers») y «waffles» («gaufres»)*",6,KILOGRAMO NETO,KN,true
19054000,Pan tostado y productos similares tostados,Pan tostado y productos similares tostados,6,KILOGRAMO NETO,KN,true
19059010,Alfajores,Alfajores,6,KILOGRAMO NETO,KN,true
19059020,Bizcochos,Bizcochos,6,KILOGRAMO NETO,KN,true
19059030,Galletas saladas,Galletas saladas,6,KILOGRAMO NETO,KN,true
19059090,Los demás,Los demás,6,KILOGRAMO NETO,KN,true
20011000,Pepinos y pepinillos,Pepinos y pepinillos,6,KILOGRAMO NETO,KN,true
20019010,Alcachofas,Alcachofas,6,KILOGRAMO NETO,KN,true
20019020,Alcaparras,Alcaparras,6,KILOGRAMO NETO,KN,true
20019030,Mezclas,Mezclas,6,KILOGRAMO NETO,KN,true
20019090,Los demás,Los demás,6,KILOGRAMO NETO,KN,true
20021010,Enteros,Enteros,6,KILOGRAMO NETO,KN,true
20021020,En trozos,En trozos,6,KILOGRAMO NETO,KN,true
20029011,De valor Brix inferior a 30,De valor Brix inferior a 30,6,KILOGRAMO NETO,KN,true
20029012,De valor Brix superior o igual a 30 pero inferior o igual a 32,De valor Brix superior o igual a 30 pero inferior o igual a 32,6,KILOGRAMO NETO,KN,true
20029019,Los demás,Los demás,6,KILOGRAMO NETO,KN,true
20029090,Los demás,Los demás,6,KILOGRAMO NETO,KN,true
20031010,Enteros,Enteros,6,KILOGRAMO NETO,KN,true
20031090,Los demás,Los demás,6,KILOGRAMO NETO,KN,true
20032010,Enteras,Enteras,6,KILOGRAMO NETO,KN,true
20032090,Las demás,Las demás,6,KILOGRAMO NETO,KN,true
20039010,Enteros,Enteros,6,KILOGRAMO NETO,KN,true
20039090,Los demás,Los demás,6,KILOGRAMO NETO,KN,true
20041000,Papas (patatas)*,Papas (patatas)*,6,KILOGRAMO NETO,KN,true
20049010,Espárragos,Espárragos,6,KILOGRAMO NETO,KN,true
20049090,Los demás,Los demás,6,KILOGRAMO NETO,KN,true
20051000,Hortalizas homogeneizadas,Hortalizas homogeneizadas,6,KILOGRAMO NETO,KN,true
20052000,Papas (patatas)*,Papas (patatas)*,6,KILOGRAMO NETO,KN,true
20054000,"Arvejas (guisantes, chícharos)* (Pisum sativum) Porotos (judías, alubias, frijoles, fréjoles)* (Vig","Arvejas (guisantes, chícharos)* (Pisum sativum) Porotos (judías, alubias, frijoles, fréjoles)* (Vigna spp., Phaseolus spp.):",6,KILOGRAMO NETO,KN,true
20055100,Desvainadas,Desvainadas,6,KILOGRAMO NETO,KN,true
20055900,Las demás,Las demás,6,KILOGRAMO NETO,KN,true
20056000,Espárragos,Espárragos,6,KILOGRAMO NETO,KN,true
20057000,Aceitunas,Aceitunas,6,KILOGRAMO NETO,KN,true
20058000,Maíz dulce (Zea mays var. saccharata),Maíz dulce (Zea mays var. saccharata),6,KILOGRAMO NETO,KN,true
20059100,Brotes de bambú,Brotes de bambú,6,KILOGRAMO NETO,KN,true
20059910,Pimiento,Pimiento,6,KILOGRAMO NETO,KN,true
20059920,Ají,Ají,6,KILOGRAMO NETO,KN,true
20059990,Las demás,Las demás,6,KILOGRAMO NETO,KN,true
20060010,Cerezas,Cerezas,6,KILOGRAMO NETO,KN,true
20060020,Mezclas de frutas,Mezclas de frutas,6,KILOGRAMO NETO,KN,true
20060090,Los demás,Los demás,6,KILOGRAMO NETO,KN,true
20071000,Preparaciones homogeneizadas,Preparaciones homogeneizadas,6,KILOGRAMO NETO,KN,true
20079100,De agrios (cítricos),De agrios (cítricos),6,KILOGRAMO NETO,KN,true
20079911,Pulpa,Pulpa,6,KILOGRAMO NETO,KN,true
20079912,Mermeladas y jaleas,Mermeladas y jaleas,6,KILOGRAMO NETO,KN,true
20079919,Los demás,Los demás,6,KILOGRAMO NETO,KN,true
20079921,Pulpa,Pulpa,6,KILOGRAMO NETO,KN,true
20079922,Mermeladas y jaleas,Mermeladas y jaleas,6,KILOGRAMO NETO,KN,true
20079929,Los demás,Los demás,6,KILOGRAMO NETO,KN,true
20079990,Los demás,Los demás,6,KILOGRAMO NETO,KN,true
20081110,Sin cáscara,Sin cáscara,6,KILOGRAMO NETO,KN,true
20081190,Los demás,Los demás,6,KILOGRAMO NETO,KN,true
20081900,"Los demás, incluidas las mezclas","Los demás, incluidas las mezclas",6,KILOGRAMO NETO,KN,true
20082011,En rodajas,En rodajas,6,KILOGRAMO NETO,KN,true
20082012,En cubos,En cubos,6,KILOGRAMO NETO,KN,true
20082019,Las demás,Las demás,6,KILOGRAMO NETO,KN,true
20082090,Las demás,Las demás,6,KILOGRAMO NETO,KN,true
20083000,Agrios (cítricos),Agrios (cítricos),6,KILOGRAMO NETO,KN,true
20084010,Conservadas al natural o en almíbar,Conservadas al natural o en almíbar,6,KILOGRAMO NETO,KN,true
20084090,Las demás,Las demás,6,KILOGRAMO NETO,KN,true
20085000,"Damascos (albaricoques, chabacanos)*","Damascos (albaricoques, chabacanos)*",6,KILOGRAMO NETO,KN,true
20086011,Marrasquino o tipo marrasquino,Marrasquino o tipo marrasquino,6,KILOGRAMO NETO,KN,true
20086019,Las demás,Las demás,6,KILOGRAMO NETO,KN,true
20086090,Las demás,Las demás,6,KILOGRAMO NETO,KN,true
20087011,En mitades,En mitades,6,KILOGRAMO NETO,KN,true
20087019,Los demás,Los demás,6,KILOGRAMO NETO,KN,true
20087090,Los demás,Los demás,6,KILOGRAMO NETO,KN,true
20088000,Frutillas (fresas)*,Frutillas (fresas)*,6,KILOGRAMO NETO,KN,true
20089100,Palmitos,Palmitos,6,KILOGRAMO NETO,KN,true
20089200,Mezclas,Mezclas,6,KILOGRAMO NETO,KN,true
20089910,Uva,Uva,6,KILOGRAMO NETO,KN,true
20089920,Ciruelas,Ciruelas,6,KILOGRAMO NETO,KN,true
20089930,Kiwis,Kiwis,6,KILOGRAMO NETO,KN,true
20089990,Los demás,Los demás,6,KILOGRAMO NETO,KN,true
20091100,Congelado,Congelado,6,KILOGRAMO NETO,KN,true
20091200,"Sin congelar, de valor Brix inferior o igual a 20","Sin congelar, de valor Brix inferior o igual a 20",6,KILOGRAMO NETO,KN,true
20091900,Los demás,Los demás,6,KILOGRAMO NETO,KN,true
20092100,De valor Brix inferior o igual a 20,De valor Brix inferior o igual a 20,6,KILOGRAMO NETO,KN,true
20092900,Los demás,Los demás,6,KILOGRAMO NETO,KN,true
20093100,De valor Brix inferior o igual a 20,De valor Brix inferior o igual a 20,6,KILOGRAMO NETO,KN,true
20093900,Los demás,Los demás,6,KILOGRAMO NETO,KN,true
20094100,De valor Brix inferior o igual a 20,De valor Brix inferior o igual a 20,6,KILOGRAMO NETO,KN,true
20094900,Los demás,Los demás,6,KILOGRAMO NETO,KN,true
20095000,Jugo de tomate,Jugo de tomate,6,KILOGRAMO NETO,KN,true
20096110,Jugo,Jugo,6,KILOGRAMO NETO,KN,true
20096120,Mosto,Mosto,6,KILOGRAMO NETO,KN,true
20096910,Jugo,Jugo,6,KILOGRAMO NETO,KN,true
20096920,Mosto,Mosto,6,KILOGRAMO NETO,KN,true
20097100,De valor Brix inferior o igual a 20,De valor Brix inferior o igual a 20,6,KILOGRAMO NETO,KN,true
20097910,De valor Brix superior a 20 pero inferior a 70,De valor Brix superior a 20 pero inferior a 70,6,KILOGRAMO NETO,KN,true
20097920,De valor Brix superior o igual a 70,De valor Brix superior o igual a 70,6,KILOGRAMO NETO,KN,true
20098010,De mora,De mora,6,KILOGRAMO NETO,KN,true
20098020,De frambuesa,De frambuesa,6,KILOGRAMO NETO,KN,true
20098030,De durazno (melocotón)*,De durazno (melocotón)*,6,KILOGRAMO NETO,KN,true
20098040,De kiwi,De kiwi,6,KILOGRAMO NETO,KN,true
20098050,De pera,De pera,6,KILOGRAMO NETO,KN,true
20098060,De ciruela,De ciruela,6,KILOGRAMO NETO,KN,true
20098070,De pimiento rojo de los géneros Capsicum o Pimenta,De pimiento rojo de los géneros Capsicum o Pimenta,6,KILOGRAMO NETO,KN,true
20098090,Los demás,Los demás,6,KILOGRAMO NETO,KN,true
20099000,Mezclas de jugos,Mezclas de jugos,6,KILOGRAMO NETO,KN,true
21011110,"Café instantáneo, sin aromatizar","Café instantáneo, sin aromatizar",6,KILOGRAMO NETO,KN,true
21011190,Los demás,Los demás,6,KILOGRAMO NETO,KN,true
21011200,"Preparaciones a base de extractos, esencias o concentrados o a base de café.","Preparaciones a base de extractos, esencias o concentrados o a base de café.",6,KILOGRAMO NETO,KN,true
21012010,"Preparaciones a base de extractos, esencias o concentrados de té y preparaciones, a base de té","Preparaciones a base de extractos, esencias o concentrados de té y preparaciones, a base de té",6,KILOGRAMO NETO,KN,true
21012090,Los demás,Los demás,6,KILOGRAMO NETO,KN,true
21013000,"Achicoria tostada y demás sucedáneos del café tostados y sus extractos, esencias y concentrados","Achicoria tostada y demás sucedáneos del café tostados y sus extractos, esencias y concentrados",6,KILOGRAMO NETO,KN,true
21021000,Levaduras vivas,Levaduras vivas,6,KILOGRAMO NETO,KN,true
21022000,Levaduras muertas; los demás microorganismos monocelulares muertos.,Levaduras muertas; los demás microorganismos monocelulares muertos.,6,KILOGRAMO NETO,KN,true
21023000,Polvos preparados para esponjar masas,Polvos preparados para esponjar masas,6,KILOGRAMO NETO,KN,true
21031000,Salsa de soja (soya),Salsa de soja (soya),6,KILOGRAMO NETO,KN,true
21032010,"Kétchup («catsup», «catchup»)*","Kétchup («catsup», «catchup»)*",6,KILOGRAMO NETO,KN,true
21032090,Las demás,Las demás,6,KILOGRAMO NETO,KN,true
21033000,Harina de mostaza y mostaza preparada,Harina de mostaza y mostaza preparada,6,KILOGRAMO NETO,KN,true
21039010,"Condimentos y sazonadores, compuestos","Condimentos y sazonadores, compuestos",6,KILOGRAMO NETO,KN,true
21039020,Mayonesa,Mayonesa,6,KILOGRAMO NETO,KN,true
21039090,Los demás,Los demás,6,KILOGRAMO NETO,KN,true
21041010,Preparaciones para cremas y cremas preparadas,Preparaciones para cremas y cremas preparadas,6,KILOGRAMO NETO,KN,true
21041020,Preparaciones para sopas y sopas preparadas,Preparaciones para sopas y sopas preparadas,6,KILOGRAMO NETO,KN,true
21041090,Las demás,Las demás,6,KILOGRAMO NETO,KN,true
21042010,Alimentos infantiles,Alimentos infantiles,6,KILOGRAMO NETO,KN,true
21042090,Las demás,Las demás,6,KILOGRAMO NETO,KN,true
21050010,A base de agua,A base de agua,6,KILOGRAMO NETO,KN,true
21050020,A base de leche o crema,A base de leche o crema,6,KILOGRAMO NETO,KN,true
21050090,Los demás,Los demás,6,KILOGRAMO NETO,KN,true
21061010,Concentrados de proteínas,Concentrados de proteínas,6,KILOGRAMO NETO,KN,true
21061020,Sustancias proteicas texturadas,Sustancias proteicas texturadas,6,KILOGRAMO NETO,KN,true
21069010,"Polvos para la fabricación de budines, cremas, gelatinas y similares","Polvos para la fabricación de budines, cremas, gelatinas y similares",6,KILOGRAMO NETO,KN,true
21069020,Preparaciones compuestas no alcohólicas para la fabricación de bebidas,Preparaciones compuestas no alcohólicas para la fabricación de bebidas,6,KILOGRAMO NETO,KN,true
21069090,Las demás,Las demás,6,KILOGRAMO NETO,KN,true
22011000,Agua mineral y agua gaseada,Agua mineral y agua gaseada,9,LITRO,LT,true
22019000,Los demás,Los demás,9,LITRO,LT,true
22021000,"Agua, incluidas el agua mineral y la gaseada, con adición de azúcar u otro edulcorante o aromatizada","Agua, incluidas el agua mineral y la gaseada, con adición de azúcar u otro edulcorante o aromatizada",9,LITRO,LT,true
22029010,"Bebidas a base de jugos de una sola fruta, legumbre u hortaliza, enriquecidos con minerales y vitami","Bebidas a base de jugos de una sola fruta, legumbre u hortaliza, enriquecidos con minerales y vitaminas",9,LITRO,LT,true
22029020,"Bebidas a base de mezclas de jugos de frutas, legumbres u hortalizas, enriquecidos con minerales o v","Bebidas a base de mezclas de jugos de frutas, legumbres u hortalizas, enriquecidos con minerales o vitaminas",9,LITRO,LT,true
22029031,Con contenido lácteo superior al 50 %,Con contenido lácteo superior al 50 %,9,LITRO,LT,true
22029032,Con contenido lácteo inferior o igual al 50 %,Con contenido lácteo inferior o igual al 50 %,9,LITRO,LT,true
22029040,"Bebidas de fantasía gasificadas, con azúcar","Bebidas de fantasía gasificadas, con azúcar",9,LITRO,LT,true
22029050,"Bebidas de fantasía gasificadas, sin azúcar","Bebidas de fantasía gasificadas, sin azúcar",9,LITRO,LT,true
22029090,Las demás,Las demás,9,LITRO,LT,true
22030000,Cerveza de malta.,Cerveza de malta.,9,LITRO,LT,true
22041000,Vino espumoso,Vino espumoso,9,LITRO,LT,true
22042111,Sauvignon blanc,Sauvignon blanc,9,LITRO,LT,true
22042112,Chardonnay,Chardonnay,9,LITRO,LT,true
22042113,Mezclas,Mezclas,9,LITRO,LT,true
22042119,Los demás,Los demás,9,LITRO,LT,true
22042121,Cabernet sauvignon,Cabernet sauvignon,9,LITRO,LT,true
22042122,Merlot,Merlot,9,LITRO,LT,true
22042124,Carmenere,Carmenere,9,LITRO,LT,true
22042125,Syrah,Syrah,9,LITRO,LT,true
22042126,Pinot Noir,Pinot Noir,9,LITRO,LT,true
22042127,Mezclas,Mezclas,9,LITRO,LT,true
22042129,Los demás,Los demás,9,LITRO,LT,true
22042130,Los demás vinos con denominación de origen,Los demás vinos con denominación de origen,9,LITRO,LT,true
22042190,Los demás,Los demás,9,LITRO,LT,true
22042911,Tintos,Tintos,9,LITRO,LT,true
22042912,Blancos,Blancos,9,LITRO,LT,true
22042919,Los demás,Los demás,9,LITRO,LT,true
22042991,Tintos,Tintos,9,LITRO,LT,true
22042992,Blancos,Blancos,9,LITRO,LT,true
22042999,Los demás,Los demás,9,LITRO,LT,true
22043011,Mostos concentrados,Mostos concentrados,9,LITRO,LT,true
22043019,Los demás,Los demás,9,LITRO,LT,true
22043021,Mostos concentrados,Mostos concentrados,9,LITRO,LT,true
22043029,Los demás,Los demás,9,LITRO,LT,true
22043090,Los demás,Los demás,9,LITRO,LT,true
22051010,Vinos con pulpa de fruta,Vinos con pulpa de fruta,9,LITRO,LT,true
22051090,Los demás,Los demás,9,LITRO,LT,true
22059000,Los demás,Los demás,9,LITRO,LT,true
22060000,"Las demás bebidas fermentadas (por ejemplo: sidra, perada, aguamiel); mezclas de bebidas fermentada","Las demás bebidas fermentadas (por ejemplo: sidra, perada, aguamiel); mezclas de bebidas fermentadas y mezclas de bebidas fermentadas y bebidas no alcohólicas, no expresadas ni comprendidas en otra p",9,LITRO,LT,true
22071000,Alcohol etílico sin desnaturalizar con grado alcohólico volumétrico superior o igual al 80 % vol,Alcohol etílico sin desnaturalizar con grado alcohólico volumétrico superior o igual al 80 % vol,9,LITRO,LT,true
22072000,"Alcohol etílico y aguardiente desnaturalizados, de cualquier graduación","Alcohol etílico y aguardiente desnaturalizados, de cualquier graduación",9,LITRO,LT,true
22082010,De uva (pisco y similares),De uva (pisco y similares),9,LITRO,LT,true
22082090,Los demás,Los demás,9,LITRO,LT,true
22083010,De envejecimiento inferior o igual a 6 años,De envejecimiento inferior o igual a 6 años,9,LITRO,LT,true
22083020,De envejecimiento superior a 6 años pero inferior o igual a 12 años,De envejecimiento superior a 6 años pero inferior o igual a 12 años,9,LITRO,LT,true
22083090,Los demás,Los demás,9,LITRO,LT,true
22084010,Ron,Ron,9,LITRO,LT,true
22084090,Los demás,Los demás,9,LITRO,LT,true
22085010,Gin,Gin,9,LITRO,LT,true
22085020,Ginebra,Ginebra,9,LITRO,LT,true
22086000,Vodka,Vodka,9,LITRO,LT,true
22087000,Licores,Licores,9,LITRO,LT,true
22089010,Tequila,Tequila,9,LITRO,LT,true
22089090,Los demás,Los demás,9,LITRO,LT,true
22090000,Vinagre y sucedáneos del vinagre obtenidos a partir del ácido acético.,Vinagre y sucedáneos del vinagre obtenidos a partir del ácido acético.,9,LITRO,LT,true
23011000,"Harina, polvo y «pellets», de carne o despojos; chicharrones","Harina, polvo y «pellets», de carne o despojos; chicharrones",6,KILOGRAMO NETO,KN,true
23012011,Con un contenido de proteínas inferior al 66 % en peso (standard),Con un contenido de proteínas inferior al 66 % en peso (standard),6,KILOGRAMO NETO,KN,true
23012012,"Con un contenido de proteínas superior o igual al 66 % pero inferior o igual al 68 %, en peso (prim","Con un contenido de proteínas superior o igual al 66 % pero inferior o igual al 68 %, en peso (prime)",6,KILOGRAMO NETO,KN,true
23012013,Con un contenido de proteínas superior al 68 % en peso (super prime),Con un contenido de proteínas superior al 68 % en peso (super prime),6,KILOGRAMO NETO,KN,true
23012021,De langostinos,De langostinos,6,KILOGRAMO NETO,KN,true
23012022,De caparazón de crustáceos,De caparazón de crustáceos,6,KILOGRAMO NETO,KN,true
23012029,Las demás,Las demás,6,KILOGRAMO NETO,KN,true
23012090,Los demás,Los demás,6,KILOGRAMO NETO,KN,true
23021010,Salvados,Salvados,6,KILOGRAMO NETO,KN,true
23021090,Los demás,Los demás,6,KILOGRAMO NETO,KN,true
23023000,De trigo,De trigo,6,KILOGRAMO NETO,KN,true
23024000,De los demás cereales,De los demás cereales,6,KILOGRAMO NETO,KN,true
23025000,De leguminosas,De leguminosas,6,KILOGRAMO NETO,KN,true
23031000,Residuos de la industria del almidón y residuos similares,Residuos de la industria del almidón y residuos similares,6,KILOGRAMO NETO,KN,true
23032010,Coseta de remolacha,Coseta de remolacha,6,KILOGRAMO NETO,KN,true
23032090,Las demás,Las demás,6,KILOGRAMO NETO,KN,true
23033000,Heces y desperdicios de cervecería o de destilería,Heces y desperdicios de cervecería o de destilería,6,KILOGRAMO NETO,KN,true
23040010,Tortas,Tortas,6,KILOGRAMO NETO,KN,true
23040020,Harinas de tortas,Harinas de tortas,6,KILOGRAMO NETO,KN,true
23040030,«Pellets»,«Pellets»,6,KILOGRAMO NETO,KN,true
23040090,Los demás,Los demás,6,KILOGRAMO NETO,KN,true
23050000,"Tortas y demás residuos sólidos de la extracción del aceite de maní (cacahuate, cacahuete)*, incluso","Tortas y demás residuos sólidos de la extracción del aceite de maní (cacahuate, cacahuete)*, incluso molidos o en «pellets».",6,KILOGRAMO NETO,KN,true
23061000,De semillas de algodón,De semillas de algodón,6,KILOGRAMO NETO,KN,true
23062000,De semillas de lino,De semillas de lino,6,KILOGRAMO NETO,KN,true
23063010,Tortas,Tortas,6,KILOGRAMO NETO,KN,true
23063020,Harinas de tortas,Harinas de tortas,6,KILOGRAMO NETO,KN,true
23063030,«Pellets»,«Pellets»,6,KILOGRAMO NETO,KN,true
23063090,Los demás,Los demás,6,KILOGRAMO NETO,KN,true
23064100,Con bajo contenido de ácido erúcico,Con bajo contenido de ácido erúcico,6,KILOGRAMO NETO,KN,true
23064900,Los demás,Los demás,6,KILOGRAMO NETO,KN,true
23065000,De coco o de copra,De coco o de copra,6,KILOGRAMO NETO,KN,true
23066000,De nuez o de almendra de palma,De nuez o de almendra de palma,6,KILOGRAMO NETO,KN,true
23069000,Los demás,Los demás,6,KILOGRAMO NETO,KN,true
23070000,Lías o heces de vino; tártaro bruto.,Lías o heces de vino; tártaro bruto.,6,KILOGRAMO NETO,KN,true
23080000,"Materias vegetales y desperdicios vegetales, residuos y subproductos vegetales, incluso en «pellets»","Materias vegetales y desperdicios vegetales, residuos y subproductos vegetales, incluso en «pellets», de los tipos utilizados para la alimentación de los animales, no expresados ni comprendidos en otr",6,KILOGRAMO NETO,KN,true
23091011,Sustitutos lácteos para la alimentación de perros o gatos,Sustitutos lácteos para la alimentación de perros o gatos,6,KILOGRAMO NETO,KN,true
23091019,Los demás,Los demás,6,KILOGRAMO NETO,KN,true
23091021,Sustitutos lácteos para la alimentación de perros o gatos,Sustitutos lácteos para la alimentación de perros o gatos,6,KILOGRAMO NETO,KN,true
23091029,Los demás,Los demás,6,KILOGRAMO NETO,KN,true
23091090,Los demás,Los demás,6,KILOGRAMO NETO,KN,true
23099030,"Sustitutos lácteos para la alimentación de terneros, ovinos, caprinos o equinos","Sustitutos lácteos para la alimentación de terneros, ovinos, caprinos o equinos",6,KILOGRAMO NETO,KN,true
23099040,"Preparaciones constituidas principalmente por algas, por sus deshidratados y por subproductos de alg","Preparaciones constituidas principalmente por algas, por sus deshidratados y por subproductos de algas, para la alimentación de los animales",6,KILOGRAMO NETO,KN,true
23099050,Mezclas con contenido de materias de origen animal superior o igual a 20 %,Mezclas con contenido de materias de origen animal superior o igual a 20 %,6,KILOGRAMO NETO,KN,true
23099090,Las demás,Las demás,6,KILOGRAMO NETO,KN,true
24011010,Tabaco para envoltura,Tabaco para envoltura,6,KILOGRAMO NETO,KN,true
24011020,Para la fabricación de cigarros,Para la fabricación de cigarros,6,KILOGRAMO NETO,KN,true
24011090,Los demás,Los demás,6,KILOGRAMO NETO,KN,true
24012010,Tabaco para envoltura,Tabaco para envoltura,6,KILOGRAMO NETO,KN,true
24012020,Para la fabricación de cigarros,Para la fabricación de cigarros,6,KILOGRAMO NETO,KN,true
24012090,Los demás,Los demás,6,KILOGRAMO NETO,KN,true
24013000,Desperdicios de tabaco,Desperdicios de tabaco,6,KILOGRAMO NETO,KN,true
24021000,"Cigarros (puros) (incluso despuntados) y cigarritos (puritos), que contengan tabaco.","Cigarros (puros) (incluso despuntados) y cigarritos (puritos), que contengan tabaco.",6,KILOGRAMO NETO,KN,true
24022000,Cigarrillos que contengan tabaco,Cigarrillos que contengan tabaco,6,KILOGRAMO NETO,KN,true
24029000,Los demás,Los demás,6,KILOGRAMO NETO,KN,true
24031000,"Tabaco para fumar, incluso con sucedáneos de tabaco en cualquier proporción","Tabaco para fumar, incluso con sucedáneos de tabaco en cualquier proporción",6,KILOGRAMO NETO,KN,true
24039110,Del tipo utilizado para envolturas de tabaco,Del tipo utilizado para envolturas de tabaco,6,KILOGRAMO NETO,KN,true
24039190,Los demás,Los demás,6,KILOGRAMO NETO,KN,true
24039900,Los demás,Los demás,6,KILOGRAMO NETO,KN,true
25010020,"Sal gema, sal de salinas, sal marina","Sal gema, sal de salinas, sal marina",6,KILOGRAMO NETO,KN,true
25010030,Sal de mesa,Sal de mesa,6,KILOGRAMO NETO,KN,true
25010040,Cloruro de sodio puro,Cloruro de sodio puro,6,KILOGRAMO NETO,KN,true
25010090,Las demás,Las demás,6,KILOGRAMO NETO,KN,true
25020000,Piritas de hierro sin tostar.,Piritas de hierro sin tostar.,6,KILOGRAMO NETO,KN,true
25030000,"Azufre de cualquier clase, excepto el sublimado, el precipitado y el coloidal.","Azufre de cualquier clase, excepto el sublimado, el precipitado y el coloidal.",6,KILOGRAMO NETO,KN,true
25041000,En polvo o en escamas,En polvo o en escamas,6,KILOGRAMO NETO,KN,true
25049000,Los demás,Los demás,6,KILOGRAMO NETO,KN,true
25051000,Arenas silíceas y arenas cuarzosas,Arenas silíceas y arenas cuarzosas,6,KILOGRAMO NETO,KN,true
25059000,Las demás,Las demás,6,KILOGRAMO NETO,KN,true
25061000,Cuarzo,Cuarzo,6,KILOGRAMO NETO,KN,true
25062000,Cuarcita,Cuarcita,6,KILOGRAMO NETO,KN,true
25070000,"Caolín y demás arcillas caolínicas, incluso calcinados.","Caolín y demás arcillas caolínicas, incluso calcinados.",6,KILOGRAMO NETO,KN,true
25081000,Bentonita,Bentonita,6,KILOGRAMO NETO,KN,true
25083000,Arcillas refractarias,Arcillas refractarias,6,KILOGRAMO NETO,KN,true
25084000,Las demás arcillas,Las demás arcillas,6,KILOGRAMO NETO,KN,true
25085000,"Andalucita, cianita y silimanita","Andalucita, cianita y silimanita",6,KILOGRAMO NETO,KN,true
25086000,Mullita,Mullita,6,KILOGRAMO NETO,KN,true
25087000,Tierras de chamota o de dinas,Tierras de chamota o de dinas,6,KILOGRAMO NETO,KN,true
25090000,Creta.,Creta.,6,KILOGRAMO NETO,KN,true
25101000,Sin moler,Sin moler,6,KILOGRAMO NETO,KN,true
25102000,Molidos,Molidos,6,KILOGRAMO NETO,KN,true
25111000,Sulfato de bario natural (baritina),Sulfato de bario natural (baritina),6,KILOGRAMO NETO,KN,true
25112000,Carbonato de bario natural (witherita),Carbonato de bario natural (witherita),6,KILOGRAMO NETO,KN,true
25120000,"Harinas silíceas fósiles (por ejemplo: «kieselguhr», tripolita, diatomita) y demás tierras silíceas","Harinas silíceas fósiles (por ejemplo: «kieselguhr», tripolita, diatomita) y demás tierras silíceas análogas, de densidad aparente inferior o igual a 1, incluso calcinadas.",6,KILOGRAMO NETO,KN,true
25131000,Piedra pómez,Piedra pómez,6,KILOGRAMO NETO,KN,true
25132000,"Esmeril, corindón natural, granate natural y demás abrasivos naturales","Esmeril, corindón natural, granate natural y demás abrasivos naturales",6,KILOGRAMO NETO,KN,true
25140000,"Pizarra, incluso desbastada o simplemente troceada, por aserrado o de otro modo, en bloques o en pl","Pizarra, incluso desbastada o simplemente troceada, por aserrado o de otro modo, en bloques o en placas cuadradas o rectangulares.",6,KILOGRAMO NETO,KN,true
25151100,En bruto o desbastados,En bruto o desbastados,6,KILOGRAMO NETO,KN,true
25151200,"Simplemente troceados, por aserrado o de otro modo, en bloques o en placas cuadradas o rectangular","Simplemente troceados, por aserrado o de otro modo, en bloques o en placas cuadradas o rectangulares",6,KILOGRAMO NETO,KN,true
25152000,«Ecaussines» y demás piedras calizas de talla o de construcción; alabastro,«Ecaussines» y demás piedras calizas de talla o de construcción; alabastro,6,KILOGRAMO NETO,KN,true
25161100,En bruto o desbastado,En bruto o desbastado,6,KILOGRAMO NETO,KN,true
25161200,"Simplemente troceado, por aserrado o de otro modo, en bloques o en placas cuadradas o rectangulare","Simplemente troceado, por aserrado o de otro modo, en bloques o en placas cuadradas o rectangulares",6,KILOGRAMO NETO,KN,true
25162000,Arenisca,Arenisca,6,KILOGRAMO NETO,KN,true
25169000,Las demás piedras de talla o de construcción,Las demás piedras de talla o de construcción,6,KILOGRAMO NETO,KN,true
25171000,"Cantos, grava, piedras machacadas, de los tipos generalmente utilizados para hacer hormigón, o para","Cantos, grava, piedras machacadas, de los tipos generalmente utilizados para hacer hormigón, o para firmes de carreteras, vías férreas u otros balastos, guijarros y pedernal, incluso tratados térmic",6,KILOGRAMO NETO,KN,true
25172000,"Macadán de escorias o de desechos industriales similares, incluso con materiales citados en la subp","Macadán de escorias o de desechos industriales similares, incluso con materiales citados en la subpartida 2517.10",6,KILOGRAMO NETO,KN,true
25173000,Macadán alquitranado,Macadán alquitranado,6,KILOGRAMO NETO,KN,true
25174100,De mármol,De mármol,6,KILOGRAMO NETO,KN,true
25174900,Los demás,Los demás,6,KILOGRAMO NETO,KN,true
25181000,"Dolomita sin calcinar ni sinterizar, llamada «cruda»","Dolomita sin calcinar ni sinterizar, llamada «cruda»",6,KILOGRAMO NETO,KN,true
25182000,Dolomita calcinada o sinterizada,Dolomita calcinada o sinterizada,6,KILOGRAMO NETO,KN,true
25183000,Aglomerado de dolomita,Aglomerado de dolomita,6,KILOGRAMO NETO,KN,true
25191000,Carbonato de magnesio natural (magnesita),Carbonato de magnesio natural (magnesita),6,KILOGRAMO NETO,KN,true
25199010,"Óxido de magnesio, químicamente puro","Óxido de magnesio, químicamente puro",6,KILOGRAMO NETO,KN,true
25199090,Los demás,Los demás,6,KILOGRAMO NETO,KN,true
25201000,Yeso natural; anhidrita,Yeso natural; anhidrita,6,KILOGRAMO NETO,KN,true
25202000,Yeso fraguable,Yeso fraguable,6,KILOGRAMO NETO,KN,true
25210000,Castinas; piedras para la fabricación de cal o de cemento.,Castinas; piedras para la fabricación de cal o de cemento.,6,KILOGRAMO NETO,KN,true
25221000,Cal viva,Cal viva,6,KILOGRAMO NETO,KN,true
25222000,Cal apagada,Cal apagada,6,KILOGRAMO NETO,KN,true
25223000,Cal hidráulica,Cal hidráulica,6,KILOGRAMO NETO,KN,true
25231000,Cementos sin pulverizar («clinker»),Cementos sin pulverizar («clinker»),6,KILOGRAMO NETO,KN,true
25232100,"Cemento blanco, incluso coloreado artificialmente","Cemento blanco, incluso coloreado artificialmente",6,KILOGRAMO NETO,KN,true
25232900,Los demás,Los demás,6,KILOGRAMO NETO,KN,true
25233000,Cementos aluminosos,Cementos aluminosos,6,KILOGRAMO NETO,KN,true
25239000,Los demás cementos hidráulicos,Los demás cementos hidráulicos,6,KILOGRAMO NETO,KN,true
25241010,"En fibras, copos o polvo (CAS 12001-28-4)","En fibras, copos o polvo (CAS 12001-28-4)",6,KILOGRAMO NETO,KN,true
25241090,Los demás (CAS 12001-28-4),Los demás (CAS 12001-28-4),6,KILOGRAMO NETO,KN,true
25249010,Actinolita (CAS 77536-66-4),Actinolita (CAS 77536-66-4),6,KILOGRAMO NETO,KN,true
25249020,Antofilita (CAS 77536-67-5),Antofilita (CAS 77536-67-5),6,KILOGRAMO NETO,KN,true
25249030,Amosita (CAS 12172-73-5),Amosita (CAS 12172-73-5),6,KILOGRAMO NETO,KN,true
25249040,Crisotilo (CAS 12001-29-5),Crisotilo (CAS 12001-29-5),6,KILOGRAMO NETO,KN,true
25249050,Tremolita (CAS 77536-68-6),Tremolita (CAS 77536-68-6),6,KILOGRAMO NETO,KN,true
25249090,Los demás,Los demás,6,KILOGRAMO NETO,KN,true
25251000,Mica en bruto o exfoliada en hojas o en laminillas irregulares («splittings»),Mica en bruto o exfoliada en hojas o en laminillas irregulares («splittings»),6,KILOGRAMO NETO,KN,true
25252000,Mica en polvo,Mica en polvo,6,KILOGRAMO NETO,KN,true
25253000,Desperdicios de mica,Desperdicios de mica,6,KILOGRAMO NETO,KN,true
25261000,Sin triturar ni pulverizar,Sin triturar ni pulverizar,6,KILOGRAMO NETO,KN,true
25262000,Triturados o pulverizados,Triturados o pulverizados,6,KILOGRAMO NETO,KN,true
25281000,Boratos de sodio naturales y sus concentrados (incluso calcinados),Boratos de sodio naturales y sus concentrados (incluso calcinados),6,KILOGRAMO NETO,KN,true
25289010,Ulexita natural,Ulexita natural,6,KILOGRAMO NETO,KN,true
25289020,Boratos de sodio calcio,Boratos de sodio calcio,6,KILOGRAMO NETO,KN,true
25289090,Los demás,Los demás,6,KILOGRAMO NETO,KN,true
25291000,Feldespato,Feldespato,6,KILOGRAMO NETO,KN,true
25292100,Con un contenido de fluoruro de calcio inferior o igual al 97 % en peso,Con un contenido de fluoruro de calcio inferior o igual al 97 % en peso,6,KILOGRAMO NETO,KN,true
25292200,Con un contenido de fluoruro de calcio superior al 97 % en peso,Con un contenido de fluoruro de calcio superior al 97 % en peso,6,KILOGRAMO NETO,KN,true
25293000,Leucita; nefelina y nefelina sienita,Leucita; nefelina y nefelina sienita,6,KILOGRAMO NETO,KN,true
25301000,"Vermiculita, perlita y cloritas, sin dilatar","Vermiculita, perlita y cloritas, sin dilatar",6,KILOGRAMO NETO,KN,true
25302000,"Kieserita, epsomita (sulfatos de magnesio naturales)","Kieserita, epsomita (sulfatos de magnesio naturales)",6,KILOGRAMO NETO,KN,true
25309000,Las demás,Las demás,6,KILOGRAMO NETO,KN,true
26011110,Finos,Finos,6,KILOGRAMO NETO,KN,true
26011120,Granzas,Granzas,6,KILOGRAMO NETO,KN,true
26011190,Los demás,Los demás,6,KILOGRAMO NETO,KN,true
26011210,«Pellets»,«Pellets»,6,KILOGRAMO NETO,KN,true
26011290,Los demás,Los demás,6,KILOGRAMO NETO,KN,true
26012000,Piritas de hierro tostadas (cenizas de piritas),Piritas de hierro tostadas (cenizas de piritas),6,KILOGRAMO NETO,KN,true
26020000,"Minerales de manganeso y sus concentrados, incluidos los minerales de manganeso ferruginosos y sus c","Minerales de manganeso y sus concentrados, incluidos los minerales de manganeso ferruginosos y sus concentrados con un contenido de manganeso superior o igual al 20 % en peso, sobre producto seco.",6,KILOGRAMO NETO,KN,true
26030000,Minerales de cobre y sus concentrados.,Minerales de cobre y sus concentrados.,6,KILOGRAMO NETO,KN,true
26040000,Minerales de níquel y sus concentrados.,Minerales de níquel y sus concentrados.,6,KILOGRAMO NETO,KN,true
26050000,Minerales de cobalto y sus concentrados.,Minerales de cobalto y sus concentrados.,6,KILOGRAMO NETO,KN,true
26060000,Minerales de aluminio y sus concentrados.,Minerales de aluminio y sus concentrados.,6,KILOGRAMO NETO,KN,true
26070000,Minerales de plomo y sus concentrados.,Minerales de plomo y sus concentrados.,6,KILOGRAMO NETO,KN,true
26080000,Minerales de cinc y sus concentrados.,Minerales de cinc y sus concentrados.,6,KILOGRAMO NETO,KN,true
26090000,Minerales de estaño y sus concentrados.,Minerales de estaño y sus concentrados.,6,KILOGRAMO NETO,KN,true
26100000,Minerales de cromo y sus concentrados.,Minerales de cromo y sus concentrados.,6,KILOGRAMO NETO,KN,true
26110000,Minerales de volframio (tungsteno) y sus concentrados.,Minerales de volframio (tungsteno) y sus concentrados.,6,KILOGRAMO NETO,KN,true
26121000,Minerales de uranio y sus concentrados,Minerales de uranio y sus concentrados,6,KILOGRAMO NETO,KN,true
26122000,Minerales de torio y sus concentrados,Minerales de torio y sus concentrados,6,KILOGRAMO NETO,KN,true
26131010,Concentrados,Concentrados,6,KILOGRAMO NETO,KN,true
26131090,Los demás,Los demás,6,KILOGRAMO NETO,KN,true
26139010,Concentrados sin tostar,Concentrados sin tostar,6,KILOGRAMO NETO,KN,true
26139090,Los demás,Los demás,6,KILOGRAMO NETO,KN,true
26140000,Minerales de titanio y sus concentrados.,Minerales de titanio y sus concentrados.,6,KILOGRAMO NETO,KN,true
26151000,Minerales de circonio y sus concentrados,Minerales de circonio y sus concentrados,6,KILOGRAMO NETO,KN,true
26159000,Los demás,Los demás,6,KILOGRAMO NETO,KN,true
26161000,Minerales de plata y sus concentrados,Minerales de plata y sus concentrados,6,KILOGRAMO NETO,KN,true
26169010,De oro,De oro,6,KILOGRAMO NETO,KN,true
26169090,Los demás,Los demás,6,KILOGRAMO NETO,KN,true
26171000,Minerales de antimonio y sus concentrados,Minerales de antimonio y sus concentrados,6,KILOGRAMO NETO,KN,true
26179000,Los demás,Los demás,6,KILOGRAMO NETO,KN,true
26180000,Escorias granuladas (arena de escorias) de la siderurgia.,Escorias granuladas (arena de escorias) de la siderurgia.,6,KILOGRAMO NETO,KN,true
26190000,"Escorias (excepto las granuladas), batiduras y demás desperdicios de la siderurgia.","Escorias (excepto las granuladas), batiduras y demás desperdicios de la siderurgia.",6,KILOGRAMO NETO,KN,true
26201100,Matas de galvanización,Matas de galvanización,6,KILOGRAMO NETO,KN,true
26201900,Los demás,Los demás,6,KILOGRAMO NETO,KN,true
26202100,Lodos de gasolina con plomo y lodos de compuestos antidetonantes con plomo,Lodos de gasolina con plomo y lodos de compuestos antidetonantes con plomo,6,KILOGRAMO NETO,KN,true
26202900,Los demás,Los demás,6,KILOGRAMO NETO,KN,true
26203000,Que contengan principalmente cobre,Que contengan principalmente cobre,6,KILOGRAMO NETO,KN,true
26204000,Que contengan principalmente aluminio,Que contengan principalmente aluminio,6,KILOGRAMO NETO,KN,true
26206000,"Que contengan arsénico, mercurio, talio o sus mezclas, de los tipos utilizados para la extracción de","Que contengan arsénico, mercurio, talio o sus mezclas, de los tipos utilizados para la extracción de arsénico o de estos metales o para la elaboración de sus compuestos químicos.",6,KILOGRAMO NETO,KN,true
26209100,"Que contengan antimonio, berilio, cadmio, cromo o sus mezclas","Que contengan antimonio, berilio, cadmio, cromo o sus mezclas",6,KILOGRAMO NETO,KN,true
26209910,Que contengan principalmente oro,Que contengan principalmente oro,6,KILOGRAMO NETO,KN,true
26209920,Que contengan principalmente plata,Que contengan principalmente plata,6,KILOGRAMO NETO,KN,true
26209990,Los demás,Los demás,6,KILOGRAMO NETO,KN,true
26211000,Cenizas y residuos procedentes de la incineración de desechos y desperdicios municipales,Cenizas y residuos procedentes de la incineración de desechos y desperdicios municipales,6,KILOGRAMO NETO,KN,true
26219010,Cenizas de hueso,Cenizas de hueso,6,KILOGRAMO NETO,KN,true
26219090,Las demás,Las demás,6,KILOGRAMO NETO,KN,true
27011100,Antracitas,Antracitas,6,KILOGRAMO NETO,KN,true
27011210,Para uso metalúrgico,Para uso metalúrgico,6,KILOGRAMO NETO,KN,true
27011220,Para uso térmico,Para uso térmico,6,KILOGRAMO NETO,KN,true
27011290,Las demás,Las demás,6,KILOGRAMO NETO,KN,true
27011900,Las demás hullas,Las demás hullas,6,KILOGRAMO NETO,KN,true
27012000,"Briquetas, ovoides y combustibles sólidos similares, obtenidos de la hulla.","Briquetas, ovoides y combustibles sólidos similares, obtenidos de la hulla.",6,KILOGRAMO NETO,KN,true
27021000,"Lignitos, incluso pulverizados, pero sin aglomerar","Lignitos, incluso pulverizados, pero sin aglomerar",6,KILOGRAMO NETO,KN,true
27022000,Lignitos aglomerados,Lignitos aglomerados,6,KILOGRAMO NETO,KN,true
27030000,"Turba (comprendida la utilizada para cama de animales), incluso aglomerada.","Turba (comprendida la utilizada para cama de animales), incluso aglomerada.",6,KILOGRAMO NETO,KN,true
27040000,"Coques y semicoques de hulla, lignito o turba, incluso aglomerados; carbón de retorta.","Coques y semicoques de hulla, lignito o turba, incluso aglomerados; carbón de retorta.",6,KILOGRAMO NETO,KN,true
27050000,"Gas de hulla, gas de agua, gas pobre y gases similares, excepto el gas de petróleo y demás hidrocarb","Gas de hulla, gas de agua, gas pobre y gases similares, excepto el gas de petróleo y demás hidrocarburos gaseosos.",6,KILOGRAMO NETO,KN,true
27060000,"Alquitranes de hulla, lignito o turba y demás alquitranes minerales, aunque estén deshidratados o de","Alquitranes de hulla, lignito o turba y demás alquitranes minerales, aunque estén deshidratados o descabezados, incluidos los alquitranes reconstituidos.",6,KILOGRAMO NETO,KN,true
27071000,Benzol (benceno),Benzol (benceno),6,KILOGRAMO NETO,KN,true
27072000,Toluol (tolueno),Toluol (tolueno),6,KILOGRAMO NETO,KN,true
27073000,Xilol (xilenos),Xilol (xilenos),6,KILOGRAMO NETO,KN,true
27074000,Naftaleno,Naftaleno,6,KILOGRAMO NETO,KN,true
27075000,"Las demás mezclas de hidrocarburos aromáticos que destilen, incluidas las pérdidas, una proporción","Las demás mezclas de hidrocarburos aromáticos que destilen, incluidas las pérdidas, una proporción superior o igual al 65 % en volúmen a 250 ° C, según la norma ASTM D 86",6,KILOGRAMO NETO,KN,true
27079100,Aceites de creosota,Aceites de creosota,6,KILOGRAMO NETO,KN,true
27079900,Los demás,Los demás,6,KILOGRAMO NETO,KN,true
27081000,Brea,Brea,6,KILOGRAMO NETO,KN,true
27082000,Coque de brea,Coque de brea,6,KILOGRAMO NETO,KN,true
27090010,Con grados API inferior a 25,Con grados API inferior a 25,6,KILOGRAMO NETO,KN,true
27090020,Con grados API superior o igual a 25,Con grados API superior o igual a 25,6,KILOGRAMO NETO,KN,true
27101110,"Eter de petróleo (nafta solvente, bencina de extracción)","Eter de petróleo (nafta solvente, bencina de extracción)",6,KILOGRAMO NETO,KN,true
27101121,"Para vehículos terrestres, con plomo","Para vehículos terrestres, con plomo",6,KILOGRAMO NETO,KN,true
27101122,"Para vehículos terrestres, sin plomo, de 93 octanos","Para vehículos terrestres, sin plomo, de 93 octanos",6,KILOGRAMO NETO,KN,true
27101123,"Para vehículos terrestres, sin plomo, de 97 octanos","Para vehículos terrestres, sin plomo, de 97 octanos",6,KILOGRAMO NETO,KN,true
27101124,"Para vehículos terrestres, sin plomo, de 86 octanos","Para vehículos terrestres, sin plomo, de 86 octanos",6,KILOGRAMO NETO,KN,true
27101125,"Para vehículos terrestres; sin plomo, de 87 octanos","Para vehículos terrestres; sin plomo, de 87 octanos",6,KILOGRAMO NETO,KN,true
27101126,"Para vehículos terrestres, sin plomo, de 90 octanos","Para vehículos terrestres, sin plomo, de 90 octanos",6,KILOGRAMO NETO,KN,true
27101127,"Para vehículos terrestres, sin plomo, de 95 octanos","Para vehículos terrestres, sin plomo, de 95 octanos",6,KILOGRAMO NETO,KN,true
27101129,Las demás,Las demás,6,KILOGRAMO NETO,KN,true
27101130,Espíritu de petróleo (White spirits),Espíritu de petróleo (White spirits),6,KILOGRAMO NETO,KN,true
27101190,Los demás,Los demás,6,KILOGRAMO NETO,KN,true
27101910,Gasolina para aviación,Gasolina para aviación,6,KILOGRAMO NETO,KN,true
27101920,Kerosene,Kerosene,6,KILOGRAMO NETO,KN,true
27101930,Combustibles para motores a reacción,Combustibles para motores a reacción,6,KILOGRAMO NETO,KN,true
27101940,"Aceites combustibles destilados (gasoil, diesel oil)","Aceites combustibles destilados (gasoil, diesel oil)",6,KILOGRAMO NETO,KN,true
27101951,Fuel oil 6,Fuel oil 6,6,KILOGRAMO NETO,KN,true
27101959,Los demás,Los demás,6,KILOGRAMO NETO,KN,true
27101961,Aceites básicos,Aceites básicos,6,KILOGRAMO NETO,KN,true
27101962,"Aceites blancos (de vaselina, de parafina)","Aceites blancos (de vaselina, de parafina)",6,KILOGRAMO NETO,KN,true
27101963,Aceites lubricantes terminados,Aceites lubricantes terminados,6,KILOGRAMO NETO,KN,true
27101964,Grasas lubricantes,Grasas lubricantes,6,KILOGRAMO NETO,KN,true
27101991,Aceites aislantes para uso eléctrico,Aceites aislantes para uso eléctrico,6,KILOGRAMO NETO,KN,true
27101992,Solventes a base de mezclas de hidrocarburos parafínicos aromáticos y nafténicos,Solventes a base de mezclas de hidrocarburos parafínicos aromáticos y nafténicos,6,KILOGRAMO NETO,KN,true
27101999,Los demás,Los demás,6,KILOGRAMO NETO,KN,true
27109100,"Que contengan difenilos policlorados (PCB), terfenilos policlorados (PCT) o difenilos polibromados","Que contengan difenilos policlorados (PCB), terfenilos policlorados (PCT) o difenilos polibromados (PBB)",6,KILOGRAMO NETO,KN,true
27109910,"Aceites lubricantes de desecho, no aptos para el uso al que","Aceites lubricantes de desecho, no aptos para el uso al que",6,KILOGRAMO NETO,KN,true
27109990,Los demás,Los demás,6,KILOGRAMO NETO,KN,true
27111100,Gas natural,Gas natural,6,KILOGRAMO NETO,KN,true
27111200,Propano,Propano,6,KILOGRAMO NETO,KN,true
27111300,Butanos,Butanos,6,KILOGRAMO NETO,KN,true
27111400,"Etileno, propileno, butileno y butadieno","Etileno, propileno, butileno y butadieno",6,KILOGRAMO NETO,KN,true
27111900,Los demás,Los demás,6,KILOGRAMO NETO,KN,true
27112100,Gas natural,Gas natural,6,KILOGRAMO NETO,KN,true
27112900,Los demás,Los demás,6,KILOGRAMO NETO,KN,true
27121000,Vaselina,Vaselina,6,KILOGRAMO NETO,KN,true
27122000,"Parafina con un contenido de aceite inferior al 0,75 % en peso","Parafina con un contenido de aceite inferior al 0,75 % en peso",6,KILOGRAMO NETO,KN,true
27129010,"Parafina que contenga en peso 0,75 % o más de aceite","Parafina que contenga en peso 0,75 % o más de aceite",6,KILOGRAMO NETO,KN,true
27129090,Los demás,Los demás,6,KILOGRAMO NETO,KN,true
27131100,Sin calcinar,Sin calcinar,6,KILOGRAMO NETO,KN,true
27131200,Calcinado,Calcinado,6,KILOGRAMO NETO,KN,true
27132000,Betún de petróleo,Betún de petróleo,6,KILOGRAMO NETO,KN,true
27139000,Los demás residuos de los aceites de petróleo o de mineral bituminoso,Los demás residuos de los aceites de petróleo o de mineral bituminoso,6,KILOGRAMO NETO,KN,true
27141000,Pizarras y arenas bituminosas,Pizarras y arenas bituminosas,6,KILOGRAMO NETO,KN,true
27149000,Los demás,Los demás,6,KILOGRAMO NETO,KN,true
27150000,"Mezclas bituminosas a base de asfalto o de betún naturales, de betún de petróleo, de alquitrán miner","Mezclas bituminosas a base de asfalto o de betún naturales, de betún de petróleo, de alquitrán mineral o de brea de alquitrán mineral (por ejemplo: mástiques bituminosos, «cut backs»).",6,KILOGRAMO NETO,KN,true
27160000,Energía eléctrica (partida discrecional).,Energía eléctrica (partida discrecional).,3,1000 KILOWATT HORA,MKWH,true
28011000,Cloro,Cloro,6,KILOGRAMO NETO,KN,true
28012000,Yodo,Yodo,6,KILOGRAMO NETO,KN,true
28013000,Flúor; bromo,Flúor; bromo,6,KILOGRAMO NETO,KN,true
28020000,Azufre sublimado o precipitado; azufre coloidal.,Azufre sublimado o precipitado; azufre coloidal.,6,KILOGRAMO NETO,KN,true
28030000,Carbono (negros de humo y otras formas de carbono no expresadas ni comprendidas en otra parte).,Carbono (negros de humo y otras formas de carbono no expresadas ni comprendidas en otra parte).,6,KILOGRAMO NETO,KN,true
28041000,Hidrógeno,Hidrógeno,16,METRO CÚBICO,MT3,true
28042100,Argón,Argón,16,METRO CÚBICO,MT3,true
28042900,Los demás,Los demás,16,METRO CÚBICO,MT3,true
28043000,Nitrógeno,Nitrógeno,16,METRO CÚBICO,MT3,true
28044000,Oxígeno,Oxígeno,16,METRO CÚBICO,MT3,true
28045000,Boro; telurio,Boro; telurio,6,KILOGRAMO NETO,KN,true
28046100,"Con un contenido de silicio superior o igual al 99,99 % en peso","Con un contenido de silicio superior o igual al 99,99 % en peso",6,KILOGRAMO NETO,KN,true
28046900,Los demás,Los demás,6,KILOGRAMO NETO,KN,true
28047000,Fósforo,Fósforo,6,KILOGRAMO NETO,KN,true
28048000,Arsénico,Arsénico,6,KILOGRAMO NETO,KN,true
28049000,Selenio,Selenio,6,KILOGRAMO NETO,KN,true
28051100,Sodio,Sodio,6,KILOGRAMO NETO,KN,true
28051200,Calcio,Calcio,6,KILOGRAMO NETO,KN,true
28051900,Los demás,Los demás,6,KILOGRAMO NETO,KN,true
28053000,"Metales de las tierras raras, escandio e itrio, incluso mezclados o aleados entre sí.","Metales de las tierras raras, escandio e itrio, incluso mezclados o aleados entre sí.",6,KILOGRAMO NETO,KN,true
28054000,Mercurio,Mercurio,6,KILOGRAMO NETO,KN,true
28061000,Cloruro de hidrógeno (ácido clorhídrico),Cloruro de hidrógeno (ácido clorhídrico),6,KILOGRAMO NETO,KN,true
28062000,Ácido clorosulfúrico,Ácido clorosulfúrico,6,KILOGRAMO NETO,KN,true
28070000,Ácido sulfúrico; oleum.,Ácido sulfúrico; oleum.,6,KILOGRAMO NETO,KN,true
28080000,Ácido nítrico; ácidos sulfonítricos.,Ácido nítrico; ácidos sulfonítricos.,6,KILOGRAMO NETO,KN,true
28091000,Pentóxido de difósforo,Pentóxido de difósforo,6,KILOGRAMO NETO,KN,true
28092010,Ácido ortofosfórico o fosfórico,Ácido ortofosfórico o fosfórico,6,KILOGRAMO NETO,KN,true
28092090,Los demás,Los demás,6,KILOGRAMO NETO,KN,true
28100010,Óxidos de boro,Óxidos de boro,6,KILOGRAMO NETO,KN,true
28100020,Ácidos bóricos,Ácidos bóricos,6,KILOGRAMO NETO,KN,true
28111100,Fluoruro de hidrógeno (ácido fluorhídrico),Fluoruro de hidrógeno (ácido fluorhídrico),6,KILOGRAMO NETO,KN,true
28111910,"Cianuro de hidrógeno (CAS 74-90-8) (Formonitrilo, Evercin, Ácido prúsico, Ácido hidrociánico)*","Cianuro de hidrógeno (CAS 74-90-8) (Formonitrilo, Evercin, Ácido prúsico, Ácido hidrociánico)*",6,KILOGRAMO NETO,KN,true
28111990,Los demás,Los demás,6,KILOGRAMO NETO,KN,true
28112100,Dióxido de carbono,Dióxido de carbono,6,KILOGRAMO NETO,KN,true
28112200,Dióxido de silicio,Dióxido de silicio,6,KILOGRAMO NETO,KN,true
28112910,"Anhídrido arsenioso (Trióxido de arsénico, Óxido arsenioso, Arsénico blanco)","Anhídrido arsenioso (Trióxido de arsénico, Óxido arsenioso, Arsénico blanco)",6,KILOGRAMO NETO,KN,true
28112920,Anhídrido sulfúrico (Trióxido de S),Anhídrido sulfúrico (Trióxido de S),6,KILOGRAMO NETO,KN,true
28112990,Los demás,Los demás,6,KILOGRAMO NETO,KN,true
28121010,"Tricloruro de arsénico (CAS 7784-34-1) (Cloruro arsénico (III), Cloruro arsenioso, Arsénico líquido","Tricloruro de arsénico (CAS 7784-34-1) (Cloruro arsénico (III), Cloruro arsenioso, Arsénico líquido fumante, Tricloroarsina)*",6,KILOGRAMO NETO,KN,true
28121020,"Tricloruro de fósforo (CAS 7719-12-2) (Triclorofosforano, Clorurofosforoso)*","Tricloruro de fósforo (CAS 7719-12-2) (Triclorofosforano, Clorurofosforoso)*",6,KILOGRAMO NETO,KN,true
28121030,"Pentacloruro de fósforo (CAS 10026-13-8) (Cloruro fosfórico, Percloruro de fósforo, Pentaclorofosfor","Pentacloruro de fósforo (CAS 10026-13-8) (Cloruro fosfórico, Percloruro de fósforo, Pentaclorofosforano)*",6,KILOGRAMO NETO,KN,true
28121040,Monocloruro de azufre (CAS 10025-67-9) (Cloruro de azufre)*,Monocloruro de azufre (CAS 10025-67-9) (Cloruro de azufre)*,6,KILOGRAMO NETO,KN,true
28121050,Dicloruro de azufre (CAS 10545-99-0),Dicloruro de azufre (CAS 10545-99-0),6,KILOGRAMO NETO,KN,true
28121060,"Dicloruro de carbonilo (CAS 75-44-5) (Fosgeno, CG, Dicloroformaldehido, Oxicloruro de carbono)*","Dicloruro de carbonilo (CAS 75-44-5) (Fosgeno, CG, Dicloroformaldehido, Oxicloruro de carbono)*",6,KILOGRAMO NETO,KN,true
28121070,Oxicloruro de fósforo (CAS 10025-87-3) (Cloruro de fosfonilo)*,Oxicloruro de fósforo (CAS 10025-87-3) (Cloruro de fosfonilo)*,6,KILOGRAMO NETO,KN,true
28121080,Cloruro de tionilo (CAS 7719-09-7) (Oxicloruro sulfuroso)*,Cloruro de tionilo (CAS 7719-09-7) (Oxicloruro sulfuroso)*,6,KILOGRAMO NETO,KN,true
28121090,Los demás,Los demás,6,KILOGRAMO NETO,KN,true
28129000,Los demás,Los demás,6,KILOGRAMO NETO,KN,true
28131000,Disulfuro de carbono,Disulfuro de carbono,6,KILOGRAMO NETO,KN,true
28139010,Pentasulfuro de fósforo,Pentasulfuro de fósforo,6,KILOGRAMO NETO,KN,true
28139090,Los demás,Los demás,6,KILOGRAMO NETO,KN,true
28141000,Amoníaco anhidro,Amoníaco anhidro,6,KILOGRAMO NETO,KN,true
28142000,Amoníaco en disolución acuosa,Amoníaco en disolución acuosa,6,KILOGRAMO NETO,KN,true
28151100,Sólido,Sólido,6,KILOGRAMO NETO,KN,true
28151200,En disolución acuosa (lejía de sosa o soda cáustica),En disolución acuosa (lejía de sosa o soda cáustica),6,KILOGRAMO NETO,KN,true
28152000,Hidróxido de potasio (potasa cáustica),Hidróxido de potasio (potasa cáustica),6,KILOGRAMO NETO,KN,true
28153000,Peróxidos de sodio o de potasio,Peróxidos de sodio o de potasio,6,KILOGRAMO NETO,KN,true
28161000,Hidróxido y peróxido de magnesio,Hidróxido y peróxido de magnesio,6,KILOGRAMO NETO,KN,true
28164000,"Óxidos, hidróxidos y peróxidos, de estroncio o de bario","Óxidos, hidróxidos y peróxidos, de estroncio o de bario",6,KILOGRAMO NETO,KN,true
28170000,Óxido de cinc; peróxido de cinc.,Óxido de cinc; peróxido de cinc.,6,KILOGRAMO NETO,KN,true
28181000,"Corindón artificial, aunque no sea de constitución química definida","Corindón artificial, aunque no sea de constitución química definida",6,KILOGRAMO NETO,KN,true
28182000,"Óxido de aluminio, excepto el corindón artificial","Óxido de aluminio, excepto el corindón artificial",6,KILOGRAMO NETO,KN,true
28183000,Hidróxido de aluminio,Hidróxido de aluminio,6,KILOGRAMO NETO,KN,true
28191000,Trióxido de cromo,Trióxido de cromo,6,KILOGRAMO NETO,KN,true
28199000,Los demás,Los demás,6,KILOGRAMO NETO,KN,true
28201000,Dióxido de manganeso,Dióxido de manganeso,6,KILOGRAMO NETO,KN,true
28209000,Los demás,Los demás,6,KILOGRAMO NETO,KN,true
28211000,Óxidos e hidróxidos de hierro,Óxidos e hidróxidos de hierro,6,KILOGRAMO NETO,KN,true
28212000,Tierras colorantes,Tierras colorantes,6,KILOGRAMO NETO,KN,true
28220000,Óxidos e hidróxidos de cobalto; óxidos de cobalto comerciales.,Óxidos e hidróxidos de cobalto; óxidos de cobalto comerciales.,6,KILOGRAMO NETO,KN,true
28230000,Óxidos de titanio.,Óxidos de titanio.,6,KILOGRAMO NETO,KN,true
28241000,"Monóxido de plomo (litargirio, masicote)","Monóxido de plomo (litargirio, masicote)",6,KILOGRAMO NETO,KN,true
28249000,Los demás,Los demás,6,KILOGRAMO NETO,KN,true
28251000,Hidrazina e hidroxilamina y sus sales inorgánicas,Hidrazina e hidroxilamina y sus sales inorgánicas,6,KILOGRAMO NETO,KN,true
28252000,Óxido e hidróxido de litio,Óxido e hidróxido de litio,6,KILOGRAMO NETO,KN,true
28253000,Óxidos e hidróxidos de vanadio,Óxidos e hidróxidos de vanadio,6,KILOGRAMO NETO,KN,true
28254000,Óxidos e hidróxidos de níquel,Óxidos e hidróxidos de níquel,6,KILOGRAMO NETO,KN,true
28255000,Óxidos e hidróxidos de cobre,Óxidos e hidróxidos de cobre,6,KILOGRAMO NETO,KN,true
28256000,Óxidos de germanio y dióxido de circonio,Óxidos de germanio y dióxido de circonio,6,KILOGRAMO NETO,KN,true
28257010,Trióxido de molibdeno,Trióxido de molibdeno,6,KILOGRAMO NETO,KN,true
28257020,Los demás óxidos de molibdeno,Los demás óxidos de molibdeno,6,KILOGRAMO NETO,KN,true
28257030,Hidróxidos de molibdeno,Hidróxidos de molibdeno,6,KILOGRAMO NETO,KN,true
28258000,Óxidos de antimonio,Óxidos de antimonio,6,KILOGRAMO NETO,KN,true
28259000,Los demás,Los demás,6,KILOGRAMO NETO,KN,true
28261200,De aluminio,De aluminio,6,KILOGRAMO NETO,KN,true
28261900,Los demás,Los demás,6,KILOGRAMO NETO,KN,true
28263000,Hexafluoroaluminato de sodio (criolita sintética),Hexafluoroaluminato de sodio (criolita sintética),6,KILOGRAMO NETO,KN,true
28269000,Los demás,Los demás,6,KILOGRAMO NETO,KN,true
28271000,Cloruro de amonio,Cloruro de amonio,6,KILOGRAMO NETO,KN,true
28272000,Cloruro de calcio,Cloruro de calcio,6,KILOGRAMO NETO,KN,true
28273100,De magnesio,De magnesio,6,KILOGRAMO NETO,KN,true
28273200,De aluminio,De aluminio,6,KILOGRAMO NETO,KN,true
28273500,De níquel,De níquel,6,KILOGRAMO NETO,KN,true
28273910,De estaño,De estaño,6,KILOGRAMO NETO,KN,true
28273920,De cobre (cuproso),De cobre (cuproso),6,KILOGRAMO NETO,KN,true
28273930,De litio,De litio,6,KILOGRAMO NETO,KN,true
28273990,Los demás,Los demás,6,KILOGRAMO NETO,KN,true
28274100,De cobre,De cobre,6,KILOGRAMO NETO,KN,true
28274900,Los demás,Los demás,6,KILOGRAMO NETO,KN,true
28275100,Bromuros de sodio o potasio,Bromuros de sodio o potasio,6,KILOGRAMO NETO,KN,true
28275900,Los demás,Los demás,6,KILOGRAMO NETO,KN,true
28276010,Yoduro de sodio,Yoduro de sodio,6,KILOGRAMO NETO,KN,true
28276020,Yoduro de potasio,Yoduro de potasio,6,KILOGRAMO NETO,KN,true
28276090,Los demás,Los demás,6,KILOGRAMO NETO,KN,true
28281000,Hipoclorito de calcio comercial y demás hipocloritos de calcio.,Hipoclorito de calcio comercial y demás hipocloritos de calcio.,6,KILOGRAMO NETO,KN,true
28289000,Los demás,Los demás,6,KILOGRAMO NETO,KN,true
28291100,De sodio,De sodio,6,KILOGRAMO NETO,KN,true
28291900,Los demás,Los demás,6,KILOGRAMO NETO,KN,true
28299010,Yodato de potasio,Yodato de potasio,6,KILOGRAMO NETO,KN,true
28299020,Yodato de calcio,Yodato de calcio,6,KILOGRAMO NETO,KN,true
28299090,Los demás,Los demás,6,KILOGRAMO NETO,KN,true
28301010,Neutro,Neutro,6,KILOGRAMO NETO,KN,true
28301022,En disolución acuosa,En disolución acuosa,6,KILOGRAMO NETO,KN,true
28301029,Los demás,Los demás,6,KILOGRAMO NETO,KN,true
28309010,Sulfuro de cinc,Sulfuro de cinc,6,KILOGRAMO NETO,KN,true
28309020,Sulfuro de cadmio,Sulfuro de cadmio,6,KILOGRAMO NETO,KN,true
28309090,Los demás,Los demás,6,KILOGRAMO NETO,KN,true
28311000,De sodio,De sodio,6,KILOGRAMO NETO,KN,true
28319000,Los demás,Los demás,6,KILOGRAMO NETO,KN,true
28321000,Sulfitos de sodio,Sulfitos de sodio,6,KILOGRAMO NETO,KN,true
28322000,Los demás sulfitos,Los demás sulfitos,6,KILOGRAMO NETO,KN,true
28323000,Tiosulfatos,Tiosulfatos,6,KILOGRAMO NETO,KN,true
28331100,Sulfato de disodio,Sulfato de disodio,6,KILOGRAMO NETO,KN,true
28331900,Los demás,Los demás,6,KILOGRAMO NETO,KN,true
28332100,De magnesio,De magnesio,6,KILOGRAMO NETO,KN,true
28332200,De aluminio,De aluminio,6,KILOGRAMO NETO,KN,true
28332400,De níquel,De níquel,6,KILOGRAMO NETO,KN,true
28332500,De cobre,De cobre,6,KILOGRAMO NETO,KN,true
28332700,De bario,De bario,6,KILOGRAMO NETO,KN,true
28332910,De cobalto,De cobalto,6,KILOGRAMO NETO,KN,true
28332990,Los demás,Los demás,6,KILOGRAMO NETO,KN,true
28333000,Alumbres,Alumbres,6,KILOGRAMO NETO,KN,true
28334000,Peroxosulfatos (persulfatos),Peroxosulfatos (persulfatos),6,KILOGRAMO NETO,KN,true
28341000,Nitritos,Nitritos,6,KILOGRAMO NETO,KN,true
28342110,Con un contenido de nitrato de potasio inferior o igual a 98 % en peso,Con un contenido de nitrato de potasio inferior o igual a 98 % en peso,6,KILOGRAMO NETO,KN,true
28342190,Los demás,Los demás,6,KILOGRAMO NETO,KN,true
28342900,Los demás,Los demás,6,KILOGRAMO NETO,KN,true
28351000,Fosfinatos (hipofosfitos) y fosfonatos (fosfitos),Fosfinatos (hipofosfitos) y fosfonatos (fosfitos),6,KILOGRAMO NETO,KN,true
28352200,De monosodio o de disodio,De monosodio o de disodio,6,KILOGRAMO NETO,KN,true
28352400,De potasio,De potasio,6,KILOGRAMO NETO,KN,true
28352500,Hidrogenoortofosfato de calcio («fosfato dicálcico»),Hidrogenoortofosfato de calcio («fosfato dicálcico»),6,KILOGRAMO NETO,KN,true
28352600,Los demás fosfatos de calcio,Los demás fosfatos de calcio,6,KILOGRAMO NETO,KN,true
28352900,Los demás,Los demás,6,KILOGRAMO NETO,KN,true
28353100,Trifosfato de sodio (tripolifosfato de sodio),Trifosfato de sodio (tripolifosfato de sodio),6,KILOGRAMO NETO,KN,true
28353900,Los demás,Los demás,6,KILOGRAMO NETO,KN,true
28362010,Ceniza de soda liviana,Ceniza de soda liviana,6,KILOGRAMO NETO,KN,true
28362020,Ceniza de soda pesada,Ceniza de soda pesada,6,KILOGRAMO NETO,KN,true
28362030,Carbonato de sodio,Carbonato de sodio,6,KILOGRAMO NETO,KN,true
28363000,Hidrogenocarbonato (bicarbonato) de sodio,Hidrogenocarbonato (bicarbonato) de sodio,6,KILOGRAMO NETO,KN,true
28364000,Carbonatos de potasio,Carbonatos de potasio,6,KILOGRAMO NETO,KN,true
28365000,Carbonato de calcio,Carbonato de calcio,6,KILOGRAMO NETO,KN,true
28366000,Carbonato de bario,Carbonato de bario,6,KILOGRAMO NETO,KN,true
28369100,Carbonatos de litio,Carbonatos de litio,6,KILOGRAMO NETO,KN,true
28369200,Carbonato de estroncio,Carbonato de estroncio,6,KILOGRAMO NETO,KN,true
28369910,Peroxocarbonatos (Percarbonatos),Peroxocarbonatos (Percarbonatos),6,KILOGRAMO NETO,KN,true
28369990,Los demás,Los demás,6,KILOGRAMO NETO,KN,true
28371110,Cianuros,Cianuros,6,KILOGRAMO NETO,KN,true
28371120,Oxicianuros,Oxicianuros,6,KILOGRAMO NETO,KN,true
28371900,Los demás,Los demás,6,KILOGRAMO NETO,KN,true
28372000,Cianuros complejos,Cianuros complejos,6,KILOGRAMO NETO,KN,true
28391100,Metasilicatos,Metasilicatos,6,KILOGRAMO NETO,KN,true
28391900,Los demás,Los demás,6,KILOGRAMO NETO,KN,true
28399000,Los demás,Los demás,6,KILOGRAMO NETO,KN,true
28401100,Anhidro,Anhidro,6,KILOGRAMO NETO,KN,true
28401900,Los demás,Los demás,6,KILOGRAMO NETO,KN,true
28402000,Los demás boratos,Los demás boratos,6,KILOGRAMO NETO,KN,true
28403000,Peroxoboratos (perboratos),Peroxoboratos (perboratos),6,KILOGRAMO NETO,KN,true
28413000,Dicromato de sodio,Dicromato de sodio,6,KILOGRAMO NETO,KN,true
28415000,Los demás cromatos y dicromatos; peroxocromatos,Los demás cromatos y dicromatos; peroxocromatos,6,KILOGRAMO NETO,KN,true
28416100,Permanganato de potasio,Permanganato de potasio,6,KILOGRAMO NETO,KN,true
28416900,Los demás,Los demás,6,KILOGRAMO NETO,KN,true
28417010,De amonio,De amonio,6,KILOGRAMO NETO,KN,true
28417020,De sodio,De sodio,6,KILOGRAMO NETO,KN,true
28417090,Los demás,Los demás,6,KILOGRAMO NETO,KN,true
28418000,Volframatos (tungstatos),Volframatos (tungstatos),6,KILOGRAMO NETO,KN,true
28419010,Perrenato de amonio,Perrenato de amonio,6,KILOGRAMO NETO,KN,true
28419090,Los demás,Los demás,6,KILOGRAMO NETO,KN,true
28421000,"Silicatos dobles o complejos, incluidos los aluminosilicatos, aunque no sean de constitución química","Silicatos dobles o complejos, incluidos los aluminosilicatos, aunque no sean de constitución química definida.",6,KILOGRAMO NETO,KN,true
28429000,Las demás,Las demás,6,KILOGRAMO NETO,KN,true
28431000,Metal precioso en estado coloidal,Metal precioso en estado coloidal,6,KILOGRAMO NETO,KN,true
28432100,Nitrato de plata,Nitrato de plata,6,KILOGRAMO NETO,KN,true
28432900,Los demás,Los demás,6,KILOGRAMO NETO,KN,true
28433000,Compuestos de oro,Compuestos de oro,6,KILOGRAMO NETO,KN,true
28439000,Los demás compuestos; amalgamas,Los demás compuestos; amalgamas,6,KILOGRAMO NETO,KN,true
28441000,"Uranio natural y sus compuestos; aleaciones, dispersiones (incluido el cermet), productos cerámicos","Uranio natural y sus compuestos; aleaciones, dispersiones (incluido el cermet), productos cerámicos y mezclas, que contengan uranio natural o compuestos de uranio natural.",6,KILOGRAMO NETO,KN,true
28442000,"Uranio enriquecido en U 235 y sus compuestos; plutonio y sus compuestos; aleaciones, dispersiones (","Uranio enriquecido en U 235 y sus compuestos; plutonio y sus compuestos; aleaciones, dispersiones (incluido el cermet), productos cerámicos y mezclas, que contengan uranio enriquecido en U 235, pluto",6,KILOGRAMO NETO,KN,true
28443000,"Uranio empobrecido en U 235 y sus compuestos; torio y sus compuestos; aleaciones, dispersiones (incl","Uranio empobrecido en U 235 y sus compuestos; torio y sus compuestos; aleaciones, dispersiones (incluido el cermet), productos cerámicos y mezclas, que contengan uranio empobrecido en U 235, torio o",6,KILOGRAMO NETO,KN,true
28444000,"Elementos e isótopos y compuestos, radiactivos, excepto los de las subpartidas 2844.10, 2844.20 ó","Elementos e isótopos y compuestos, radiactivos, excepto los de las subpartidas 2844.10, 2844.20 ó 2844.30; aleaciones, dispersiones (incluido el cermet), productos cerámicos y mezclas, que contengan",6,KILOGRAMO NETO,KN,true
28445000,Elementos combustibles (cartuchos) agotados (irradiados) de reactores nucleares.,Elementos combustibles (cartuchos) agotados (irradiados) de reactores nucleares.,6,KILOGRAMO NETO,KN,true
28451000,Agua pesada (óxido de deuterio),Agua pesada (óxido de deuterio),6,KILOGRAMO NETO,KN,true
28459000,Los demás,Los demás,6,KILOGRAMO NETO,KN,true
28461000,Compuestos de cerio,Compuestos de cerio,6,KILOGRAMO NETO,KN,true
28469000,Los demás,Los demás,6,KILOGRAMO NETO,KN,true
28470000,"Peróxido de hidrógeno (agua oxigenada), incluso solidificado con urea.","Peróxido de hidrógeno (agua oxigenada), incluso solidificado con urea.",6,KILOGRAMO NETO,KN,true
28480010,De magnesio,De magnesio,6,KILOGRAMO NETO,KN,true
28480020,De aluminio,De aluminio,6,KILOGRAMO NETO,KN,true
28480030,De cobre,De cobre,6,KILOGRAMO NETO,KN,true
28480090,Los demás,Los demás,6,KILOGRAMO NETO,KN,true
28491000,De calcio,De calcio,6,KILOGRAMO NETO,KN,true
28492000,De silicio,De silicio,6,KILOGRAMO NETO,KN,true
28499000,Los demás,Los demás,6,KILOGRAMO NETO,KN,true
28500000,"Hidruros, nitruros, aziduros (azidas), siliciuros y boruros, aunque no sean de constitución química","Hidruros, nitruros, aziduros (azidas), siliciuros y boruros, aunque no sean de constitución química definida, excepto los compuestos que consistan igualmente en carburos de la partida 28.49.",6,KILOGRAMO NETO,KN,true
28520000,"Compuestos inorgánicos u orgánicos, de mercurio, excepto las amalgamas.","Compuestos inorgánicos u orgánicos, de mercurio, excepto las amalgamas.",6,KILOGRAMO NETO,KN,true
28530010,"Cloruro de cianógeno (CAS 506-77-4) (Clorocian, Clorocianuro, Clorocianógeno, Cianocloruro, Cianuro","Cloruro de cianógeno (CAS 506-77-4) (Clorocian, Clorocianuro, Clorocianógeno, Cianocloruro, Cianuro de cloro)*",6,KILOGRAMO NETO,KN,true
28530090,Los demás,Los demás,6,KILOGRAMO NETO,KN,true
29011000,Saturados,Saturados,6,KILOGRAMO NETO,KN,true
29012100,Etileno,Etileno,6,KILOGRAMO NETO,KN,true
29012200,Propeno (propileno),Propeno (propileno),6,KILOGRAMO NETO,KN,true
29012300,Buteno (butileno) y sus isómeros,Buteno (butileno) y sus isómeros,6,KILOGRAMO NETO,KN,true
29012400,"Buta-1,3-dieno e isopreno","Buta-1,3-dieno e isopreno",6,KILOGRAMO NETO,KN,true
29012910,"7-metil-3-metilene-1,6-octadieno(Mirceno)","7-metil-3-metilene-1,6-octadieno(Mirceno)",6,KILOGRAMO NETO,KN,true
29012990,Los demás,Los demás,6,KILOGRAMO NETO,KN,true
29021100,Ciclohexano,Ciclohexano,6,KILOGRAMO NETO,KN,true
29021900,Los demás,Los demás,6,KILOGRAMO NETO,KN,true
29022000,Benceno,Benceno,6,KILOGRAMO NETO,KN,true
29023000,Tolueno,Tolueno,6,KILOGRAMO NETO,KN,true
29024100,o-Xileno,o-Xileno,6,KILOGRAMO NETO,KN,true
29024200,m-Xileno,m-Xileno,6,KILOGRAMO NETO,KN,true
29024300,p-Xileno,p-Xileno,6,KILOGRAMO NETO,KN,true
29024400,Mezclas de isómeros del xileno,Mezclas de isómeros del xileno,6,KILOGRAMO NETO,KN,true
29025000,Estireno,Estireno,6,KILOGRAMO NETO,KN,true
29026000,Etilbenceno,Etilbenceno,6,KILOGRAMO NETO,KN,true
29027000,Cumeno,Cumeno,6,KILOGRAMO NETO,KN,true
29029010,Trans-B-metilestireno,Trans-B-metilestireno,6,KILOGRAMO NETO,KN,true
29029020,Alilbenceno,Alilbenceno,6,KILOGRAMO NETO,KN,true
29029090,Los demás,Los demás,6,KILOGRAMO NETO,KN,true
29031100,Clorometano (cloruro de metilo) y cloroetano (cloruro de etilo),Clorometano (cloruro de metilo) y cloroetano (cloruro de etilo),6,KILOGRAMO NETO,KN,true
29031200,Diclorometano (cloruro de metileno),Diclorometano (cloruro de metileno),6,KILOGRAMO NETO,KN,true
29031300,Cloroformo (triclorometano),Cloroformo (triclorometano),6,KILOGRAMO NETO,KN,true
29031400,Tetracloruro de carbono,Tetracloruro de carbono,6,KILOGRAMO NETO,KN,true
29031500,"Dicloruro de etileno (ISO) (1,2-dicloroetano)","Dicloruro de etileno (ISO) (1,2-dicloroetano)",6,KILOGRAMO NETO,KN,true
29031910,"1,1,1 Tricloroetano (Metil-cloroformo)","1,1,1 Tricloroetano (Metil-cloroformo)",6,KILOGRAMO NETO,KN,true
29031990,Los demás,Los demás,6,KILOGRAMO NETO,KN,true
29032100,Cloruro de vinilo (cloroetileno),Cloruro de vinilo (cloroetileno),6,KILOGRAMO NETO,KN,true
29032200,Tricloroetileno,Tricloroetileno,6,KILOGRAMO NETO,KN,true
29032300,Tetracloroetileno (percloroetileno),Tetracloroetileno (percloroetileno),6,KILOGRAMO NETO,KN,true
29032900,Los demás,Los demás,6,KILOGRAMO NETO,KN,true
29033100,"Dibromuro de etileno (ISO) (1,2-dibromoetano)","Dibromuro de etileno (ISO) (1,2-dibromoetano)",6,KILOGRAMO NETO,KN,true
29033911,Bromuro de metilo (bromometano)*,Bromuro de metilo (bromometano)*,6,KILOGRAMO NETO,KN,true
29033912,Trifluorometano,Trifluorometano,6,KILOGRAMO NETO,KN,true
29033913,Tetrafluorometano,Tetrafluorometano,6,KILOGRAMO NETO,KN,true
29033919,Los demás,Los demás,6,KILOGRAMO NETO,KN,true
29033921,Difluoroetano,Difluoroetano,6,KILOGRAMO NETO,KN,true
29033922,Tetrafluoroetano,Tetrafluoroetano,6,KILOGRAMO NETO,KN,true
29033923,Pentafluoroetano,Pentafluoroetano,6,KILOGRAMO NETO,KN,true
29033924,Hexafluoroetano,Hexafluoroetano,6,KILOGRAMO NETO,KN,true
29033929,Los demás,Los demás,6,KILOGRAMO NETO,KN,true
29033931,Hexafluoropropano,Hexafluoropropano,6,KILOGRAMO NETO,KN,true
29033932,Octafluoropropano,Octafluoropropano,6,KILOGRAMO NETO,KN,true
29033933,Heptafluoropropano,Heptafluoropropano,6,KILOGRAMO NETO,KN,true
29033939,Los demás,Los demás,6,KILOGRAMO NETO,KN,true
29033941,Decafluorobutano,Decafluorobutano,6,KILOGRAMO NETO,KN,true
29033949,Los demás,Los demás,6,KILOGRAMO NETO,KN,true
29033951,Perfluorohexano,Perfluorohexano,6,KILOGRAMO NETO,KN,true
29033959,Los demás,Los demás,6,KILOGRAMO NETO,KN,true
29033991,"PFIB (CAS 382-21-8) (1,1,3,3,3-Pentafluoro-2-(trifluorometil) propeno, Octafluoroisobutileno, Perflu","PFIB (CAS 382-21-8) (1,1,3,3,3-Pentafluoro-2-(trifluorometil) propeno, Octafluoroisobutileno, Perfluoroisobutileno, Perfluoroisobuteno, 1,1,3,3,3-Pentafluoro-2-(trifluorometil)-1-propeno)*",6,KILOGRAMO NETO,KN,true
29033999,Los demás,Los demás,6,KILOGRAMO NETO,KN,true
29034100,Triclorofluorometano,Triclorofluorometano,6,KILOGRAMO NETO,KN,true
29034200,Diclorodifluorometano,Diclorodifluorometano,6,KILOGRAMO NETO,KN,true
29034300,Triclorotrifluoroetanos,Triclorotrifluoroetanos,6,KILOGRAMO NETO,KN,true
29034410,Diclorotetrafluoroetanos,Diclorotetrafluoroetanos,6,KILOGRAMO NETO,KN,true
29034420,Cloropentafluoroetano,Cloropentafluoroetano,6,KILOGRAMO NETO,KN,true
29034510,Clorotrifluorometano,Clorotrifluorometano,6,KILOGRAMO NETO,KN,true
29034520,Pentaclorofluoroetano,Pentaclorofluoroetano,6,KILOGRAMO NETO,KN,true
29034530,Tetraclorodifluoroetanos,Tetraclorodifluoroetanos,6,KILOGRAMO NETO,KN,true
29034540,Heptaclorofluoropropanos,Heptaclorofluoropropanos,6,KILOGRAMO NETO,KN,true
29034550,Hexaclorodifluoropropanos,Hexaclorodifluoropropanos,6,KILOGRAMO NETO,KN,true
29034560,Pentaclorotrifluoropropanos,Pentaclorotrifluoropropanos,6,KILOGRAMO NETO,KN,true
29034570,Tetraclorotetrafluoropropanos,Tetraclorotetrafluoropropanos,6,KILOGRAMO NETO,KN,true
29034580,Tricloropentafluoropropanos,Tricloropentafluoropropanos,6,KILOGRAMO NETO,KN,true
29034591,Diclorohexafluoropropanos,Diclorohexafluoropropanos,6,KILOGRAMO NETO,KN,true
29034592,Cloroheptafluoropropanos,Cloroheptafluoropropanos,6,KILOGRAMO NETO,KN,true
29034599,Los demás,Los demás,6,KILOGRAMO NETO,KN,true
29034610,Bromoclorodifluorometano,Bromoclorodifluorometano,6,KILOGRAMO NETO,KN,true
29034620,Bromotrifluorometano,Bromotrifluorometano,6,KILOGRAMO NETO,KN,true
29034630,Dibromo-tetrafluoroetanos,Dibromo-tetrafluoroetanos,6,KILOGRAMO NETO,KN,true
29034700,Los demás derivados perhalogenados,Los demás derivados perhalogenados,6,KILOGRAMO NETO,KN,true
29034910,Clorodifluorometano,Clorodifluorometano,6,KILOGRAMO NETO,KN,true
29034920,Diclorotrifluoroetanos,Diclorotrifluoroetanos,6,KILOGRAMO NETO,KN,true
29034930,Clorotetrafluoroetanos,Clorotetrafluoroetanos,6,KILOGRAMO NETO,KN,true
29034940,Diclorofluoroetanos,Diclorofluoroetanos,6,KILOGRAMO NETO,KN,true
29034950,Clorodifluoroetanos,Clorodifluoroetanos,6,KILOGRAMO NETO,KN,true
29034960,Dicloropentafluoropropanos,Dicloropentafluoropropanos,6,KILOGRAMO NETO,KN,true
29034991,"Otros derivados del metano, del etano o del propano, halogenados únicamente con flúor y cloro","Otros derivados del metano, del etano o del propano, halogenados únicamente con flúor y cloro",6,KILOGRAMO NETO,KN,true
29034992,"Otros derivados del metano, del etano o del propano, halogenados únicamente con flúor y bromo","Otros derivados del metano, del etano o del propano, halogenados únicamente con flúor y bromo",6,KILOGRAMO NETO,KN,true
29034999,Los demás,Los demás,6,KILOGRAMO NETO,KN,true
29035110,Hexaclorociclohexano isómero gamma (CAS 58-89-9) con un mínimo de 99 % de pureza (lindano),Hexaclorociclohexano isómero gamma (CAS 58-89-9) con un mínimo de 99 % de pureza (lindano),6,KILOGRAMO NETO,KN,true
29035190,Los demás,Los demás,6,KILOGRAMO NETO,KN,true
29035210,Aldrina (CAS 309-00-2) (Hexaclorohexahidrodimetanonaftaleno y sus sinónimos),Aldrina (CAS 309-00-2) (Hexaclorohexahidrodimetanonaftaleno y sus sinónimos),6,KILOGRAMO NETO,KN,true
29035220,Clordano (ISO) (CAS 57-74-9),Clordano (ISO) (CAS 57-74-9),6,KILOGRAMO NETO,KN,true
29035230,Heptacloro (ISO) (CAS 76-44-8),Heptacloro (ISO) (CAS 76-44-8),6,KILOGRAMO NETO,KN,true
29035930,Mirex (CAS 2385-85-5),Mirex (CAS 2385-85-5),6,KILOGRAMO NETO,KN,true
29035990,Los demás,Los demás,6,KILOGRAMO NETO,KN,true
29036100,"Clorobenceno, o-diclorobenceno y p-diclorobenceno","Clorobenceno, o-diclorobenceno y p-diclorobenceno",6,KILOGRAMO NETO,KN,true
29036210,Hexaclorobenceno (ISO) (CAS 118-74-1),Hexaclorobenceno (ISO) (CAS 118-74-1),6,KILOGRAMO NETO,KN,true
29036220,"DDT (ISO) (CAS 50-29-3) (clofenotano (DCI), 1,1,1-tricloro-2,2- bis(p-clorofenil)etano)","DDT (ISO) (CAS 50-29-3) (clofenotano (DCI), 1,1,1-tricloro-2,2- bis(p-clorofenil)etano)",6,KILOGRAMO NETO,KN,true
29036910,Cloruro de bencilo,Cloruro de bencilo,6,KILOGRAMO NETO,KN,true
29036920,Bromobenceno,Bromobenceno,6,KILOGRAMO NETO,KN,true
29036930,Hexabromobifenilo (CAS 36355-01-8),Hexabromobifenilo (CAS 36355-01-8),6,KILOGRAMO NETO,KN,true
29036940,Tetrabromo(tetrabromofenil)benceno (CAS 27858-07-7) (Octabromobifenilo),Tetrabromo(tetrabromofenil)benceno (CAS 27858-07-7) (Octabromobifenilo),6,KILOGRAMO NETO,KN,true
29036950,Decabromobifenilo (CAS 13654-09-6),Decabromobifenilo (CAS 13654-09-6),6,KILOGRAMO NETO,KN,true
29036960,Bifenilo clorado (CAS 1336-36-3),Bifenilo clorado (CAS 1336-36-3),6,KILOGRAMO NETO,KN,true
29036970,Terfenilo clorado (CAS 61788-33-8),Terfenilo clorado (CAS 61788-33-8),6,KILOGRAMO NETO,KN,true
29036990,Los demás,Los demás,6,KILOGRAMO NETO,KN,true
29041000,"Derivados solamente sulfonados, sus sales y sus ésteres etílicos","Derivados solamente sulfonados, sus sales y sus ésteres etílicos",6,KILOGRAMO NETO,KN,true
29042010,Nitropropano,Nitropropano,6,KILOGRAMO NETO,KN,true
29042020,Trinitrotolueno (TNT),Trinitrotolueno (TNT),6,KILOGRAMO NETO,KN,true
29042030,Nitroetano,Nitroetano,6,KILOGRAMO NETO,KN,true
29042040,O-nitrotolueno,O-nitrotolueno,6,KILOGRAMO NETO,KN,true
29042090,Los demás,Los demás,6,KILOGRAMO NETO,KN,true
29049010,"Cloropicrina (CAS 76-06-2) (Tricloronitrometano, Nitrocloroformo, Nicrolisina o Nitrotriclorometano)","Cloropicrina (CAS 76-06-2) (Tricloronitrometano, Nitrocloroformo, Nicrolisina o Nitrotriclorometano)*",6,KILOGRAMO NETO,KN,true
29049090,Los demás,Los demás,6,KILOGRAMO NETO,KN,true
29051100,Metanol (alcohol metílico),Metanol (alcohol metílico),6,KILOGRAMO NETO,KN,true
29051210,Propílico,Propílico,6,KILOGRAMO NETO,KN,true
29051220,Isopropílico,Isopropílico,6,KILOGRAMO NETO,KN,true
29051300,Butan-1-ol (alcohol n-butílico),Butan-1-ol (alcohol n-butílico),6,KILOGRAMO NETO,KN,true
29051400,Los demás butanoles,Los demás butanoles,6,KILOGRAMO NETO,KN,true
29051610,2 etil hexanol,2 etil hexanol,6,KILOGRAMO NETO,KN,true
29051690,Los demás,Los demás,6,KILOGRAMO NETO,KN,true
29051700,"Dodecan-1-ol (alcohol laurílico), hexadecan-1-ol (alcohol cetílico) y octadecan-1-ol (alcohol este","Dodecan-1-ol (alcohol laurílico), hexadecan-1-ol (alcohol cetílico) y octadecan-1-ol (alcohol estearílico)",6,KILOGRAMO NETO,KN,true
29051910,Metil isobutil carbinol,Metil isobutil carbinol,6,KILOGRAMO NETO,KN,true
29051920,Decílicos (decanoles),Decílicos (decanoles),6,KILOGRAMO NETO,KN,true
29051991,"Alcohol pinacolílico (CAS 464-07-3) (3,3-Dimetilbutano-2-ol, 3,3-Dimetil-2 butanol)*","Alcohol pinacolílico (CAS 464-07-3) (3,3-Dimetilbutano-2-ol, 3,3-Dimetil-2 butanol)*",6,KILOGRAMO NETO,KN,true
29051999,Los demás,Los demás,6,KILOGRAMO NETO,KN,true
29052200,Alcoholes terpénicos acíclicos,Alcoholes terpénicos acíclicos,6,KILOGRAMO NETO,KN,true
29052900,Los demás,Los demás,6,KILOGRAMO NETO,KN,true
29053100,Etilenglicol (etanodiol),Etilenglicol (etanodiol),6,KILOGRAMO NETO,KN,true
29053200,"Propilenglicol (propano-1,2-diol)","Propilenglicol (propano-1,2-diol)",6,KILOGRAMO NETO,KN,true
29053900,Los demás,Los demás,6,KILOGRAMO NETO,KN,true
29054100,"2-Etil-2-(hidroximetil) propano-1,3-diol (trimetilolpropano)","2-Etil-2-(hidroximetil) propano-1,3-diol (trimetilolpropano)",6,KILOGRAMO NETO,KN,true
29054200,Pentaeritritol (pentaeritrita),Pentaeritritol (pentaeritrita),6,KILOGRAMO NETO,KN,true
29054300,Manitol,Manitol,6,KILOGRAMO NETO,KN,true
29054400,D-glucitol (sorbitol),D-glucitol (sorbitol),6,KILOGRAMO NETO,KN,true
29054500,Glicerol,Glicerol,6,KILOGRAMO NETO,KN,true
29054900,Los demás,Los demás,6,KILOGRAMO NETO,KN,true
29055100,Etclorvinol (DCI),Etclorvinol (DCI),6,KILOGRAMO NETO,KN,true
29055910,Alfa-Monoclorhidrina,Alfa-Monoclorhidrina,6,KILOGRAMO NETO,KN,true
29055990,Los demás,Los demás,6,KILOGRAMO NETO,KN,true
29061100,Mentol,Mentol,6,KILOGRAMO NETO,KN,true
29061200,"Ciclohexanol, metilciclohexanoles y dimetilciclohexanoles","Ciclohexanol, metilciclohexanoles y dimetilciclohexanoles",6,KILOGRAMO NETO,KN,true
29061300,Esteroles e inositoles,Esteroles e inositoles,6,KILOGRAMO NETO,KN,true
29061900,Los demás,Los demás,6,KILOGRAMO NETO,KN,true
29062100,Alcohol bencílico,Alcohol bencílico,6,KILOGRAMO NETO,KN,true
29062900,Los demás,Los demás,6,KILOGRAMO NETO,KN,true
29071100,Fenol (hidroxibenceno) y sus sales,Fenol (hidroxibenceno) y sus sales,6,KILOGRAMO NETO,KN,true
29071200,Cresoles y sus sales,Cresoles y sus sales,6,KILOGRAMO NETO,KN,true
29071300,"Octilfenol, nonilfenol y sus isómeros; sales de estos productos","Octilfenol, nonilfenol y sus isómeros; sales de estos productos",6,KILOGRAMO NETO,KN,true
29071500,Naftoles y sus sales,Naftoles y sus sales,6,KILOGRAMO NETO,KN,true
29071900,Los demás,Los demás,6,KILOGRAMO NETO,KN,true
29072100,Resorcinol y sus sales,Resorcinol y sus sales,6,KILOGRAMO NETO,KN,true
29072200,Hidroquinona y sus sales,Hidroquinona y sus sales,6,KILOGRAMO NETO,KN,true
29072300,"4,4'-Isopropilidendifenol (bisfenol A, difenilolpropano) y sus sales","4,4'-Isopropilidendifenol (bisfenol A, difenilolpropano) y sus sales",6,KILOGRAMO NETO,KN,true
29072900,Los demás,Los demás,6,KILOGRAMO NETO,KN,true
29081100,Pentaclorofenol (ISO),Pentaclorofenol (ISO),6,KILOGRAMO NETO,KN,true
29081910,Pentaclorofenato de sodio,Pentaclorofenato de sodio,6,KILOGRAMO NETO,KN,true
29081990,Los demás,Los demás,6,KILOGRAMO NETO,KN,true
29089110,Dinoseb (ISO) (CAS 88-85-7),Dinoseb (ISO) (CAS 88-85-7),6,KILOGRAMO NETO,KN,true
29089120,Sales de dinoseb,Sales de dinoseb,6,KILOGRAMO NETO,KN,true
29089910,Dinitro-orto-cresol (DNOC) (CAS 534-52-1),Dinitro-orto-cresol (DNOC) (CAS 534-52-1),6,KILOGRAMO NETO,KN,true
29089920,"4,6-dinitro-o-tolilóxido de amonio (CAS 2980-64-5)","4,6-dinitro-o-tolilóxido de amonio (CAS 2980-64-5)",6,KILOGRAMO NETO,KN,true
29089930,"4,6-dinitro-o-cresolato de potasio (DNOC-potasio) (CAS 5787-96-2)","4,6-dinitro-o-cresolato de potasio (DNOC-potasio) (CAS 5787-96-2)",6,KILOGRAMO NETO,KN,true
29089940,"'--- 4,6-dinitro-o-cresolato de sodio (DNOC-sodio) (CAS 2312-76-7)","'--- 4,6-dinitro-o-cresolato de sodio (DNOC-sodio) (CAS 2312-76-7)",6,KILOGRAMO NETO,KN,true
29089990,Los demás,Los demás,6,KILOGRAMO NETO,KN,true
29091100,Éter dietílico (óxido de dietilo),Éter dietílico (óxido de dietilo),6,KILOGRAMO NETO,KN,true
29091910,Metil terbutil éter (MTBE),Metil terbutil éter (MTBE),6,KILOGRAMO NETO,KN,true
29091990,Los demás,Los demás,6,KILOGRAMO NETO,KN,true
29092000,"Éteres ciclánicos, ciclénicos, cicloterpénicos, y sus derivados halogenados, sulfonados, nitrados o","Éteres ciclánicos, ciclénicos, cicloterpénicos, y sus derivados halogenados, sulfonados, nitrados o nitrosados.",6,KILOGRAMO NETO,KN,true
29093000,"Éteres aromáticos y sus derivados halogenados, sulfonados, nitrados o nitrosados","Éteres aromáticos y sus derivados halogenados, sulfonados, nitrados o nitrosados",6,KILOGRAMO NETO,KN,true
29094100,"2,2'-Oxidietanol (dietilenglicol)","2,2'-Oxidietanol (dietilenglicol)",6,KILOGRAMO NETO,KN,true
29094300,Éteres monobutílicos del etilenglicol o del dietilenglicol,Éteres monobutílicos del etilenglicol o del dietilenglicol,6,KILOGRAMO NETO,KN,true
29094400,Los demás éteres monoalquílicos del etilenglicol o del dietilenglicol,Los demás éteres monoalquílicos del etilenglicol o del dietilenglicol,6,KILOGRAMO NETO,KN,true
29094910,"Alcohol 3,4,5 trimetoxibencílico","Alcohol 3,4,5 trimetoxibencílico",6,KILOGRAMO NETO,KN,true
29094990,Los demás,Los demás,6,KILOGRAMO NETO,KN,true
29095000,"Éteres-fenoles, éteres-alcoholes-fenoles, y sus derivados halogenados, sulfonados, nitrados o nitro","Éteres-fenoles, éteres-alcoholes-fenoles, y sus derivados halogenados, sulfonados, nitrados o nitrosados",6,KILOGRAMO NETO,KN,true
29096000,"Peróxidos de alcoholes, peróxidos de éteres, peróxidos de cetonas, y sus derivados halogenados, sul","Peróxidos de alcoholes, peróxidos de éteres, peróxidos de cetonas, y sus derivados halogenados, sulfonados, nitrados o nitrosados",6,KILOGRAMO NETO,KN,true
29101000,Oxirano (óxido de etileno),Oxirano (óxido de etileno),6,KILOGRAMO NETO,KN,true
29102000,Metiloxirano (óxido de propileno),Metiloxirano (óxido de propileno),6,KILOGRAMO NETO,KN,true
29103000,"1-Cloro-2,3-epoxipropano (epiclorhidrina)","1-Cloro-2,3-epoxipropano (epiclorhidrina)",6,KILOGRAMO NETO,KN,true
29104000,"Dieldrina (ISO, DCI)","Dieldrina (ISO, DCI)",6,KILOGRAMO NETO,KN,true
29109010,Endrina (CAS 72-20-8),Endrina (CAS 72-20-8),6,KILOGRAMO NETO,KN,true
29109090,Los demás,Los demás,6,KILOGRAMO NETO,KN,true
29110000,"Acetales y semiacetales, incluso con otras funciones oxigenadas, y sus derivados halogenados, sulfon","Acetales y semiacetales, incluso con otras funciones oxigenadas, y sus derivados halogenados, sulfonados, nitrados o nitrosados.",6,KILOGRAMO NETO,KN,true
29121100,Metanal (formaldehído),Metanal (formaldehído),6,KILOGRAMO NETO,KN,true
29121200,Etanal (acetaldehído),Etanal (acetaldehído),6,KILOGRAMO NETO,KN,true
29121900,Los demás,Los demás,6,KILOGRAMO NETO,KN,true
29122100,Benzaldehído (aldehído benzoico),Benzaldehído (aldehído benzoico),6,KILOGRAMO NETO,KN,true
29122900,Los demás,Los demás,6,KILOGRAMO NETO,KN,true
29123000,Aldehídos-alcoholes,Aldehídos-alcoholes,6,KILOGRAMO NETO,KN,true
29124100,Vainillina (aldehído metilprotocatéquico),Vainillina (aldehído metilprotocatéquico),6,KILOGRAMO NETO,KN,true
29124200,Etilvainillina (aldehído etilprotocatéquico),Etilvainillina (aldehído etilprotocatéquico),6,KILOGRAMO NETO,KN,true
29124910,"3,4,5 Trimetoxibenzaldehido","3,4,5 Trimetoxibenzaldehido",6,KILOGRAMO NETO,KN,true
29124920,Ter-butil-alfa-metilhidroxinamaldehido,Ter-butil-alfa-metilhidroxinamaldehido,6,KILOGRAMO NETO,KN,true
29124990,Los demás,Los demás,6,KILOGRAMO NETO,KN,true
29125000,Polímeros cíclicos de los aldehídos,Polímeros cíclicos de los aldehídos,6,KILOGRAMO NETO,KN,true
29126000,Paraformaldehído,Paraformaldehído,6,KILOGRAMO NETO,KN,true
29130000,"Derivados halogenados, sulfonados, nitrados o nitrosados de los productos de la partida 29.12.","Derivados halogenados, sulfonados, nitrados o nitrosados de los productos de la partida 29.12.",6,KILOGRAMO NETO,KN,true
29141100,Acetona,Acetona,6,KILOGRAMO NETO,KN,true
29141200,Butanona (metiletilcetona),Butanona (metiletilcetona),6,KILOGRAMO NETO,KN,true
29141300,4-Metilpentan-2-ona (metilisobutilcetona),4-Metilpentan-2-ona (metilisobutilcetona),6,KILOGRAMO NETO,KN,true
29141900,Las demás,Las demás,6,KILOGRAMO NETO,KN,true
29142100,Alcanfor,Alcanfor,6,KILOGRAMO NETO,KN,true
29142200,Ciclohexanona y metilciclohexanonas,Ciclohexanona y metilciclohexanonas,6,KILOGRAMO NETO,KN,true
29142300,Iononas y metiliononas,Iononas y metiliononas,6,KILOGRAMO NETO,KN,true
29142900,Las demás,Las demás,6,KILOGRAMO NETO,KN,true
29143100,Fenilacetona (fenilpropan-2-ona),Fenilacetona (fenilpropan-2-ona),6,KILOGRAMO NETO,KN,true
29143900,Las demás,Las demás,6,KILOGRAMO NETO,KN,true
29144000,Cetonas-alcoholes y cetonas-aldehídos,Cetonas-alcoholes y cetonas-aldehídos,6,KILOGRAMO NETO,KN,true
29145000,Cetonas-fenoles y cetonas con otras funciones oxigenadas,Cetonas-fenoles y cetonas con otras funciones oxigenadas,6,KILOGRAMO NETO,KN,true
29146100,Antraquinona,Antraquinona,6,KILOGRAMO NETO,KN,true
29146900,Las demás,Las demás,6,KILOGRAMO NETO,KN,true
29147000,"Derivados halogenados, sulfonados, nitrados o nitrosados","Derivados halogenados, sulfonados, nitrados o nitrosados",6,KILOGRAMO NETO,KN,true
29151100,Ácido fórmico,Ácido fórmico,6,KILOGRAMO NETO,KN,true
29151210,Formiato de sodio,Formiato de sodio,6,KILOGRAMO NETO,KN,true
29151220,Formiato de amonio,Formiato de amonio,6,KILOGRAMO NETO,KN,true
29151290,Las demás,Las demás,6,KILOGRAMO NETO,KN,true
29151300,Ésteres del ácido fórmico,Ésteres del ácido fórmico,6,KILOGRAMO NETO,KN,true
29152100,Ácido acético,Ácido acético,6,KILOGRAMO NETO,KN,true
29152400,Anhídrido acético,Anhídrido acético,6,KILOGRAMO NETO,KN,true
29152900,Las demás,Las demás,6,KILOGRAMO NETO,KN,true
29153100,Acetato de etilo,Acetato de etilo,6,KILOGRAMO NETO,KN,true
29153200,Acetato de vinilo,Acetato de vinilo,6,KILOGRAMO NETO,KN,true
29153300,Acetato de n-butilo,Acetato de n-butilo,6,KILOGRAMO NETO,KN,true
29153600,Acetato de dinoseb (ISO),Acetato de dinoseb (ISO),6,KILOGRAMO NETO,KN,true
29153910,Diacetato de etilideno,Diacetato de etilideno,6,KILOGRAMO NETO,KN,true
29153990,Los demás,Los demás,6,KILOGRAMO NETO,KN,true
29154000,"Ácidos mono-, di- o tricloroacéticos, sus sales y sus ésteres","Ácidos mono-, di- o tricloroacéticos, sus sales y sus ésteres",6,KILOGRAMO NETO,KN,true
29155000,"Ácido propiónico, sus sales y sus ésteres","Ácido propiónico, sus sales y sus ésteres",6,KILOGRAMO NETO,KN,true
29156000,"Acidos butanoicos, ácidos pentanoicos, sus sales y sus ésteres","Acidos butanoicos, ácidos pentanoicos, sus sales y sus ésteres",6,KILOGRAMO NETO,KN,true
29157000,"Ácido palmítico, ácido esteárico, sus sales y sus ésteres","Ácido palmítico, ácido esteárico, sus sales y sus ésteres",6,KILOGRAMO NETO,KN,true
29159010,Cloroformiato de etilo,Cloroformiato de etilo,6,KILOGRAMO NETO,KN,true
29159020,Cloruro de acetilo,Cloruro de acetilo,6,KILOGRAMO NETO,KN,true
29159030,Monofluoroacetato de sodio,Monofluoroacetato de sodio,6,KILOGRAMO NETO,KN,true
29159090,Los demás,Los demás,6,KILOGRAMO NETO,KN,true
29161100,Ácido acrílico y sus sales,Ácido acrílico y sus sales,6,KILOGRAMO NETO,KN,true
29161210,Acrilato de butilo,Acrilato de butilo,6,KILOGRAMO NETO,KN,true
29161290,Los demás,Los demás,6,KILOGRAMO NETO,KN,true
29161300,Ácido metacrílico y sus sales,Ácido metacrílico y sus sales,6,KILOGRAMO NETO,KN,true
29161410,Metacrilato de metilo monómero,Metacrilato de metilo monómero,6,KILOGRAMO NETO,KN,true
29161490,Los demás,Los demás,6,KILOGRAMO NETO,KN,true
29161500,"Ácidos oleico, linoleico o linolénico, sus sales y sus ésteres","Ácidos oleico, linoleico o linolénico, sus sales y sus ésteres",6,KILOGRAMO NETO,KN,true
29161900,Los demás,Los demás,6,KILOGRAMO NETO,KN,true
29162000,"Ácidos monocarboxílicos ciclánicos, ciclénicos o cicloterpénicos, sus anhídridos, halogenuros, peróx","Ácidos monocarboxílicos ciclánicos, ciclénicos o cicloterpénicos, sus anhídridos, halogenuros, peróxidos, peroxiácidos y sus derivados",6,KILOGRAMO NETO,KN,true
29163110,Benzoato de sodio,Benzoato de sodio,6,KILOGRAMO NETO,KN,true
29163190,Los demás,Los demás,6,KILOGRAMO NETO,KN,true
29163200,Peróxido de benzoilo y cloruro de benzoilo,Peróxido de benzoilo y cloruro de benzoilo,6,KILOGRAMO NETO,KN,true
29163400,Ácido fenilacético y sus sales,Ácido fenilacético y sus sales,6,KILOGRAMO NETO,KN,true
29163500,Ésteres del ácido fenilacético,Ésteres del ácido fenilacético,6,KILOGRAMO NETO,KN,true
29163600,Binapacril (ISO),Binapacril (ISO),6,KILOGRAMO NETO,KN,true
29163900,Los demás,Los demás,6,KILOGRAMO NETO,KN,true
29171100,"Ácido oxálico, sus sales y sus ésteres","Ácido oxálico, sus sales y sus ésteres",6,KILOGRAMO NETO,KN,true
29171200,"Ácido adípico, sus sales y sus ésteres","Ácido adípico, sus sales y sus ésteres",6,KILOGRAMO NETO,KN,true
29171300,"Ácido azelaico, ácido sebácico, sus sales y sus ésteres","Ácido azelaico, ácido sebácico, sus sales y sus ésteres",6,KILOGRAMO NETO,KN,true
29171400,Anhídrido maleico,Anhídrido maleico,6,KILOGRAMO NETO,KN,true
29171900,Los demás,Los demás,6,KILOGRAMO NETO,KN,true
29172000,"Ácidos policarboxílicos ciclánicos, ciclénicos o cicloterpénicos, sus anhídridos, halogenuros, peró","Ácidos policarboxílicos ciclánicos, ciclénicos o cicloterpénicos, sus anhídridos, halogenuros, peróxidos, peroxiácidos y sus derivados",6,KILOGRAMO NETO,KN,true
29173200,Ortoftalatos de dioctilo,Ortoftalatos de dioctilo,6,KILOGRAMO NETO,KN,true
29173300,Ortoftalatos de dinonilo o de didecilo,Ortoftalatos de dinonilo o de didecilo,6,KILOGRAMO NETO,KN,true
29173410,Ortoftalato de dibutilo (CAS 84-74-2),Ortoftalato de dibutilo (CAS 84-74-2),6,KILOGRAMO NETO,KN,true
29173420,Ftalato de diclohexilo (CAS 84-61-7),Ftalato de diclohexilo (CAS 84-61-7),6,KILOGRAMO NETO,KN,true
29173490,Los demás,Los demás,6,KILOGRAMO NETO,KN,true
29173500,Anhídrido ftálico,Anhídrido ftálico,6,KILOGRAMO NETO,KN,true
29173600,Ácido tereftálico y sus sales,Ácido tereftálico y sus sales,6,KILOGRAMO NETO,KN,true
29173700,Tereftalato de dimetilo,Tereftalato de dimetilo,6,KILOGRAMO NETO,KN,true
29173900,Los demás,Los demás,6,KILOGRAMO NETO,KN,true
29181100,"Ácido láctico, sus sales y sus ésteres","Ácido láctico, sus sales y sus ésteres",6,KILOGRAMO NETO,KN,true
29181200,Ácido tartárico,Ácido tartárico,6,KILOGRAMO NETO,KN,true
29181310,Tartrato de calcio,Tartrato de calcio,6,KILOGRAMO NETO,KN,true
29181390,Los demás,Los demás,6,KILOGRAMO NETO,KN,true
29181400,Ácido cítrico,Ácido cítrico,6,KILOGRAMO NETO,KN,true
29181500,Sales y ésteres del ácido cítrico,Sales y ésteres del ácido cítrico,6,KILOGRAMO NETO,KN,true
29181600,"Ácido glucónico, sus sales y sus ésteres","Ácido glucónico, sus sales y sus ésteres",6,KILOGRAMO NETO,KN,true
29181800,Clorobencilato (ISO),Clorobencilato (ISO),6,KILOGRAMO NETO,KN,true
29181910,"Ácido 2,2-difenil-2-hidroxiacético (CAS 76-93-7) (Ácido bencenoacético, alfa-hidroxi-alfa-fenilo, Á","Ácido 2,2-difenil-2-hidroxiacético (CAS 76-93-7) (Ácido bencenoacético, alfa-hidroxi-alfa-fenilo, Ácido hidroxidifenilacético, Ácido bencílico, Ácido difenilglicólico, Ácido alfa,alfa-difenilglicólic",6,KILOGRAMO NETO,KN,true
29181990,Los demás,Los demás,6,KILOGRAMO NETO,KN,true
29182100,Ácido salicílico y sus sales,Ácido salicílico y sus sales,6,KILOGRAMO NETO,KN,true
29182210,Ácido acetilsalicílico,Ácido acetilsalicílico,6,KILOGRAMO NETO,KN,true
29182290,Los demás,Los demás,6,KILOGRAMO NETO,KN,true
29182300,Los demás ésteres del ácido salicílico y sus sales,Los demás ésteres del ácido salicílico y sus sales,6,KILOGRAMO NETO,KN,true
29182900,Los demás,Los demás,6,KILOGRAMO NETO,KN,true
29183000,"Ácidos carboxílicos con función aldehído o cetona, pero sin otra función oxigenada, sus anhídridos","Ácidos carboxílicos con función aldehído o cetona, pero sin otra función oxigenada, sus anhídridos, halogenuros, peróxidos, peroxiácidos y sus derivados",6,KILOGRAMO NETO,KN,true
29189110,"2,4,5-T (ISO) (CAS 93-76-5) (ácido 2,4,5-triclorofenoxiacético)","2,4,5-T (ISO) (CAS 93-76-5) (ácido 2,4,5-triclorofenoxiacético)",6,KILOGRAMO NETO,KN,true
29189190,Los demás,Los demás,6,KILOGRAMO NETO,KN,true
29189910,"Ácido 3,4,5 trimetoxibenzoico","Ácido 3,4,5 trimetoxibenzoico",6,KILOGRAMO NETO,KN,true
29189920,"Cloruro de 3,4,5 trimetoxibenzoilo","Cloruro de 3,4,5 trimetoxibenzoilo",6,KILOGRAMO NETO,KN,true
29189990,Los demás,Los demás,6,KILOGRAMO NETO,KN,true
29191000,"Fosfato de tris(2,3-dibromopropilo)","Fosfato de tris(2,3-dibromopropilo)",6,KILOGRAMO NETO,KN,true
29199010,Mevinfos (fosfato de 2-metoxicarbonil-1-metilvinilo y de dimetilo),Mevinfos (fosfato de 2-metoxicarbonil-1-metilvinilo y de dimetilo),6,KILOGRAMO NETO,KN,true
29199090,Los demás,Los demás,6,KILOGRAMO NETO,KN,true
29201110,Paratión (ISO) (CAS 56-38-2),Paratión (ISO) (CAS 56-38-2),6,KILOGRAMO NETO,KN,true
29201120,Paratión-metilo (CAS 298-00-0) (metil paratión),Paratión-metilo (CAS 298-00-0) (metil paratión),6,KILOGRAMO NETO,KN,true
29201900,Los demás,Los demás,6,KILOGRAMO NETO,KN,true
29209010,"Dietil fosfito (CAS 762-04-9) (Ácido fosfónico, éster dietílico)*","Dietil fosfito (CAS 762-04-9) (Ácido fosfónico, éster dietílico)*",6,KILOGRAMO NETO,KN,true
29209020,"Dimetil fosfito (CAS 868-85-9) (Ácido fosfónico, éster dimetílico)*","Dimetil fosfito (CAS 868-85-9) (Ácido fosfónico, éster dimetílico)*",6,KILOGRAMO NETO,KN,true
29209030,"Trietil fosfito (CAS 122-52-1) (Ácido fosforoso, éster trietílico)*","Trietil fosfito (CAS 122-52-1) (Ácido fosforoso, éster trietílico)*",6,KILOGRAMO NETO,KN,true
29209040,"Trimetil fosfito (CAS 121-45-9) (Ácido fosforoso, éster trimetílico)*","Trimetil fosfito (CAS 121-45-9) (Ácido fosforoso, éster trimetílico)*",6,KILOGRAMO NETO,KN,true
29209050,Tetranitropentaeritritol (Pentrita),Tetranitropentaeritritol (Pentrita),6,KILOGRAMO NETO,KN,true
29209090,Los demás,Los demás,6,KILOGRAMO NETO,KN,true
29211110,Metilamina,Metilamina,6,KILOGRAMO NETO,KN,true
29211190,Los demás,Los demás,6,KILOGRAMO NETO,KN,true
29211910,"HN1 (CAS 538-07-8) (Bis(2-cloroetil)etilamina, Etilbis(2-cloroetil) amina, N-Etilbis(2-cloroetil)ami","HN1 (CAS 538-07-8) (Bis(2-cloroetil)etilamina, Etilbis(2-cloroetil) amina, N-Etilbis(2-cloroetil)amina, 2,2'-dicloro-trietilamina, 2-cloro-N- (2-chloroetil)-N-etil, etanoamina)*",6,KILOGRAMO NETO,KN,true
29211920,"HN2 (CAS 51-75-2) (Bis(2-cloroetil)metilamina, MBA, Cloroetasina, N,N-Bis(2-cloroetil)metilamina, Cl","HN2 (CAS 51-75-2) (Bis(2-cloroetil)metilamina, MBA, Cloroetasina, N,N-Bis(2-cloroetil)metilamina, Clormetina, Cloramín, N-Metilbis (2-cloroetil)amina, N-Metilbis(beta-cloroetil)amina, Metilbis (2-clor",6,KILOGRAMO NETO,KN,true
29211930,"HN3 (CAS 555-77-1) (Tris(2-cloroetil)amina, Triclorometina, Tri-2-cloroetilamina, 2-cloro-N,N-bis(2","HN3 (CAS 555-77-1) (Tris(2-cloroetil)amina, Triclorometina, Tri-2-cloroetilamina, 2-cloro-N,N-bis(2-cloroetil), etanoamina)*",6,KILOGRAMO NETO,KN,true
29211941,"2-cloro-N,N-dietil-etanamina (CAS 100-35-6)","2-cloro-N,N-dietil-etanamina (CAS 100-35-6)",6,KILOGRAMO NETO,KN,true
29211949,Los demás,Los demás,6,KILOGRAMO NETO,KN,true
29211991,Dietilamina y sus sales,Dietilamina y sus sales,6,KILOGRAMO NETO,KN,true
29211999,Los demás,Los demás,6,KILOGRAMO NETO,KN,true
29212100,Etilendiamina y sus sales,Etilendiamina y sus sales,6,KILOGRAMO NETO,KN,true
29212200,Hexametilendiamina y sus sales,Hexametilendiamina y sus sales,6,KILOGRAMO NETO,KN,true
29212900,Los demás,Los demás,6,KILOGRAMO NETO,KN,true
29213000,"Monoaminas y poliaminas, ciclánicas, ciclénicas o cicloterpénicas, y sus derivados; sales de estos p","Monoaminas y poliaminas, ciclánicas, ciclénicas o cicloterpénicas, y sus derivados; sales de estos productos",6,KILOGRAMO NETO,KN,true
29214100,Anilina y sus sales,Anilina y sus sales,6,KILOGRAMO NETO,KN,true
29214200,Derivados de la anilina y sus sales,Derivados de la anilina y sus sales,6,KILOGRAMO NETO,KN,true
29214310,O-toluidina,O-toluidina,6,KILOGRAMO NETO,KN,true
29214390,Los demás,Los demás,6,KILOGRAMO NETO,KN,true
29214400,Difenilamina y sus derivados; sales de estos productos,Difenilamina y sus derivados; sales de estos productos,6,KILOGRAMO NETO,KN,true
29214500,"1-Naftilamina (alfa-naftilamina), 2-naftilamina (beta-naftilamina), y sus derivados; sales de esto","1-Naftilamina (alfa-naftilamina), 2-naftilamina (beta-naftilamina), y sus derivados; sales de estos productos",6,KILOGRAMO NETO,KN,true
29214600,"Anfetamina (DCI), benzfetamina (DCI), dexanfetamina (DCI), etilanfetamina (DCI), fencanfamina (DCI)","Anfetamina (DCI), benzfetamina (DCI), dexanfetamina (DCI), etilanfetamina (DCI), fencanfamina (DCI), fentermina (DCI), lefetamina (DCI), levanfetamina (DCI) y mefenorex (DCI); sales de estos produc",6,KILOGRAMO NETO,KN,true
29214900,Los demás,Los demás,6,KILOGRAMO NETO,KN,true
29215100,"o-, m- y p-Fenilendiamina, diaminotoluenos, y sus derivados; sales de estos productos","o-, m- y p-Fenilendiamina, diaminotoluenos, y sus derivados; sales de estos productos",6,KILOGRAMO NETO,KN,true
29215900,Los demás,Los demás,6,KILOGRAMO NETO,KN,true
29221100,Monoetanolamina y sus sales,Monoetanolamina y sus sales,6,KILOGRAMO NETO,KN,true
29221200,Dietanolamina y sus sales,Dietanolamina y sus sales,6,KILOGRAMO NETO,KN,true
29221310,"Trietanolamina (CAS 102-71-6) (Trihidroxitrietilamina, TEA, Trietilolamina, Trolamina, 2,2',2''-ni","Trietanolamina (CAS 102-71-6) (Trihidroxitrietilamina, TEA, Trietilolamina, Trolamina, 2,2',2''-nitrilotris-etanol)*",6,KILOGRAMO NETO,KN,true
29221390,Los demás,Los demás,6,KILOGRAMO NETO,KN,true
29221400,Dextropropoxifeno (DCI) y sus sales,Dextropropoxifeno (DCI) y sus sales,6,KILOGRAMO NETO,KN,true
29221921,"N,N-Dimetil,2-aminoetanol y sus sales protonadas","N,N-Dimetil,2-aminoetanol y sus sales protonadas",6,KILOGRAMO NETO,KN,true
29221922,"N,N-Dietil-2-aminoetanol y sus sales protonadas","N,N-Dietil-2-aminoetanol y sus sales protonadas",6,KILOGRAMO NETO,KN,true
29221923,Picrato de 2-(etilisopropilamino)etanol (CAS 2893-62-1),Picrato de 2-(etilisopropilamino)etanol (CAS 2893-62-1),6,KILOGRAMO NETO,KN,true
29221929,Los demás,Los demás,6,KILOGRAMO NETO,KN,true
29221930,"Etildietanolamina (CAS 139-87-7) (2,2'-(etilimino)bis-etanol)*","Etildietanolamina (CAS 139-87-7) (2,2'-(etilimino)bis-etanol)*",6,KILOGRAMO NETO,KN,true
29221940,"Metildietanolamina (CAS 105-59-9) (2,2'-(metilimino)bis-etanol)*","Metildietanolamina (CAS 105-59-9) (2,2'-(metilimino)bis-etanol)*",6,KILOGRAMO NETO,KN,true
29221990,Los demás,Los demás,6,KILOGRAMO NETO,KN,true
29222100,Ácidos aminonaftolsulfónicos y sus sales,Ácidos aminonaftolsulfónicos y sus sales,6,KILOGRAMO NETO,KN,true
29222910,"Amino-naftoles, sus sales y derivados","Amino-naftoles, sus sales y derivados",6,KILOGRAMO NETO,KN,true
29222920,"Amino-fenoles, sus sales y derivados","Amino-fenoles, sus sales y derivados",6,KILOGRAMO NETO,KN,true
29222990,Los demás,Los demás,6,KILOGRAMO NETO,KN,true
29223100,"Anfepramona (DCI), metadona (DCI) y normetadona (DCI); sales de estos productos","Anfepramona (DCI), metadona (DCI) y normetadona (DCI); sales de estos productos",6,KILOGRAMO NETO,KN,true
29223900,Los demás,Los demás,6,KILOGRAMO NETO,KN,true
29224100,Lisina y sus ésteres; sales de estos productos,Lisina y sus ésteres; sales de estos productos,6,KILOGRAMO NETO,KN,true
29224210,Glutamato monosódico,Glutamato monosódico,6,KILOGRAMO NETO,KN,true
29224290,Los demás,Los demás,6,KILOGRAMO NETO,KN,true
29224300,Ácido antranílico y sus sales,Ácido antranílico y sus sales,6,KILOGRAMO NETO,KN,true
29224400,Tilidina (DCI) y sus sales,Tilidina (DCI) y sus sales,6,KILOGRAMO NETO,KN,true
29224900,Los demás,Los demás,6,KILOGRAMO NETO,KN,true
29225000,"Amino-alcoholes-fenoles, aminoácidos-fenoles y demás compuestos aminados con funciones oxigenada","Amino-alcoholes-fenoles, aminoácidos-fenoles y demás compuestos aminados con funciones oxigenada",6,KILOGRAMO NETO,KN,true
29231000,Colina y sus sales,Colina y sus sales,6,KILOGRAMO NETO,KN,true
29232010,Lecitinas,Lecitinas,6,KILOGRAMO NETO,KN,true
29232090,Las demás,Las demás,6,KILOGRAMO NETO,KN,true
29239000,Los demás,Los demás,6,KILOGRAMO NETO,KN,true
29241100,Meprobamato (DCI),Meprobamato (DCI),6,KILOGRAMO NETO,KN,true
29241210,Fluoroacetamida (ISO) (CAS 640-19-7),Fluoroacetamida (ISO) (CAS 640-19-7),6,KILOGRAMO NETO,KN,true
29241221,Isómero (E) (CAS 297-99-4),Isómero (E) (CAS 297-99-4),6,KILOGRAMO NETO,KN,true
29241222,Isómero (Z) (CAS 23783-98-4),Isómero (Z) (CAS 23783-98-4),6,KILOGRAMO NETO,KN,true
29241223,Mezcla de isómeros (E) y (Z) (CAS 13171-21-6),Mezcla de isómeros (E) y (Z) (CAS 13171-21-6),6,KILOGRAMO NETO,KN,true
29241229,Los demás,Los demás,6,KILOGRAMO NETO,KN,true
29241230,Monocrotofós (ISO) (CAS 6923-22-4),Monocrotofós (ISO) (CAS 6923-22-4),6,KILOGRAMO NETO,KN,true
29241910,Formamida,Formamida,6,KILOGRAMO NETO,KN,true
29241920,N-metilformamida,N-metilformamida,6,KILOGRAMO NETO,KN,true
29241990,Los demás,Los demás,6,KILOGRAMO NETO,KN,true
29242100,Ureínas y sus derivados; sales de estos productos,Ureínas y sus derivados; sales de estos productos,6,KILOGRAMO NETO,KN,true
29242300,Ácido 2-acetamidobenzoico (ácido N-acetilantranílico) y sus sales,Ácido 2-acetamidobenzoico (ácido N-acetilantranílico) y sus sales,6,KILOGRAMO NETO,KN,true
29242400,Etinamato (DCI),Etinamato (DCI),6,KILOGRAMO NETO,KN,true
29242910,Aspartame; (N-L-Alfa-aspartil-L-fenilalanina 1-metil éster),Aspartame; (N-L-Alfa-aspartil-L-fenilalanina 1-metil éster),6,KILOGRAMO NETO,KN,true
29242990,Los demás,Los demás,6,KILOGRAMO NETO,KN,true
29251100,Sacarina y sus sales,Sacarina y sus sales,6,KILOGRAMO NETO,KN,true
29251200,Glutetimida (DCI),Glutetimida (DCI),6,KILOGRAMO NETO,KN,true
29251900,Los demás,Los demás,6,KILOGRAMO NETO,KN,true
29252100,Clordimeformo (ISO),Clordimeformo (ISO),6,KILOGRAMO NETO,KN,true
29252910,Guanidina nitrato,Guanidina nitrato,6,KILOGRAMO NETO,KN,true
29252920,Guanidina peclorato,Guanidina peclorato,6,KILOGRAMO NETO,KN,true
29252930,Nitrato de triaminoguanidina,Nitrato de triaminoguanidina,6,KILOGRAMO NETO,KN,true
29252940,Picrato de guanidina,Picrato de guanidina,6,KILOGRAMO NETO,KN,true
29252990,Los demás,Los demás,6,KILOGRAMO NETO,KN,true
29261000,Acrilonitrilo,Acrilonitrilo,6,KILOGRAMO NETO,KN,true
29262000,1-Cianoguanidina (diciandiamida),1-Cianoguanidina (diciandiamida),6,KILOGRAMO NETO,KN,true
29263000,"Fenproporex (DCI) y sus sales; intermedio de la metadona (DCI) (4-ciano-2-dimetilamino-4,4-difenilbu","Fenproporex (DCI) y sus sales; intermedio de la metadona (DCI) (4-ciano-2-dimetilamino-4,4-difenilbutano)",6,KILOGRAMO NETO,KN,true
29269000,Los demás,Los demás,6,KILOGRAMO NETO,KN,true
29270000,"Compuestos diazoicos, azoicos o azoxi.","Compuestos diazoicos, azoicos o azoxi.",6,KILOGRAMO NETO,KN,true
29280010,Diaminozide,Diaminozide,6,KILOGRAMO NETO,KN,true
29280090,Los demás,Los demás,6,KILOGRAMO NETO,KN,true
29291010,"2,4-Diisocianato de tolueno (TDI)","2,4-Diisocianato de tolueno (TDI)",6,KILOGRAMO NETO,KN,true
29291020,"Diisocianato de 4,4-difenilmetano (MDI)","Diisocianato de 4,4-difenilmetano (MDI)",6,KILOGRAMO NETO,KN,true
29291090,Los demás,Los demás,6,KILOGRAMO NETO,KN,true
29299011,Cloruro fluoruro dimetil fosforamidico (CAS 36598-84-2),Cloruro fluoruro dimetil fosforamidico (CAS 36598-84-2),6,KILOGRAMO NETO,KN,true
29299019,Los demás,Los demás,6,KILOGRAMO NETO,KN,true
29299021,Ácido etilmetil fosforamidico éster dietílico (CAS 170082-64-1),Ácido etilmetil fosforamidico éster dietílico (CAS 170082-64-1),6,KILOGRAMO NETO,KN,true
29299029,Los demás,Los demás,6,KILOGRAMO NETO,KN,true
29302010,Isopropil etil tiocarbamato,Isopropil etil tiocarbamato,6,KILOGRAMO NETO,KN,true
29302090,Los demás,Los demás,6,KILOGRAMO NETO,KN,true
29303000,"Mono-, di- o tetrasulfuros de tiourama","Mono-, di- o tetrasulfuros de tiourama",6,KILOGRAMO NETO,KN,true
29304000,Metionina,Metionina,6,KILOGRAMO NETO,KN,true
29305010,Captafol (ISO) (CAS 2425-06-1),Captafol (ISO) (CAS 2425-06-1),6,KILOGRAMO NETO,KN,true
29305020,Metamidofós (ISO) (CAS 10265-92-6),Metamidofós (ISO) (CAS 10265-92-6),6,KILOGRAMO NETO,KN,true
29309011,"Clorometilsulfuro de 2-cloroetil (CAS 2625-76-5), (2-cloroetil clorometil sulfuro, 2-((clorometil)","Clorometilsulfuro de 2-cloroetil (CAS 2625-76-5), (2-cloroetil clorometil sulfuro, 2-((clorometil)tio)-1-cloro, etano)*",6,KILOGRAMO NETO,KN,true
29309012,"Gas mostaza (CAS 505-60-2) (Sulfuro de bis (2-cloroetilo), 1-Cloro-2-(beta.-cloroetiltio) etano, Su","Gas mostaza (CAS 505-60-2) (Sulfuro de bis (2-cloroetilo), 1-Cloro-2-(beta.-cloroetiltio) etano, Sulfuro de Bis (beta.-cloroetil), Iperita, Mostaza, 1,1'-tiobis (2-cloro), etano)* Mostaza O (CAS 6",6,KILOGRAMO NETO,KN,true
29309013,"Bis(2-cloroetiltio)metano (CAS 63869-13-6) (1,1'-(metilenbis(tio)) bis (2-cloro), etano)*","Bis(2-cloroetiltio)metano (CAS 63869-13-6) (1,1'-(metilenbis(tio)) bis (2-cloro), etano)*",6,KILOGRAMO NETO,KN,true
29309014,"1,3-Bis((2-cloroetil)tio)propano normal (CAS 63905-10-2) (1,3-Bis((2-cloroetil)tio)propano)*","1,3-Bis((2-cloroetil)tio)propano normal (CAS 63905-10-2) (1,3-Bis((2-cloroetil)tio)propano)*",6,KILOGRAMO NETO,KN,true
29309015,"1,4-bis((2-cloroetil)tio)butano normal (CAS 142868-93-7) ( 1,4 bis((2-cloroetil)tio)butano)*","1,4-bis((2-cloroetil)tio)butano normal (CAS 142868-93-7) ( 1,4 bis((2-cloroetil)tio)butano)*",6,KILOGRAMO NETO,KN,true
29309016,"1,5-bis((2-cloroetil)tio)pentano normal (CAS 142868-94-8)","1,5-bis((2-cloroetil)tio)pentano normal (CAS 142868-94-8)",6,KILOGRAMO NETO,KN,true
29309017,"Tiodiglicol (CAS 111-48-8) (Sulfuro de bis (2-hidroxietilo), Tedegyl, tiodietilenglicol, Sulfuro de","Tiodiglicol (CAS 111-48-8) (Sulfuro de bis (2-hidroxietilo), Tedegyl, tiodietilenglicol, Sulfuro de dietanol, Sulfuro de beta,beta' (dihidroxietilo), Etanol,2,2'-tiobis-,1,5-diol-3-tiapentano, Solve",6,KILOGRAMO NETO,KN,true
29309019,Los demás,Los demás,6,KILOGRAMO NETO,KN,true
29309021,2-(bis(1-metiletil)amino) etanetiol (CAS 5842-07-9),2-(bis(1-metiletil)amino) etanetiol (CAS 5842-07-9),6,KILOGRAMO NETO,KN,true
29309029,Los demás,Los demás,6,KILOGRAMO NETO,KN,true
29309031,"Amitón (CAS 78-53-5) (Fosforotiolato de O,O-dietil-S-(2-(dietilamino) etil), Inferno, DSDP, Ácido f","Amitón (CAS 78-53-5) (Fosforotiolato de O,O-dietil-S-(2-(dietilamino) etil), Inferno, DSDP, Ácido fosforotioico, éster S-(2-(dietilamino)etil) O,O-dietilo)*",6,KILOGRAMO NETO,KN,true
29309039,Los demás,Los demás,6,KILOGRAMO NETO,KN,true
29309040,Etilditiofosfonato de O-etilo y de S-fenilo (fonofós),Etilditiofosfonato de O-etilo y de S-fenilo (fonofós),6,KILOGRAMO NETO,KN,true
29309051,"VX (CAS 50782-69-9) (S-2-diisopropilamino metil etilfosfonotiolato de O-etilo, Metilfosfonotiolato","VX (CAS 50782-69-9) (S-2-diisopropilamino metil etilfosfonotiolato de O-etilo, Metilfosfonotiolato de S-(-2(diisopropiolamino)etilo), MFT, S-(2-diisopropilaminoetilmetiltiofosfonato) de O-etilo,",6,KILOGRAMO NETO,KN,true
29309059,Los demás,Los demás,6,KILOGRAMO NETO,KN,true
29309061,Xantato isopropílico de sodio,Xantato isopropílico de sodio,6,KILOGRAMO NETO,KN,true
29309062,Xantato isobutílico de sodio,Xantato isobutílico de sodio,6,KILOGRAMO NETO,KN,true
29309069,Los demás,Los demás,6,KILOGRAMO NETO,KN,true
29309091,"Que contengan un átomo de fósforo al cual se encuentre unido un grupo metilo, etilo, n-propilo o iso","Que contengan un átomo de fósforo al cual se encuentre unido un grupo metilo, etilo, n-propilo o isopropilo, sin otros átomos de carbono unidos al fósforo.",6,KILOGRAMO NETO,KN,true
29309099,Los demás,Los demás,6,KILOGRAMO NETO,KN,true
29310011,Plomo tetraetilo (CAS 78-00-2),Plomo tetraetilo (CAS 78-00-2),6,KILOGRAMO NETO,KN,true
29310012,Plomo tetrametilo (CAS 75-74-1),Plomo tetrametilo (CAS 75-74-1),6,KILOGRAMO NETO,KN,true
29310021,"Sarín (CAS 107-44-8) (Metilfosfonofluoridato de O-isopropilo, Fluoruro de isopropoximetilfosforilo,","Sarín (CAS 107-44-8) (Metilfosfonofluoridato de O-isopropilo, Fluoruro de isopropoximetilfosforilo, Metilfluorofosfonato de isopropilo, Ácido metilfosfonofluorídico, éster isopropílico, IMFF, GB, Ácid",6,KILOGRAMO NETO,KN,true
29310022,"Somán (CAS 96-64-0) (Metilfosfonofluoridato de O-pinacolilo, Fosnonofluoridato de metil pinacolilo,","Somán (CAS 96-64-0) (Metilfosfonofluoridato de O-pinacolilo, Fosnonofluoridato de metil pinacolilo, Fluoruro de pinacoloximetilfosforilo, Metilfluorofosfonato de pinacolilo, GD, PMFF. Ácido metilfos",6,KILOGRAMO NETO,KN,true
29310029,Los demás,Los demás,6,KILOGRAMO NETO,KN,true
29310031,"Tabún (CAS 77-81-6) (N,N-Dimetilfosforamidocianidato de O-etilo, Cianuro de dimetilamidoetoxifosfori","Tabún (CAS 77-81-6) (N,N-Dimetilfosforamidocianidato de O-etilo, Cianuro de dimetilamidoetoxifosforilo, Dimetilamidocianofosfato de etilo, Dimetilfosforoamidocianidato de etilo, Ácido dimetilfosforami",6,KILOGRAMO NETO,KN,true
29310039,Los demás,Los demás,6,KILOGRAMO NETO,KN,true
29310041,"Lewisita 1 (CAS 541-25-3) (2-clorovinildicloroarsina, Dicloruro arsenioso de 2-cloroetenil, Dicloro(","Lewisita 1 (CAS 541-25-3) (2-clorovinildicloroarsina, Dicloruro arsenioso de 2-cloroetenil, Dicloro(2-clorovinil)arsina, Arsina dicloro(2-clorovinil)- Dicloruro de clorovinilarsina)*",6,KILOGRAMO NETO,KN,true
29310042,"Lewisita 2 (CAS 40334-69-8) (Bis(2-clorovinil) cloroarsina, Clorobis (2-clorovinil)-arsina, Cloruro","Lewisita 2 (CAS 40334-69-8) (Bis(2-clorovinil) cloroarsina, Clorobis (2-clorovinil)-arsina, Cloruro arsinoso de bis(2-cloroetilo)*",6,KILOGRAMO NETO,KN,true
29310043,"Lewisita 3 (CAS 40334-70-1) (Tris (2-clorovinil)arsina, Tris (2- cloroetenil)arsina)*","Lewisita 3 (CAS 40334-70-1) (Tris (2-clorovinil)arsina, Tris (2- cloroetenil)arsina)*",6,KILOGRAMO NETO,KN,true
29310049,Los demás,Los demás,6,KILOGRAMO NETO,KN,true
29310051,"Clorosarín (CAS 1445-76-7) (Metilfosfonoclorhidato de O-isopropilo, Ácido fosfonoclorídico, 1-metile","Clorosarín (CAS 1445-76-7) (Metilfosfonoclorhidato de O-isopropilo, Ácido fosfonoclorídico, 1-metiletilester)*",6,KILOGRAMO NETO,KN,true
29310052,"Clorosomán (CAS 7040-57-5) (Metilfosfonocloridato de O-pinacolilo, Ácido metilfosfonocloridico, ést","Clorosomán (CAS 7040-57-5) (Metilfosfonocloridato de O-pinacolilo, Ácido metilfosfonocloridico, éster 1,2,2-trimetil propílico)*",6,KILOGRAMO NETO,KN,true
29310059,Los demás,Los demás,6,KILOGRAMO NETO,KN,true
29310061,"O-2-diisopropilaminoetilmetilfosfonito de O-etilo, (CAS 57856-11-8), Ácido metilfosfonoso, éster 2(b","O-2-diisopropilaminoetilmetilfosfonito de O-etilo, (CAS 57856-11-8), Ácido metilfosfonoso, éster 2(bis(1-metiletetil)amino)etietilíco, QL)*",6,KILOGRAMO NETO,KN,true
29310069,Los demás,Los demás,6,KILOGRAMO NETO,KN,true
29310071,Metilfosfonildifluoruro (CAS 676-99-3) (DF)*,Metilfosfonildifluoruro (CAS 676-99-3) (DF)*,6,KILOGRAMO NETO,KN,true
29310079,Los demás,Los demás,6,KILOGRAMO NETO,KN,true
29310081,Dicloruro de metilfosfonilo (CAS 676-97-1) (DC)*,Dicloruro de metilfosfonilo (CAS 676-97-1) (DC)*,6,KILOGRAMO NETO,KN,true
29310082,"Metilfosfonato de difenilo (CAS 7526-26-3) (Ácido metilfosfonico, éster difenilico, Metanofosfonato","Metilfosfonato de difenilo (CAS 7526-26-3) (Ácido metilfosfonico, éster difenilico, Metanofosfonato de dimetilo)*",6,KILOGRAMO NETO,KN,true
29310083,"Metilfosfonato de dimetilo (CAS 756-79-6) (DMMP, Ácido fosfónico, éster dimetilmetilo)*","Metilfosfonato de dimetilo (CAS 756-79-6) (DMMP, Ácido fosfónico, éster dimetilmetilo)*",6,KILOGRAMO NETO,KN,true
29310089,Los demás,Los demás,6,KILOGRAMO NETO,KN,true
29310090,Los demás,Los demás,6,KILOGRAMO NETO,KN,true
29321100,Tetrahidrofurano,Tetrahidrofurano,6,KILOGRAMO NETO,KN,true
29321200,2-Furaldehído (furfural),2-Furaldehído (furfural),6,KILOGRAMO NETO,KN,true
29321300,Alcohol furfurílico y alcohol tetrahidrofurfurílico,Alcohol furfurílico y alcohol tetrahidrofurfurílico,6,KILOGRAMO NETO,KN,true
29321900,Los demás,Los demás,6,KILOGRAMO NETO,KN,true
29322100,"Cumarina, metilcumarinas y etilcumarinas","Cumarina, metilcumarinas y etilcumarinas",6,KILOGRAMO NETO,KN,true
29322900,Las demás lactonas,Las demás lactonas,6,KILOGRAMO NETO,KN,true
29329100,Isosafrol,Isosafrol,6,KILOGRAMO NETO,KN,true
29329200,"1-(1,3-Benzodioxol-5-il)propan-2-ona","1-(1,3-Benzodioxol-5-il)propan-2-ona",6,KILOGRAMO NETO,KN,true
29329300,Piperonal,Piperonal,6,KILOGRAMO NETO,KN,true
29329400,Safrol,Safrol,6,KILOGRAMO NETO,KN,true
29329500,Tetrahidrocannabinoles (todos los isómeros),Tetrahidrocannabinoles (todos los isómeros),6,KILOGRAMO NETO,KN,true
29329910,"3,4-metilen dioxifenil 3 propanona","3,4-metilen dioxifenil 3 propanona",6,KILOGRAMO NETO,KN,true
29329920,"Eucaliptol; (1,8-Epoxi-p-mentano)","Eucaliptol; (1,8-Epoxi-p-mentano)",6,KILOGRAMO NETO,KN,true
29329930,"Dioxano; (1,4-Dioxano)","Dioxano; (1,4-Dioxano)",6,KILOGRAMO NETO,KN,true
29329950,Glucosamina (2-Amino-2-deoxi-D-glucosa) y sus sales:,Glucosamina (2-Amino-2-deoxi-D-glucosa) y sus sales:,6,KILOGRAMO NETO,KN,true
29329990,Los demás,Los demás,6,KILOGRAMO NETO,KN,true
29331100,Fenazona (antipirina) y sus derivados,Fenazona (antipirina) y sus derivados,6,KILOGRAMO NETO,KN,true
29331900,Los demás,Los demás,6,KILOGRAMO NETO,KN,true
29332100,Hidantoína y sus derivados,Hidantoína y sus derivados,6,KILOGRAMO NETO,KN,true
29332900,Los demás,Los demás,6,KILOGRAMO NETO,KN,true
29333100,Piridina y sus sales,Piridina y sus sales,6,KILOGRAMO NETO,KN,true
29333200,Piperidina y sus sales,Piperidina y sus sales,6,KILOGRAMO NETO,KN,true
29333300,"Alfentanilo (DCI), anileridina (DCI), bezitramida (DCI), bromazepam (DCI), cetobemidona (DCI), difen","Alfentanilo (DCI), anileridina (DCI), bezitramida (DCI), bromazepam (DCI), cetobemidona (DCI), difenoxilato (DCI), difenoxina (DCI), dipipanona (DCI), fenciclidina (DCI) (PCP), fenoperidina (DCI), f",6,KILOGRAMO NETO,KN,true
29333910,Metil-6 metilnicotinato,Metil-6 metilnicotinato,6,KILOGRAMO NETO,KN,true
29333991,"Quinuclinidol-3 (CAS 1619-34-7) (Quinuclidin-3-ol, 3-Hidroxiquinuclidina, 1-Azabiciclo(2,2,2)octa","Quinuclinidol-3 (CAS 1619-34-7) (Quinuclidin-3-ol, 3-Hidroxiquinuclidina, 1-Azabiciclo(2,2,2)octano-3-ol)*",6,KILOGRAMO NETO,KN,true
29333992,"BZ (CAS 6581-06-2) (Bencilato de 3-quinuclidinilo, BQN, Ácido bencílico, éster-3quiniclidinilo, Áci","BZ (CAS 6581-06-2) (Bencilato de 3-quinuclidinilo, BQN, Ácido bencílico, éster-3quiniclidinilo, Ácido bencenacético, éster-1- azabiciclo(2,2,2)oct-3-il-alfa-hidróxi-alfa-fenilo)*",6,KILOGRAMO NETO,KN,true
29333999,Los demás,Los demás,6,KILOGRAMO NETO,KN,true
29334100,Levorfanol (DCI) y sus sales,Levorfanol (DCI) y sus sales,6,KILOGRAMO NETO,KN,true
29334900,Los demás,Los demás,6,KILOGRAMO NETO,KN,true
29335200,Malonilurea (ácido barbitúrico) y sus sales,Malonilurea (ácido barbitúrico) y sus sales,6,KILOGRAMO NETO,KN,true
29335300,"Alobarbital (DCI), amobarbital (DCI), barbital (DCI), butalbital (DCI), butobarbital, ciclobarbital","Alobarbital (DCI), amobarbital (DCI), barbital (DCI), butalbital (DCI), butobarbital, ciclobarbital (DCI), fenobarbital (DCI), metilfenobarbital (DCI), pentobarbital (DCI), secbutabarbital (DCI), sec",6,KILOGRAMO NETO,KN,true
29335400,Los demás derivados de la malonilurea (ácido barbitúrico); sales de estos productos.,Los demás derivados de la malonilurea (ácido barbitúrico); sales de estos productos.,6,KILOGRAMO NETO,KN,true
29335500,"Loprazolam (DCI), meclocualona (DCI), metacualona (DCI) y zipeprol (DCI); sales de estos productos.","Loprazolam (DCI), meclocualona (DCI), metacualona (DCI) y zipeprol (DCI); sales de estos productos.",6,KILOGRAMO NETO,KN,true
29335900,Los demás,Los demás,6,KILOGRAMO NETO,KN,true
29336100,Melamina,Melamina,6,KILOGRAMO NETO,KN,true
29336900,Los demás,Los demás,6,KILOGRAMO NETO,KN,true
29337100,6-Hexanolactama (épsilon-caprolactama),6-Hexanolactama (épsilon-caprolactama),6,KILOGRAMO NETO,KN,true
29337200,Clobazam (DCI) y metiprilona (DCI),Clobazam (DCI) y metiprilona (DCI),6,KILOGRAMO NETO,KN,true
29337900,Las demás lactamas,Las demás lactamas,6,KILOGRAMO NETO,KN,true
29339100,"Alprazolam (DCI), camazepam (DCI), clonazepam (DCI), clorazepato, clordiazepóxido (DCI), delorazepa","Alprazolam (DCI), camazepam (DCI), clonazepam (DCI), clorazepato, clordiazepóxido (DCI), delorazepam (DCI), diazepam (DCI), estazolam (DCI), fludiazepam (DCI), flunitrazepam (DCI), flurazepam (DCI)",6,KILOGRAMO NETO,KN,true
29339910,Lisinopril; ((s)-1-(N2-(1-Carboxi-3-fenilpropil)-L-lisil)-L-prolina dihidrato.,Lisinopril; ((s)-1-(N2-(1-Carboxi-3-fenilpropil)-L-lisil)-L-prolina dihidrato.,6,KILOGRAMO NETO,KN,true
29339920,Enalaprila maleato; ((s)-1-(N-(1-(Etoxicarbonil)-3-fenilpropil)-L-alanil) -L-prolina maleato),Enalaprila maleato; ((s)-1-(N-(1-(Etoxicarbonil)-3-fenilpropil)-L-alanil) -L-prolina maleato),6,KILOGRAMO NETO,KN,true
29339990,Los demás,Los demás,6,KILOGRAMO NETO,KN,true
29341000,"Compuestos cuya estructura contenga uno o más ciclos tiazol (incluso hidrogenado), sin condensar","Compuestos cuya estructura contenga uno o más ciclos tiazol (incluso hidrogenado), sin condensar",6,KILOGRAMO NETO,KN,true
29342000,"Compuestos cuya estructura contenga ciclos benzotiazol (incluso hidrogenados), sin otras condensaci","Compuestos cuya estructura contenga ciclos benzotiazol (incluso hidrogenados), sin otras condensaciones",6,KILOGRAMO NETO,KN,true
29343000,"Compuestos cuya estructura contenga ciclos fenotiazina (incluso hidrogenados), sin otras condensaci","Compuestos cuya estructura contenga ciclos fenotiazina (incluso hidrogenados), sin otras condensaciones",6,KILOGRAMO NETO,KN,true
29349100,"Aminorex (DCI), brotizolam (DCI), clotiazepam (DCI), cloxazolam (DCI), dextromoramida (DCI), fendime","Aminorex (DCI), brotizolam (DCI), clotiazepam (DCI), cloxazolam (DCI), dextromoramida (DCI), fendimetrazina (DCI), fenmetrazina (DCI), haloxazolam (DCI), ketazolam (DCI), mesocarb (DCI), oxazolam (",6,KILOGRAMO NETO,KN,true
29349910,"2-metil-benz-1,3-oxazol","2-metil-benz-1,3-oxazol",6,KILOGRAMO NETO,KN,true
29349920,Derivados de ácidos nucleicos,Derivados de ácidos nucleicos,6,KILOGRAMO NETO,KN,true
29349930,"Morclofona; (4'-cloro-3,5-dimetoxi-4-(2-morfolinoetoxi)benzofenona","Morclofona; (4'-cloro-3,5-dimetoxi-4-(2-morfolinoetoxi)benzofenona",6,KILOGRAMO NETO,KN,true
29349940,Ácido oxolínico,Ácido oxolínico,6,KILOGRAMO NETO,KN,true
29349950,Hymexazole; (5-Metil-3(2H)-isoxazolona),Hymexazole; (5-Metil-3(2H)-isoxazolona),6,KILOGRAMO NETO,KN,true
29349990,Los demás,Los demás,6,KILOGRAMO NETO,KN,true
29350000,Sulfonamidas.,Sulfonamidas.,6,KILOGRAMO NETO,KN,true
29362100,Vitaminas A y sus derivados,Vitaminas A y sus derivados,6,KILOGRAMO NETO,KN,true
29362200,Vitamina B1 y sus derivados,Vitamina B1 y sus derivados,6,KILOGRAMO NETO,KN,true
29362300,Vitamina B2 y sus derivados,Vitamina B2 y sus derivados,6,KILOGRAMO NETO,KN,true
29362400,Ácido D- o DL-pantoténico (vitamina B3 o vitamina B5) y sus derivados,Ácido D- o DL-pantoténico (vitamina B3 o vitamina B5) y sus derivados,6,KILOGRAMO NETO,KN,true
29362500,Vitamina B6 y sus derivados,Vitamina B6 y sus derivados,6,KILOGRAMO NETO,KN,true
29362600,Vitamina B12 y sus derivados,Vitamina B12 y sus derivados,6,KILOGRAMO NETO,KN,true
29362700,Vitamina C y sus derivados,Vitamina C y sus derivados,6,KILOGRAMO NETO,KN,true
29362800,Vitamina E y sus derivados,Vitamina E y sus derivados,6,KILOGRAMO NETO,KN,true
29362900,Las demás vitaminas y sus derivados,Las demás vitaminas y sus derivados,6,KILOGRAMO NETO,KN,true
29369000,"Los demás, incluidos los concentrados naturales","Los demás, incluidos los concentrados naturales",6,KILOGRAMO NETO,KN,true
29371100,"Somatotropina, sus derivados y análogos estructurales","Somatotropina, sus derivados y análogos estructurales",6,KILOGRAMO NETO,KN,true
29371200,Insulina y sus sales,Insulina y sus sales,6,KILOGRAMO NETO,KN,true
29371900,Los demás,Los demás,6,KILOGRAMO NETO,KN,true
29372100,"Cortisona, hidrocortisona, prednisona (dehidrocortisona) y prednisolona (dehidrohidrocortisona)","Cortisona, hidrocortisona, prednisona (dehidrocortisona) y prednisolona (dehidrohidrocortisona)",6,KILOGRAMO NETO,KN,true
29372200,Derivados halogenados de las hormonas corticosteroides,Derivados halogenados de las hormonas corticosteroides,6,KILOGRAMO NETO,KN,true
29372300,Estrógenos y progestógenos,Estrógenos y progestógenos,6,KILOGRAMO NETO,KN,true
29372900,Los demás,Los demás,6,KILOGRAMO NETO,KN,true
29373100,Epinefrina (adrenalina)*,Epinefrina (adrenalina)*,6,KILOGRAMO NETO,KN,true
29373900,Los demás,Los demás,6,KILOGRAMO NETO,KN,true
29374000,Derivados de los aminoácidos,Derivados de los aminoácidos,6,KILOGRAMO NETO,KN,true
29375000,"Prostaglandinas, tromboxanos y leucotrienos, sus derivados y análogos estructurales","Prostaglandinas, tromboxanos y leucotrienos, sus derivados y análogos estructurales",6,KILOGRAMO NETO,KN,true
29379000,Los demás,Los demás,6,KILOGRAMO NETO,KN,true
29381000,Rutósido (rutina) y sus derivados,Rutósido (rutina) y sus derivados,6,KILOGRAMO NETO,KN,true
29389000,Los demás,Los demás,6,KILOGRAMO NETO,KN,true
29391110,Metilmorfina (codeina y sus sales),Metilmorfina (codeina y sus sales),6,KILOGRAMO NETO,KN,true
29391120,Morfina,Morfina,6,KILOGRAMO NETO,KN,true
29391190,Los demás,Los demás,6,KILOGRAMO NETO,KN,true
29391900,Los demás,Los demás,6,KILOGRAMO NETO,KN,true
29392000,Alcaloides de la quina (chinchona) y sus derivados; sales de estos productos,Alcaloides de la quina (chinchona) y sus derivados; sales de estos productos,6,KILOGRAMO NETO,KN,true
29393000,Cafeína y sus sales,Cafeína y sus sales,6,KILOGRAMO NETO,KN,true
29394100,Efedrina y sus sales,Efedrina y sus sales,6,KILOGRAMO NETO,KN,true
29394200,Seudoefedrina (DCI) y sus sales,Seudoefedrina (DCI) y sus sales,6,KILOGRAMO NETO,KN,true
29394300,Catina (DCI) y sus sales,Catina (DCI) y sus sales,6,KILOGRAMO NETO,KN,true
29394910,Fenilpropanolamina,Fenilpropanolamina,6,KILOGRAMO NETO,KN,true
29394990,Las demás,Las demás,6,KILOGRAMO NETO,KN,true
29395100,Fenetilina (DCI) y sus sales,Fenetilina (DCI) y sus sales,6,KILOGRAMO NETO,KN,true
29395900,Los demás,Los demás,6,KILOGRAMO NETO,KN,true
29396100,Ergometrina (DCI) y sus sales,Ergometrina (DCI) y sus sales,6,KILOGRAMO NETO,KN,true
29396200,Ergotamina (DCI) y sus sales,Ergotamina (DCI) y sus sales,6,KILOGRAMO NETO,KN,true
29396300,Ácido lisérgico y sus sales,Ácido lisérgico y sus sales,6,KILOGRAMO NETO,KN,true
29396910,Ergonovina,Ergonovina,6,KILOGRAMO NETO,KN,true
29396920,Lisergamida,Lisergamida,6,KILOGRAMO NETO,KN,true
29396990,Los demás,Los demás,6,KILOGRAMO NETO,KN,true
29399100,"Cocaína, ecgonina, levometanfetamina, metanfetamina (DCI), racemato de metanfetamina; sales, éstere","Cocaína, ecgonina, levometanfetamina, metanfetamina (DCI), racemato de metanfetamina; sales, ésteres y demás derivados de estos productos",6,KILOGRAMO NETO,KN,true
29399910,"Escopolamina, sus sales y derivados","Escopolamina, sus sales y derivados",6,KILOGRAMO NETO,KN,true
29399920,Derivados de la cafeína,Derivados de la cafeína,6,KILOGRAMO NETO,KN,true
29399930,Derivados de la efedrina,Derivados de la efedrina,6,KILOGRAMO NETO,KN,true
29399990,Los demás,Los demás,6,KILOGRAMO NETO,KN,true
29400000,"Azúcares químicamente puros, excepto la sacarosa, lactosa, maltosa, glucosa y fructosa (levulosa); é","Azúcares químicamente puros, excepto la sacarosa, lactosa, maltosa, glucosa y fructosa (levulosa); éteres, acetales y ésteres de azúcares y sus sales, excepto los productos de las partidas 29.37, 29.3",6,KILOGRAMO NETO,KN,true
29411000,Penicilinas y sus derivados con la estructura del ácido penicilánico; sales de estos productos,Penicilinas y sus derivados con la estructura del ácido penicilánico; sales de estos productos,6,KILOGRAMO NETO,KN,true
29412000,Estreptomicinas y sus derivados; sales de estos productos,Estreptomicinas y sus derivados; sales de estos productos,6,KILOGRAMO NETO,KN,true
29413010,Tetraciclina clorhidrato,Tetraciclina clorhidrato,6,KILOGRAMO NETO,KN,true
29413020,Oxitetraciclina (Terramicina y sinónimos),Oxitetraciclina (Terramicina y sinónimos),6,KILOGRAMO NETO,KN,true
29413030,Clorotetraciclina (Aureomicina y sinónimos),Clorotetraciclina (Aureomicina y sinónimos),6,KILOGRAMO NETO,KN,true
29413090,Los demás,Los demás,6,KILOGRAMO NETO,KN,true
29414000,Cloranfenicol y sus derivados; sales de estos productos,Cloranfenicol y sus derivados; sales de estos productos,6,KILOGRAMO NETO,KN,true
29415000,Eritromicina y sus derivados; sales de estos productos,Eritromicina y sus derivados; sales de estos productos,6,KILOGRAMO NETO,KN,true
29419010,"Gentamicina, sus sales, derivados y compuestos","Gentamicina, sus sales, derivados y compuestos",6,KILOGRAMO NETO,KN,true
29419020,Rifampina (Rifampicina y sus sinónimos),Rifampina (Rifampicina y sus sinónimos),6,KILOGRAMO NETO,KN,true
29419030,Griseofulvina,Griseofulvina,6,KILOGRAMO NETO,KN,true
29419060,"Clindamicina, sus sales, derivados y compuestos","Clindamicina, sus sales, derivados y compuestos",6,KILOGRAMO NETO,KN,true
29419070,"Lincomicina, sus sales, derivados y compuestos","Lincomicina, sus sales, derivados y compuestos",6,KILOGRAMO NETO,KN,true
29419090,Los demás,Los demás,6,KILOGRAMO NETO,KN,true
29420000,Los demás compuestos orgánicos.,Los demás compuestos orgánicos.,6,KILOGRAMO NETO,KN,true
30012000,Extractos de glándulas o de otros órganos o de sus secreciones,Extractos de glándulas o de otros órganos o de sus secreciones,6,KILOGRAMO NETO,KN,true
30019000,Las demás,Las demás,6,KILOGRAMO NETO,KN,true
30021010,Para uso humano,Para uso humano,6,KILOGRAMO NETO,KN,true
30021020,Para uso veterinario,Para uso veterinario,6,KILOGRAMO NETO,KN,true
30022000,Vacunas para uso en medicina,Vacunas para uso en medicina,6,KILOGRAMO NETO,KN,true
30023000,Vacunas para uso en veterinaria,Vacunas para uso en veterinaria,6,KILOGRAMO NETO,KN,true
30029011,Saxitoxina hidrato (CAS 35523-89-8),Saxitoxina hidrato (CAS 35523-89-8),6,KILOGRAMO NETO,KN,true
30029012,Saxitoxina dihidroclorada (CAS 35554-08-6),Saxitoxina dihidroclorada (CAS 35554-08-6),6,KILOGRAMO NETO,KN,true
30029019,Los demás,Los demás,6,KILOGRAMO NETO,KN,true
30029020,"Ricina (CAS 9009-86-3) (Ricinas, proteínas, específicas o clases)","Ricina (CAS 9009-86-3) (Ricinas, proteínas, específicas o clases)",6,KILOGRAMO NETO,KN,true
30029090,Los demás,Los demás,6,KILOGRAMO NETO,KN,true
30031010,Para uso humano,Para uso humano,6,KILOGRAMO NETO,KN,true
30031020,Para uso veterinario,Para uso veterinario,6,KILOGRAMO NETO,KN,true
30032010,Para uso humano,Para uso humano,6,KILOGRAMO NETO,KN,true
30032020,Para uso veterinario,Para uso veterinario,6,KILOGRAMO NETO,KN,true
30033110,Para uso humano,Para uso humano,6,KILOGRAMO NETO,KN,true
30033120,Para uso veterinario,Para uso veterinario,6,KILOGRAMO NETO,KN,true
30033910,Para uso humano,Para uso humano,6,KILOGRAMO NETO,KN,true
30033920,Para uso veterinario,Para uso veterinario,6,KILOGRAMO NETO,KN,true
30034010,Para uso humano,Para uso humano,6,KILOGRAMO NETO,KN,true
30034020,Para uso veterinario,Para uso veterinario,6,KILOGRAMO NETO,KN,true
30039010,Para uso humano,Para uso humano,6,KILOGRAMO NETO,KN,true
30039020,Para uso veterinario,Para uso veterinario,6,KILOGRAMO NETO,KN,true
30041010,Para uso humano,Para uso humano,6,KILOGRAMO NETO,KN,true
30041020,Para uso veterinario,Para uso veterinario,6,KILOGRAMO NETO,KN,true
30042010,Para uso humano,Para uso humano,6,KILOGRAMO NETO,KN,true
30042020,Para uso veterinario,Para uso veterinario,6,KILOGRAMO NETO,KN,true
30043110,Para uso humano,Para uso humano,6,KILOGRAMO NETO,KN,true
30043120,Para uso veterinario,Para uso veterinario,6,KILOGRAMO NETO,KN,true
30043210,Para uso humano,Para uso humano,6,KILOGRAMO NETO,KN,true
30043220,Para uso veterinario,Para uso veterinario,6,KILOGRAMO NETO,KN,true
30043910,Para uso humano,Para uso humano,6,KILOGRAMO NETO,KN,true
30043920,Para uso veterinario,Para uso veterinario,6,KILOGRAMO NETO,KN,true
30044010,Para uso humano,Para uso humano,6,KILOGRAMO NETO,KN,true
30044020,Para uso veterinario,Para uso veterinario,6,KILOGRAMO NETO,KN,true
30045010,Para uso humano,Para uso humano,6,KILOGRAMO NETO,KN,true
30045020,Para uso veterinario,Para uso veterinario,6,KILOGRAMO NETO,KN,true
30049010,Para uso humano,Para uso humano,6,KILOGRAMO NETO,KN,true
30049020,Para uso veterinario,Para uso veterinario,6,KILOGRAMO NETO,KN,true
30051010,Apósitos,Apósitos,6,KILOGRAMO NETO,KN,true
30051020,Esparadrapos (cintas adhesivas),Esparadrapos (cintas adhesivas),6,KILOGRAMO NETO,KN,true
30051030,Venditas adhesivas (curitas),Venditas adhesivas (curitas),6,KILOGRAMO NETO,KN,true
30051090,Los demás,Los demás,6,KILOGRAMO NETO,KN,true
30059010,Gasas,Gasas,6,KILOGRAMO NETO,KN,true
30059020,Vendas,Vendas,6,KILOGRAMO NETO,KN,true
30059090,Los demás,Los demás,6,KILOGRAMO NETO,KN,true
30061000,"Catguts estériles y ligaduras estériles similares, para suturas quirúrgicas (incluidos los hilos rea","Catguts estériles y ligaduras estériles similares, para suturas quirúrgicas (incluidos los hilos reabsorbibles estériles para cirugía u odontología) y los adhesivos estériles para tejidos orgánicos ut",6,KILOGRAMO NETO,KN,true
30062000,Reactivos para la determinación de los grupos o de los factores sanguíneos,Reactivos para la determinación de los grupos o de los factores sanguíneos,6,KILOGRAMO NETO,KN,true
30063000,Preparaciones opacificantes para exámenes radiológicos; reactivos de diagnóstico concebidos para u,Preparaciones opacificantes para exámenes radiológicos; reactivos de diagnóstico concebidos para usar en el paciente,6,KILOGRAMO NETO,KN,true
30064010,Para obturación dental,Para obturación dental,6,KILOGRAMO NETO,KN,true
30064090,Los demás,Los demás,6,KILOGRAMO NETO,KN,true
30065000,Botiquines equipados para primeros auxilios,Botiquines equipados para primeros auxilios,6,KILOGRAMO NETO,KN,true
30066000,"Preparaciones químicas anticonceptivas a base de hormonas, de otros productos de la partida 29.37 o","Preparaciones químicas anticonceptivas a base de hormonas, de otros productos de la partida 29.37 o de espermicidas",6,KILOGRAMO NETO,KN,true
30067000,"Preparaciones en forma de gel, concebidas para ser utilizadas en medicina o veterinaria como lubrica","Preparaciones en forma de gel, concebidas para ser utilizadas en medicina o veterinaria como lubricante para ciertas partes del cuerpo en operaciones quirúrgicas o exámenes médicos o como nexo entre e",6,KILOGRAMO NETO,KN,true
30069100,Dispositivos identificables para uso en estomas,Dispositivos identificables para uso en estomas,6,KILOGRAMO NETO,KN,true
30069200,Desechos farmacéuticos,Desechos farmacéuticos,6,KILOGRAMO NETO,KN,true
31010000,"Abonos de origen animal o vegetal, incluso mezclados entre sí o tratados químicamente; abonos proced","Abonos de origen animal o vegetal, incluso mezclados entre sí o tratados químicamente; abonos procedentes de la mezcla o del tratamiento químico de productos de origen animal o vegetal.",6,KILOGRAMO NETO,KN,true
31021000,"Urea, incluso en disolución acuosa","Urea, incluso en disolución acuosa",6,KILOGRAMO NETO,KN,true
31022100,Sulfato de amonio,Sulfato de amonio,6,KILOGRAMO NETO,KN,true
31022900,Las demás,Las demás,6,KILOGRAMO NETO,KN,true
31023000,"Nitrato de amonio, incluso en disolución acuosa","Nitrato de amonio, incluso en disolución acuosa",6,KILOGRAMO NETO,KN,true
31024000,Mezclas de nitrato de amonio con carbonato de calcio u otras materias inorgánicas sin poder fertiliz,Mezclas de nitrato de amonio con carbonato de calcio u otras materias inorgánicas sin poder fertilizante,6,KILOGRAMO NETO,KN,true
31025000,Nitrato de sodio,Nitrato de sodio,6,KILOGRAMO NETO,KN,true
31026000,Sales dobles y mezclas entre sí de nitrato de calcio y nitrato de amonio,Sales dobles y mezclas entre sí de nitrato de calcio y nitrato de amonio,6,KILOGRAMO NETO,KN,true
31028000,Mezclas de urea con nitrato de amonio en disolución acuosa o amoniacal,Mezclas de urea con nitrato de amonio en disolución acuosa o amoniacal,6,KILOGRAMO NETO,KN,true
31029010,Mezclas de nitrato de sodio agrícola y silicato de sodio,Mezclas de nitrato de sodio agrícola y silicato de sodio,6,KILOGRAMO NETO,KN,true
31029090,Las demás,Las demás,6,KILOGRAMO NETO,KN,true
31031010,Simples,Simples,6,KILOGRAMO NETO,KN,true
31031020,Dobles,Dobles,6,KILOGRAMO NETO,KN,true
31031030,Triples,Triples,6,KILOGRAMO NETO,KN,true
31031090,Los demás,Los demás,6,KILOGRAMO NETO,KN,true
31039000,Los demás,Los demás,6,KILOGRAMO NETO,KN,true
31042000,Cloruro de potasio,Cloruro de potasio,6,KILOGRAMO NETO,KN,true
31043000,Sulfato de potasio,Sulfato de potasio,6,KILOGRAMO NETO,KN,true
31049010,Sulfato doble de potasio y magnesio,Sulfato doble de potasio y magnesio,6,KILOGRAMO NETO,KN,true
31049090,Los demás,Los demás,6,KILOGRAMO NETO,KN,true
31051010,Nitrato sódico-potásico (salitre),Nitrato sódico-potásico (salitre),6,KILOGRAMO NETO,KN,true
31051020,Ortofosfatos mono y diamónicos,Ortofosfatos mono y diamónicos,6,KILOGRAMO NETO,KN,true
31051030,Abonos compuestos y los complejos,Abonos compuestos y los complejos,6,KILOGRAMO NETO,KN,true
31051090,Los demás,Los demás,6,KILOGRAMO NETO,KN,true
31052000,"Abonos minerales o químicos con los tres elementos fertilizantes: nitrógeno, fósforo y potasio","Abonos minerales o químicos con los tres elementos fertilizantes: nitrógeno, fósforo y potasio",6,KILOGRAMO NETO,KN,true
31053000,Hidrogenoortofosfato de diamonio (fosfato diamónico),Hidrogenoortofosfato de diamonio (fosfato diamónico),6,KILOGRAMO NETO,KN,true
31054000,"Dihidrogenoortofosfato de amonio (fosfato monoamónico), incluso mezclado con hidrogenoortofosfato d","Dihidrogenoortofosfato de amonio (fosfato monoamónico), incluso mezclado con hidrogenoortofosfato de diamonio (fosfato diamónico)",6,KILOGRAMO NETO,KN,true
31055100,Que contengan nitratos y fosfatos,Que contengan nitratos y fosfatos,6,KILOGRAMO NETO,KN,true
31055900,Los demás,Los demás,6,KILOGRAMO NETO,KN,true
31056000,Abonos minerales o químicos con los dos elementos fertilizantes: fósforo y potasio,Abonos minerales o químicos con los dos elementos fertilizantes: fósforo y potasio,6,KILOGRAMO NETO,KN,true
31059010,Nitrato sódico potásico (salitre),Nitrato sódico potásico (salitre),6,KILOGRAMO NETO,KN,true
31059020,"Abonos minerales o químicos con los 3 elementos fertilizantes: nitrógeno, potasio y azufre; (NKS)","Abonos minerales o químicos con los 3 elementos fertilizantes: nitrógeno, potasio y azufre; (NKS)",6,KILOGRAMO NETO,KN,true
31059090,Los demás,Los demás,6,KILOGRAMO NETO,KN,true
32011000,Extracto de quebracho,Extracto de quebracho,6,KILOGRAMO NETO,KN,true
32012000,Extracto de mimosa (acacia),Extracto de mimosa (acacia),6,KILOGRAMO NETO,KN,true
32019000,Los demás,Los demás,6,KILOGRAMO NETO,KN,true
32021000,Productos curtientes orgánicos sintéticos,Productos curtientes orgánicos sintéticos,6,KILOGRAMO NETO,KN,true
32029010,Productos y preparaciones curtientes,Productos y preparaciones curtientes,6,KILOGRAMO NETO,KN,true
32029090,Los demás,Los demás,6,KILOGRAMO NETO,KN,true
32030010,Carmín de cochinilla,Carmín de cochinilla,6,KILOGRAMO NETO,KN,true
32030090,Los demás,Los demás,6,KILOGRAMO NETO,KN,true
32041100,Colorantes dispersos y preparaciones a base de estos colorantes,Colorantes dispersos y preparaciones a base de estos colorantes,6,KILOGRAMO NETO,KN,true
32041200,"Colorantes ácidos, incluso metalizados, y preparaciones a base de estos colorantes; colorantes para","Colorantes ácidos, incluso metalizados, y preparaciones a base de estos colorantes; colorantes para mordiente y preparaciones a base de estos colorantes",6,KILOGRAMO NETO,KN,true
32041300,Colorantes básicos y preparaciones a base de estos colorantes,Colorantes básicos y preparaciones a base de estos colorantes,6,KILOGRAMO NETO,KN,true
32041400,Colorantes directos y preparaciones a base de estos colorantes,Colorantes directos y preparaciones a base de estos colorantes,6,KILOGRAMO NETO,KN,true
32041500,Colorantes a la tina o a la cuba (incluidos los utilizables directamente como colorantes pigmentario,Colorantes a la tina o a la cuba (incluidos los utilizables directamente como colorantes pigmentarios) y preparaciones a base de estos colorantes,6,KILOGRAMO NETO,KN,true
32041600,Colorantes reactivos y preparaciones a base de estos colorantes,Colorantes reactivos y preparaciones a base de estos colorantes,6,KILOGRAMO NETO,KN,true
32041700,Colorantes pigmentarios y preparaciones a base de estos colorantes,Colorantes pigmentarios y preparaciones a base de estos colorantes,6,KILOGRAMO NETO,KN,true
32041910,"Beta-caroteno y otras materias colorantes carotenoides (astaxantina, betacaroteno, cantaxantina y","Beta-caroteno y otras materias colorantes carotenoides (astaxantina, betacaroteno, cantaxantina y similares)",6,KILOGRAMO NETO,KN,true
32041920,Colorantes al azufre y preparaciones a base de estos colorantes,Colorantes al azufre y preparaciones a base de estos colorantes,6,KILOGRAMO NETO,KN,true
32041930,Colorantes solventes y preparaciones a base de estos colorantes,Colorantes solventes y preparaciones a base de estos colorantes,6,KILOGRAMO NETO,KN,true
32041990,Los demás,Los demás,6,KILOGRAMO NETO,KN,true
32042000,Productos orgánicos sintéticos de los tipos utilizados para el avivado fluorescente,Productos orgánicos sintéticos de los tipos utilizados para el avivado fluorescente,6,KILOGRAMO NETO,KN,true
32049000,Los demás,Los demás,6,KILOGRAMO NETO,KN,true
32050000,Lacas colorantes; preparaciones a que se refiere la Nota 3 de este Capítulo a base de lacas colorant,Lacas colorantes; preparaciones a que se refiere la Nota 3 de este Capítulo a base de lacas colorantes.,6,KILOGRAMO NETO,KN,true
32061110,Pigmentos,Pigmentos,6,KILOGRAMO NETO,KN,true
32061120,Preparaciones,Preparaciones,6,KILOGRAMO NETO,KN,true
32061910,Pigmentos,Pigmentos,6,KILOGRAMO NETO,KN,true
32061920,Preparaciones,Preparaciones,6,KILOGRAMO NETO,KN,true
32062010,Pigmentos,Pigmentos,6,KILOGRAMO NETO,KN,true
32062020,Preparaciones,Preparaciones,6,KILOGRAMO NETO,KN,true
32064100,Ultramar y sus preparaciones,Ultramar y sus preparaciones,6,KILOGRAMO NETO,KN,true
32064200,Litopón y demás pigmentos y preparaciones a base de sulfuro cinc,Litopón y demás pigmentos y preparaciones a base de sulfuro cinc,6,KILOGRAMO NETO,KN,true
32064900,Las demás,Las demás,6,KILOGRAMO NETO,KN,true
32065000,Productos inorgánicos de los tipos utilizados como luminóforos,Productos inorgánicos de los tipos utilizados como luminóforos,6,KILOGRAMO NETO,KN,true
32071000,"Pigmentos, opacificantes y colores preparados y preparaciones similares","Pigmentos, opacificantes y colores preparados y preparaciones similares",6,KILOGRAMO NETO,KN,true
32072000,"Composiciones vitrificables, engobes y preparaciones similares","Composiciones vitrificables, engobes y preparaciones similares",6,KILOGRAMO NETO,KN,true
32073000,Abrillantadores (lustres) líquidos y preparaciones similares,Abrillantadores (lustres) líquidos y preparaciones similares,6,KILOGRAMO NETO,KN,true
32074010,Frita de vidrio,Frita de vidrio,6,KILOGRAMO NETO,KN,true
32074090,Los demás,Los demás,6,KILOGRAMO NETO,KN,true
32081010,Pinturas,Pinturas,6,KILOGRAMO NETO,KN,true
32081020,Barnices,Barnices,6,KILOGRAMO NETO,KN,true
32081090,Los demás,Los demás,6,KILOGRAMO NETO,KN,true
32082010,Pinturas,Pinturas,6,KILOGRAMO NETO,KN,true
32082020,Barnices,Barnices,6,KILOGRAMO NETO,KN,true
32082090,Los demás,Los demás,6,KILOGRAMO NETO,KN,true
32089010,Pinturas,Pinturas,6,KILOGRAMO NETO,KN,true
32089020,Barnices,Barnices,6,KILOGRAMO NETO,KN,true
32089090,Los demás,Los demás,6,KILOGRAMO NETO,KN,true
32091010,Pinturas,Pinturas,6,KILOGRAMO NETO,KN,true
32091020,Barnices,Barnices,6,KILOGRAMO NETO,KN,true
32099010,Pinturas,Pinturas,6,KILOGRAMO NETO,KN,true
32099020,Barnices,Barnices,6,KILOGRAMO NETO,KN,true
32100010,Pinturas,Pinturas,6,KILOGRAMO NETO,KN,true
32100020,Barnices,Barnices,6,KILOGRAMO NETO,KN,true
32100030,Pigmentos al agua,Pigmentos al agua,6,KILOGRAMO NETO,KN,true
32110000,Secativos preparados.,Secativos preparados.,6,KILOGRAMO NETO,KN,true
32121000,Hojas para el marcado a fuego,Hojas para el marcado a fuego,6,KILOGRAMO NETO,KN,true
32129010,Pigmentos molidos utilizados para la fabricación de pinturas,Pigmentos molidos utilizados para la fabricación de pinturas,6,KILOGRAMO NETO,KN,true
32129090,Los demás,Los demás,6,KILOGRAMO NETO,KN,true
32131000,Colores en surtidos,Colores en surtidos,6,KILOGRAMO NETO,KN,true
32139000,Los demás,Los demás,6,KILOGRAMO NETO,KN,true
32141000,"Masilla, cementos de resina y demás mástiques; plastes (enduidos) utilizados en pintura","Masilla, cementos de resina y demás mástiques; plastes (enduidos) utilizados en pintura",6,KILOGRAMO NETO,KN,true
32149000,Los demás,Los demás,6,KILOGRAMO NETO,KN,true
32151110,Flexográficas,Flexográficas,6,KILOGRAMO NETO,KN,true
32151120,Huecograbado,Huecograbado,6,KILOGRAMO NETO,KN,true
32151130,Tipográficas,Tipográficas,6,KILOGRAMO NETO,KN,true
32151140,Litográficas offset,Litográficas offset,6,KILOGRAMO NETO,KN,true
32151150,Serigráficas,Serigráficas,6,KILOGRAMO NETO,KN,true
32151191,Para impresoras de computación,Para impresoras de computación,6,KILOGRAMO NETO,KN,true
32151199,Las demás,Las demás,6,KILOGRAMO NETO,KN,true
32151910,Flexográficas,Flexográficas,6,KILOGRAMO NETO,KN,true
32151920,Huecograbado,Huecograbado,6,KILOGRAMO NETO,KN,true
32151930,Tipográficas,Tipográficas,6,KILOGRAMO NETO,KN,true
32151940,Litográficas offset,Litográficas offset,6,KILOGRAMO NETO,KN,true
32151950,Serigráficas,Serigráficas,6,KILOGRAMO NETO,KN,true
32151991,Para impresoras de computación,Para impresoras de computación,6,KILOGRAMO NETO,KN,true
32151999,Las demás,Las demás,6,KILOGRAMO NETO,KN,true
32159010,Para escribir o dibujar,Para escribir o dibujar,6,KILOGRAMO NETO,KN,true
32159090,Las demás,Las demás,6,KILOGRAMO NETO,KN,true
33011200,De naranja,De naranja,6,KILOGRAMO NETO,KN,true
33011300,De limón,De limón,6,KILOGRAMO NETO,KN,true
33011900,Los demás,Los demás,6,KILOGRAMO NETO,KN,true
33012400,De menta piperita (Mentha piperita),De menta piperita (Mentha piperita),6,KILOGRAMO NETO,KN,true
33012500,De las demás mentas,De las demás mentas,6,KILOGRAMO NETO,KN,true
33012900,Los demás,Los demás,6,KILOGRAMO NETO,KN,true
33013000,Resinoides,Resinoides,6,KILOGRAMO NETO,KN,true
33019000,Los demás,Los demás,6,KILOGRAMO NETO,KN,true
33021000,De los tipos utilizados en las industrias alimentarias o de bebidas,De los tipos utilizados en las industrias alimentarias o de bebidas,6,KILOGRAMO NETO,KN,true
33029010,De los tipos utilizados en las industrias de perfumería y aguas de tocador,De los tipos utilizados en las industrias de perfumería y aguas de tocador,6,KILOGRAMO NETO,KN,true
33029020,De los tipos utilizados en las industrias de cosméticos y artículos de tocador,De los tipos utilizados en las industrias de cosméticos y artículos de tocador,6,KILOGRAMO NETO,KN,true
33029030,De los tipos utilizados en la industria del tabaco,De los tipos utilizados en la industria del tabaco,6,KILOGRAMO NETO,KN,true
33029040,De los tipos utilizados en las industrias de detergentes,De los tipos utilizados en las industrias de detergentes,6,KILOGRAMO NETO,KN,true
33029090,Las demás,Las demás,6,KILOGRAMO NETO,KN,true
33030000,Perfumes y aguas de tocador.,Perfumes y aguas de tocador.,6,KILOGRAMO NETO,KN,true
33041000,Preparaciones para el maquillaje de los labios,Preparaciones para el maquillaje de los labios,6,KILOGRAMO NETO,KN,true
33042000,Preparaciones para el maquillaje de los ojos,Preparaciones para el maquillaje de los ojos,6,KILOGRAMO NETO,KN,true
33043000,Preparaciones para manicuras o pedicuros,Preparaciones para manicuras o pedicuros,6,KILOGRAMO NETO,KN,true
33049100,"Polvos, incluidos los compactos","Polvos, incluidos los compactos",6,KILOGRAMO NETO,KN,true
33049910,Cremas para el cuidado de la piel,Cremas para el cuidado de la piel,6,KILOGRAMO NETO,KN,true
33049920,Bases de maquillaje,Bases de maquillaje,6,KILOGRAMO NETO,KN,true
33049930,Aceites emulsionados,Aceites emulsionados,6,KILOGRAMO NETO,KN,true
33049940,Bronceadores y bloqueadores solares,Bronceadores y bloqueadores solares,6,KILOGRAMO NETO,KN,true
33049990,Las demás,Las demás,6,KILOGRAMO NETO,KN,true
33051000,Champúes,Champúes,6,KILOGRAMO NETO,KN,true
33052000,Preparaciones para ondulación o desrizado permanentes,Preparaciones para ondulación o desrizado permanentes,6,KILOGRAMO NETO,KN,true
33053000,Lacas para el cabello,Lacas para el cabello,6,KILOGRAMO NETO,KN,true
33059010,Tinturas capilares,Tinturas capilares,6,KILOGRAMO NETO,KN,true
33059020,Acondicionadores (bálsamos) para el cabello,Acondicionadores (bálsamos) para el cabello,6,KILOGRAMO NETO,KN,true
33059090,Las demás,Las demás,6,KILOGRAMO NETO,KN,true
33061000,Dentífricos,Dentífricos,6,KILOGRAMO NETO,KN,true
33062000,Hilo utilizado para limpieza de los espacios interdentales (hilo dental),Hilo utilizado para limpieza de los espacios interdentales (hilo dental),6,KILOGRAMO NETO,KN,true
33069000,Los demás,Los demás,6,KILOGRAMO NETO,KN,true
33071000,Preparaciones para afeitar o para antes o después del afeitado,Preparaciones para afeitar o para antes o después del afeitado,6,KILOGRAMO NETO,KN,true
33072000,Desodorantes corporales y antitranspirantes,Desodorantes corporales y antitranspirantes,6,KILOGRAMO NETO,KN,true
33073000,Sales perfumadas y demás preparaciones para el baño,Sales perfumadas y demás preparaciones para el baño,6,KILOGRAMO NETO,KN,true
33074100,«Agarbatti» y demás preparaciones odoríferas que actúan por combustión,«Agarbatti» y demás preparaciones odoríferas que actúan por combustión,6,KILOGRAMO NETO,KN,true
33074900,Las demás,Las demás,6,KILOGRAMO NETO,KN,true
33079000,Los demás,Los demás,6,KILOGRAMO NETO,KN,true
34011100,De tocador (incluso los medicinales),De tocador (incluso los medicinales),6,KILOGRAMO NETO,KN,true
34011900,Los demás,Los demás,6,KILOGRAMO NETO,KN,true
34012020,En bastones,En bastones,6,KILOGRAMO NETO,KN,true
34012090,Los demás,Los demás,6,KILOGRAMO NETO,KN,true
34013000,"Productos y preparaciones orgánicos tensoactivos para el lavado de la piel, líquidos o en crema, aco","Productos y preparaciones orgánicos tensoactivos para el lavado de la piel, líquidos o en crema, acondicionados para la venta al por menor, aunque contengan jabón",6,KILOGRAMO NETO,KN,true
34021110,Lauril sulfato de sodio,Lauril sulfato de sodio,6,KILOGRAMO NETO,KN,true
34021120,Lauril éter sulfato de sodio,Lauril éter sulfato de sodio,6,KILOGRAMO NETO,KN,true
34021130,Naftalen sulfonato de sodio,Naftalen sulfonato de sodio,6,KILOGRAMO NETO,KN,true
34021140,Alquil naftalen sulfonato de sodio,Alquil naftalen sulfonato de sodio,6,KILOGRAMO NETO,KN,true
34021150,Alquil benceno sulfonato de sodio lineal (LAS),Alquil benceno sulfonato de sodio lineal (LAS),6,KILOGRAMO NETO,KN,true
34021190,Los demás,Los demás,6,KILOGRAMO NETO,KN,true
34021210,Bases de amonio cuaternario,Bases de amonio cuaternario,6,KILOGRAMO NETO,KN,true
34021290,Los demás,Los demás,6,KILOGRAMO NETO,KN,true
34021310,Nonilfenol etoxilado,Nonilfenol etoxilado,6,KILOGRAMO NETO,KN,true
34021320,Etanolamidas de ácidos grasos,Etanolamidas de ácidos grasos,6,KILOGRAMO NETO,KN,true
34021390,Los demás,Los demás,6,KILOGRAMO NETO,KN,true
34021910,Proteínas alquilbetaínicas o sulfobetaínicas,Proteínas alquilbetaínicas o sulfobetaínicas,6,KILOGRAMO NETO,KN,true
34021990,Los demás,Los demás,6,KILOGRAMO NETO,KN,true
34022010,Preparaciones tensoactivas,Preparaciones tensoactivas,6,KILOGRAMO NETO,KN,true
34022020,Preparaciones de lavar (incluidas las preparaciones auxiliares para lavado) y preparaciones para lim,"Preparaciones de lavar (incluidas las preparaciones auxiliares para lavado) y preparaciones para limpieza, a base de jabón u otros agentes de superficie orgánicos",6,KILOGRAMO NETO,KN,true
34022090,Las demás,Las demás,6,KILOGRAMO NETO,KN,true
34029010,Preparaciones tensoactivas,Preparaciones tensoactivas,6,KILOGRAMO NETO,KN,true
34029020,Preparaciones de lavar (incluidas las preparaciones auxiliares para lavado) y preparaciones para li,"Preparaciones de lavar (incluidas las preparaciones auxiliares para lavado) y preparaciones para limpieza, a base de jabón u otros agentes de superficie orgánicos",6,KILOGRAMO NETO,KN,true
34029090,Las demás,Las demás,6,KILOGRAMO NETO,KN,true
34031100,"Preparaciones para el tratamiento de materias textiles, cueros y pieles, peletería u otras materia","Preparaciones para el tratamiento de materias textiles, cueros y pieles, peletería u otras materias",6,KILOGRAMO NETO,KN,true
34031900,Las demás,Las demás,6,KILOGRAMO NETO,KN,true
34039100,"Preparaciones para el tratamiento de materias textiles, cueros y pieles, peletería u otras materia","Preparaciones para el tratamiento de materias textiles, cueros y pieles, peletería u otras materias",6,KILOGRAMO NETO,KN,true
34039900,Las demás,Las demás,6,KILOGRAMO NETO,KN,true
34042000,De poli(oxietileno) (polietilenglicol),De poli(oxietileno) (polietilenglicol),6,KILOGRAMO NETO,KN,true
34049010,Artificiales,Artificiales,6,KILOGRAMO NETO,KN,true
34049020,Preparadas,Preparadas,6,KILOGRAMO NETO,KN,true
34051010,Betunes y cremas para el calzado,Betunes y cremas para el calzado,6,KILOGRAMO NETO,KN,true
34051090,Los demás,Los demás,6,KILOGRAMO NETO,KN,true
34052000,"Encáusticos y preparaciones similares para la conservación de muebles de madera, parqués u otras man","Encáusticos y preparaciones similares para la conservación de muebles de madera, parqués u otras manufacturas de madera",6,KILOGRAMO NETO,KN,true
34053000,"Abrillantadores (lustres) y preparaciones similares para carrocerías, excepto las preparaciones par","Abrillantadores (lustres) y preparaciones similares para carrocerías, excepto las preparaciones para lustrar metal",6,KILOGRAMO NETO,KN,true
34054000,"Pastas, polvos y demás preparaciones para fregar","Pastas, polvos y demás preparaciones para fregar",6,KILOGRAMO NETO,KN,true
34059000,Las demás,Las demás,6,KILOGRAMO NETO,KN,true
34060000,"Velas, cirios y artículos similares.","Velas, cirios y artículos similares.",6,KILOGRAMO NETO,KN,true
34070000,"Pastas para modelar, incluidas las presentadas para entretenimiento de los niños; preparaciones lla","Pastas para modelar, incluidas las presentadas para entretenimiento de los niños; preparaciones llamadas «ceras para odontología» o «compuestos para impresión dental», presentadas en juegos o surtido",6,KILOGRAMO NETO,KN,true
35011000,Caseína,Caseína,6,KILOGRAMO NETO,KN,true
35019010,Caseinatos,Caseinatos,6,KILOGRAMO NETO,KN,true
35019090,Los demás,Los demás,6,KILOGRAMO NETO,KN,true
35021100,Seca,Seca,6,KILOGRAMO NETO,KN,true
35021900,Las demás,Las demás,6,KILOGRAMO NETO,KN,true
35022000,"Lactoalbúmina, incluidos los concentrados de dos o más proteínas del lactosuero","Lactoalbúmina, incluidos los concentrados de dos o más proteínas del lactosuero",6,KILOGRAMO NETO,KN,true
35029000,Los demás,Los demás,6,KILOGRAMO NETO,KN,true
35030010,Gelatinas,Gelatinas,6,KILOGRAMO NETO,KN,true
35030090,Las demás,Las demás,6,KILOGRAMO NETO,KN,true
35040010,Proteína aislada de soya (soja),Proteína aislada de soya (soja),6,KILOGRAMO NETO,KN,true
35040090,Las demás,Las demás,6,KILOGRAMO NETO,KN,true
35051000,Dextrina y demás almidones y féculas modificados,Dextrina y demás almidones y féculas modificados,6,KILOGRAMO NETO,KN,true
35052000,Colas,Colas,6,KILOGRAMO NETO,KN,true
35061010,A base de caucho,A base de caucho,6,KILOGRAMO NETO,KN,true
35061020,A base de plástico,A base de plástico,6,KILOGRAMO NETO,KN,true
35061090,Los demás,Los demás,6,KILOGRAMO NETO,KN,true
35069110,A base de caucho,A base de caucho,6,KILOGRAMO NETO,KN,true
35069120,A base de polímeros de las partidas 39.01 a 39.13,A base de polímeros de las partidas 39.01 a 39.13,6,KILOGRAMO NETO,KN,true
35069900,Los demás,Los demás,6,KILOGRAMO NETO,KN,true
35071010,Cuajo,Cuajo,6,KILOGRAMO NETO,KN,true
35071020,Concentrados,Concentrados,6,KILOGRAMO NETO,KN,true
35079010,Pancreáticas,Pancreáticas,6,KILOGRAMO NETO,KN,true
35079020,Enzimas utilizadas en la industria vitivinícola,Enzimas utilizadas en la industria vitivinícola,6,KILOGRAMO NETO,KN,true
35079090,Las demás,Las demás,6,KILOGRAMO NETO,KN,true
36010000,Pólvora.,Pólvora.,6,KILOGRAMO NETO,KN,true
36020010,Tetranitrato de pentaeritritol (Pentrita o PETN),Tetranitrato de pentaeritritol (Pentrita o PETN),6,KILOGRAMO NETO,KN,true
36020020,Mezclas a base de TNT y pentrita (pentolita),Mezclas a base de TNT y pentrita (pentolita),6,KILOGRAMO NETO,KN,true
36020030,Mezclas a base de derivados nitrados de glicerol y etilenglicol (dinamita),Mezclas a base de derivados nitrados de glicerol y etilenglicol (dinamita),6,KILOGRAMO NETO,KN,true
36020040,Mezclas a base de nitrato de amonio y fuel-oil (ANFO),Mezclas a base de nitrato de amonio y fuel-oil (ANFO),6,KILOGRAMO NETO,KN,true
36020090,Los demás,Los demás,6,KILOGRAMO NETO,KN,true
36030010,Mechas de seguridad,Mechas de seguridad,6,KILOGRAMO NETO,KN,true
36030020,Cordones detonantes,Cordones detonantes,6,KILOGRAMO NETO,KN,true
36030030,Cebos y cápsulas fulminantes,Cebos y cápsulas fulminantes,6,KILOGRAMO NETO,KN,true
36030040,Detonadores eléctricos,Detonadores eléctricos,6,KILOGRAMO NETO,KN,true
36030090,Los demás,Los demás,6,KILOGRAMO NETO,KN,true
36041000,Artículos para fuegos artificiales,Artículos para fuegos artificiales,6,KILOGRAMO NETO,KN,true
36049000,Los demás,Los demás,6,KILOGRAMO NETO,KN,true
36050000,"Fósforos (cerillas), excepto los artículos de pirotecnia de la partida 36.04.","Fósforos (cerillas), excepto los artículos de pirotecnia de la partida 36.04.",6,KILOGRAMO NETO,KN,true
36061000,Combustibles líquidos y gases combustibles licuados en recipientes de los tipos utilizados para carg,"Combustibles líquidos y gases combustibles licuados en recipientes de los tipos utilizados para cargar o recargar encendedores o mecheros, de capacidad inferior o igual a 300 cm3",6,KILOGRAMO NETO,KN,true
36069000,Los demás,Los demás,6,KILOGRAMO NETO,KN,true
37011000,Para rayos X,Para rayos X,15,METRO CUADRADO,MT2,true
37012000,Películas autorrevelables,Películas autorrevelables,6,KILOGRAMO NETO,KN,true
37013000,Las demás placas y películas planas en las que por lo menos un lado sea superior a 255 mm,Las demás placas y películas planas en las que por lo menos un lado sea superior a 255 mm,15,METRO CUADRADO,MT2,true
37019100,Para fotografía en colores (policroma),Para fotografía en colores (policroma),6,KILOGRAMO NETO,KN,true
37019910,Placas metálicas para la preparación de clisés,Placas metálicas para la preparación de clisés,15,METRO CUADRADO,MT2,true
37019990,Las demás,Las demás,15,METRO CUADRADO,MT2,true
37021000,Para rayos X,Para rayos X,15,METRO CUADRADO,MT2,true
37023100,Para fotografía en colores (policroma),Para fotografía en colores (policroma),10,UNIDAD,U,true
37023200,"Las demás, con emulsión de halogenuros de plata","Las demás, con emulsión de halogenuros de plata",15,METRO CUADRADO,MT2,true
37023900,Las demás,Las demás,15,METRO CUADRADO,MT2,true
37024100,"De anchura superior a 610 mm y longitud superior a 200 m, para fotografía en colores (policroma)","De anchura superior a 610 mm y longitud superior a 200 m, para fotografía en colores (policroma)",15,METRO CUADRADO,MT2,true
37024200,"De anchura superior a 610 mm y longitud superior a 200 m, excepto para fotografía en colores.","De anchura superior a 610 mm y longitud superior a 200 m, excepto para fotografía en colores.",15,METRO CUADRADO,MT2,true
37024300,De anchura superior a 610 mm y longitud inferior o igual a 200 m,De anchura superior a 610 mm y longitud inferior o igual a 200 m,15,METRO CUADRADO,MT2,true
37024400,De anchura superior a 105 mm pero inferior o igual a 610 mm,De anchura superior a 105 mm pero inferior o igual a 610 mm,15,METRO CUADRADO,MT2,true
37025100,De anchura inferior o igual a 16 mm y longitud inferior o igual,De anchura inferior o igual a 16 mm y longitud inferior o igual,14,METRO LINEAL,MT,true
37025200,De anchura inferior o igual a 16 mm y longitud superior a 14 m,De anchura inferior o igual a 16 mm y longitud superior a 14 m,14,METRO LINEAL,MT,true
37025300,"De anchura superior a 16 mm pero inferior o igual a 35 mm y longitud inferior o igual a 30 m, para d","De anchura superior a 16 mm pero inferior o igual a 35 mm y longitud inferior o igual a 30 m, para diapositivas",14,METRO LINEAL,MT,true
37025410,De anchura igual a 35 mm y longitud inferior o igual a 30 m,De anchura igual a 35 mm y longitud inferior o igual a 30 m,14,METRO LINEAL,MT,true
37025490,Las demás,Las demás,14,METRO LINEAL,MT,true
37025500,De anchura superior a 16 mm pero inferior o igual a 35 mm y longitud superior a 30 m,De anchura superior a 16 mm pero inferior o igual a 35 mm y longitud superior a 30 m,14,METRO LINEAL,MT,true
37025600,De anchura superior a 35 mm,De anchura superior a 35 mm,14,METRO LINEAL,MT,true
37029100,De anchura inferior o igual a 16 mm,De anchura inferior o igual a 16 mm,14,METRO LINEAL,MT,true
37029300,De anchura superior a 16 mm pero inferior o igual a 35 mm y longitud inferior o igual a 30 m,De anchura superior a 16 mm pero inferior o igual a 35 mm y longitud inferior o igual a 30 m,14,METRO LINEAL,MT,true
37029400,De anchura superior a 16 mm pero inferior o igual a 35 mm y longitud superior a 30 m,De anchura superior a 16 mm pero inferior o igual a 35 mm y longitud superior a 30 m,14,METRO LINEAL,MT,true
37029500,De anchura superior a 35 mm,De anchura superior a 35 mm,14,METRO LINEAL,MT,true
37031010,Para aparatos fotocopiadores,Para aparatos fotocopiadores,6,KILOGRAMO NETO,KN,true
37031020,Para fotografías,Para fotografías,6,KILOGRAMO NETO,KN,true
37031090,Los demás,Los demás,6,KILOGRAMO NETO,KN,true
37032000,"Los demás, para fotografía en colores (policroma)","Los demás, para fotografía en colores (policroma)",6,KILOGRAMO NETO,KN,true
37039010,Para aparatos fotocopiadores,Para aparatos fotocopiadores,6,KILOGRAMO NETO,KN,true
37039020,Para fotografías,Para fotografías,6,KILOGRAMO NETO,KN,true
37039090,Los demás,Los demás,6,KILOGRAMO NETO,KN,true
37040010,"Papel, cartón y textiles para aparatos fotocopiadores","Papel, cartón y textiles para aparatos fotocopiadores",6,KILOGRAMO NETO,KN,true
37040020,"Papel, cartón y textiles para fotografía","Papel, cartón y textiles para fotografía",6,KILOGRAMO NETO,KN,true
37040090,Los demás,Los demás,6,KILOGRAMO NETO,KN,true
37051000,Para la reproducción offset,Para la reproducción offset,6,KILOGRAMO NETO,KN,true
37059000,Las demás,Las demás,6,KILOGRAMO NETO,KN,true
37061000,De anchura superior o igual a 35 mm,De anchura superior o igual a 35 mm,14,METRO LINEAL,MT,true
37069000,Las demás,Las demás,14,METRO LINEAL,MT,true
37071000,Emulsiones para sensibilizar superficies,Emulsiones para sensibilizar superficies,6,KILOGRAMO NETO,KN,true
37079010,Polvo impresor para fotocopiadoras (toner),Polvo impresor para fotocopiadoras (toner),6,KILOGRAMO NETO,KN,true
37079090,Los demás,Los demás,6,KILOGRAMO NETO,KN,true
38011000,Grafito artificial,Grafito artificial,6,KILOGRAMO NETO,KN,true
38012000,Grafito coloidal o semicoloidal,Grafito coloidal o semicoloidal,6,KILOGRAMO NETO,KN,true
38013000,Pastas carbonosas para electrodos y pastas similares para el revestimiento interior de hornos,Pastas carbonosas para electrodos y pastas similares para el revestimiento interior de hornos,6,KILOGRAMO NETO,KN,true
38019000,Las demás,Las demás,6,KILOGRAMO NETO,KN,true
38021000,Carbón activado,Carbón activado,6,KILOGRAMO NETO,KN,true
38029010,Materias minerales naturales activadas,Materias minerales naturales activadas,6,KILOGRAMO NETO,KN,true
38029090,Los demás,Los demás,6,KILOGRAMO NETO,KN,true
38030000,"«Tall oil», incluso refinado.","«Tall oil», incluso refinado.",6,KILOGRAMO NETO,KN,true
38040000,"Lejías residuales de la fabricación de pastas de celulosa, aunque estén concentradas, desazucaradas","Lejías residuales de la fabricación de pastas de celulosa, aunque estén concentradas, desazucaradas o tratadas químicamente, incluidos los lignosulfonatos, excepto el «tall oil» de la partida 38.03.",6,KILOGRAMO NETO,KN,true
38051000,"Esencias de trementina, madera de pino o pasta celulósica al sulfato (sulfato de trementina)","Esencias de trementina, madera de pino o pasta celulósica al sulfato (sulfato de trementina)",6,KILOGRAMO NETO,KN,true
38059000,Los demás,Los demás,6,KILOGRAMO NETO,KN,true
38061000,Colofonias y ácidos resínicos,Colofonias y ácidos resínicos,6,KILOGRAMO NETO,KN,true
38062000,"Sales de colofonias, de ácidos resínicos o de derivados de colofonias o de ácidos resínicos, excepto","Sales de colofonias, de ácidos resínicos o de derivados de colofonias o de ácidos resínicos, excepto las sales de aductos de colofonias.",6,KILOGRAMO NETO,KN,true
38063000,Gomas éster,Gomas éster,6,KILOGRAMO NETO,KN,true
38069000,Los demás,Los demás,6,KILOGRAMO NETO,KN,true
38070000,Alquitranes de madera; aceites de alquitrán de madera; creosota de madera; metileno (nafta de madera,Alquitranes de madera; aceites de alquitrán de madera; creosota de madera; metileno (nafta de madera); pez vegetal; pez de cervecería y preparaciones similares a base de colofonia; de ácidos resínicos,6,KILOGRAMO NETO,KN,true
38085000,Productos mencionados en la Nota 1 de subpartida de este Capítulo,Productos mencionados en la Nota 1 de subpartida de este Capítulo,6,KILOGRAMO NETO,KN,true
38089111,Que contengan bromometano (bromuro de metilo) o bromoclorometano,Que contengan bromometano (bromuro de metilo) o bromoclorometano,6,KILOGRAMO NETO,KN,true
38089119,Los demás,Los demás,6,KILOGRAMO NETO,KN,true
38089191,Que contengan bromometano (bromuro de metilo) o bromoclorometano,Que contengan bromometano (bromuro de metilo) o bromoclorometano,6,KILOGRAMO NETO,KN,true
38089199,Los demás,Los demás,6,KILOGRAMO NETO,KN,true
38089211,Que contengan bromometano (bromuro de metilo) o bromoclorometano,Que contengan bromometano (bromuro de metilo) o bromoclorometano,6,KILOGRAMO NETO,KN,true
38089219,'---- Los demás,'---- Los demás,6,KILOGRAMO NETO,KN,true
38089291,Que contengan bromometano (bromuro de metilo) o bromoclorometano,Que contengan bromometano (bromuro de metilo) o bromoclorometano,6,KILOGRAMO NETO,KN,true
38089299,Los demás,Los demás,6,KILOGRAMO NETO,KN,true
38089311,Que contengan bromometano (bromuro de metilo) o bromoclorometano,Que contengan bromometano (bromuro de metilo) o bromoclorometano,6,KILOGRAMO NETO,KN,true
38089319,Los demás,Los demás,6,KILOGRAMO NETO,KN,true
38089321,Que contengan bromometano (bromuro de metilo) o bromoclorometano,Que contengan bromometano (bromuro de metilo) o bromoclorometano,6,KILOGRAMO NETO,KN,true
38089329,Los demás,Los demás,6,KILOGRAMO NETO,KN,true
38089331,Acondicionados para la venta al por menor en envases de contenido neto inferior o igual a 5 KN o 5,Acondicionados para la venta al por menor en envases de contenido neto inferior o igual a 5 KN o 5 l,6,KILOGRAMO NETO,KN,true
38089339,'---- Los demás,'---- Los demás,6,KILOGRAMO NETO,KN,true
38089341,Acondicionados para la venta al por menor en envases de contenido neto inferior o igual a 5 KN o 5 l,Acondicionados para la venta al por menor en envases de contenido neto inferior o igual a 5 KN o 5 l:,6,KILOGRAMO NETO,KN,true
38089349,Los demás,Los demás,6,KILOGRAMO NETO,KN,true
38089411,Que contengan bromometano (bromuro de metilo) o bromoclorometano,Que contengan bromometano (bromuro de metilo) o bromoclorometano,6,KILOGRAMO NETO,KN,true
38089419,Los demás,Los demás,6,KILOGRAMO NETO,KN,true
38089491,Que contengan bromometano (bromuro de metilo) o bromoclorometano,Que contengan bromometano (bromuro de metilo) o bromoclorometano,6,KILOGRAMO NETO,KN,true
38089499,'---- Los demás,'---- Los demás,6,KILOGRAMO NETO,KN,true
38089911,Que contengan bromometano (bromuro de metilo) o bromoclorometano,Que contengan bromometano (bromuro de metilo) o bromoclorometano,6,KILOGRAMO NETO,KN,true
38089919,Los demás,Los demás,6,KILOGRAMO NETO,KN,true
38089991,Que contengan bromometano (bromuro de metilo) o bromoclorometano,Que contengan bromometano (bromuro de metilo) o bromoclorometano,6,KILOGRAMO NETO,KN,true
38089999,Los demás,Los demás,6,KILOGRAMO NETO,KN,true
38091000,A base de materias amiláceas,A base de materias amiláceas,6,KILOGRAMO NETO,KN,true
38099110,Aderezos y aprestos preparados,Aderezos y aprestos preparados,6,KILOGRAMO NETO,KN,true
38099190,Los demás,Los demás,6,KILOGRAMO NETO,KN,true
38099210,Aderezos y aprestos preparados,Aderezos y aprestos preparados,6,KILOGRAMO NETO,KN,true
38099290,Los demás,Los demás,6,KILOGRAMO NETO,KN,true
38099310,Aderezos y aprestos preparados,Aderezos y aprestos preparados,6,KILOGRAMO NETO,KN,true
38099390,Los demás,Los demás,6,KILOGRAMO NETO,KN,true
38101000,"Preparaciones para el decapado de metal; pastas y polvos para soldar, constituidos por metal y otro","Preparaciones para el decapado de metal; pastas y polvos para soldar, constituidos por metal y otros productos",6,KILOGRAMO NETO,KN,true
38109010,Preparados para recubrir o rellenar electrodos o varillas de soldadura,Preparados para recubrir o rellenar electrodos o varillas de soldadura,6,KILOGRAMO NETO,KN,true
38109090,Los demás,Los demás,6,KILOGRAMO NETO,KN,true
38111100,A base de compuestos de plomo,A base de compuestos de plomo,6,KILOGRAMO NETO,KN,true
38111910,No acondicionadas para la venta al por menor,No acondicionadas para la venta al por menor,6,KILOGRAMO NETO,KN,true
38111990,Las demás,Las demás,6,KILOGRAMO NETO,KN,true
38112130,Acondicionados para la venta al por menor en envases de contenido neto inferior o igual a 1 Kg.,Acondicionados para la venta al por menor en envases de contenido neto inferior o igual a 1 Kg.,6,KILOGRAMO NETO,KN,true
38112140,Acondicionados para la venta al por menor en envases de contenido neto superior a 1 Kg pero inferi,Acondicionados para la venta al por menor en envases de contenido neto superior a 1 Kg pero inferior o igual a 5 Kg,6,KILOGRAMO NETO,KN,true
38112190,Los demás,Los demás,6,KILOGRAMO NETO,KN,true
38112930,Acondicionados para la venta al por menor en envases de contenido neto inferior o igual a 1 Kg,Acondicionados para la venta al por menor en envases de contenido neto inferior o igual a 1 Kg,6,KILOGRAMO NETO,KN,true
38112940,Acondicionados para la venta al por menor en envases de contenido neto superior a 1 Kg pero inferio,Acondicionados para la venta al por menor en envases de contenido neto superior a 1 Kg pero inferior o igual a 5 Kg,6,KILOGRAMO NETO,KN,true
38112990,Los demás,Los demás,6,KILOGRAMO NETO,KN,true
38119030,Acondicionados para la venta al por menor en envases de contenido neto inferior o igual a 1 Kg,Acondicionados para la venta al por menor en envases de contenido neto inferior o igual a 1 Kg,6,KILOGRAMO NETO,KN,true
38119040,Acondicionados para la venta al por menor en envases de contenido neto superior a 1 Kg pero inferio,Acondicionados para la venta al por menor en envases de contenido neto superior a 1 Kg pero inferior o igual a 5 Kg,6,KILOGRAMO NETO,KN,true
38119090,Los demás,Los demás,6,KILOGRAMO NETO,KN,true
38121000,Aceleradores de vulcanización preparados,Aceleradores de vulcanización preparados,6,KILOGRAMO NETO,KN,true
38122000,Plastificantes compuestos para caucho o plástico,Plastificantes compuestos para caucho o plástico,6,KILOGRAMO NETO,KN,true
38123000,Preparaciones antioxidantes y demás estabilizantes compuestos para caucho o plástico,Preparaciones antioxidantes y demás estabilizantes compuestos para caucho o plástico,6,KILOGRAMO NETO,KN,true
38130010,"Que contengan bromoclorodifluorometano, bromotrifluorometano o dibromotetrafluoroetanos","Que contengan bromoclorodifluorometano, bromotrifluorometano o dibromotetrafluoroetanos",6,KILOGRAMO NETO,KN,true
38130020,"Que contengan hidrobromofluorocarburos del metano, del etano o del propano (HBFC)","Que contengan hidrobromofluorocarburos del metano, del etano o del propano (HBFC)",6,KILOGRAMO NETO,KN,true
38130030,"Que contengan hidroclorofluorocarburos del metano, del etano o del propano (HCFC)","Que contengan hidroclorofluorocarburos del metano, del etano o del propano (HCFC)",6,KILOGRAMO NETO,KN,true
38130040,Que contengan bromoclorometano,Que contengan bromoclorometano,6,KILOGRAMO NETO,KN,true
38130090,Los demás,Los demás,6,KILOGRAMO NETO,KN,true
38140010,"Que contengan clorofluorocarburos del metano, del etano o del propano (CFC), incluso los que conten","Que contengan clorofluorocarburos del metano, del etano o del propano (CFC), incluso los que contengan hidroclorofluorocarburos (HCFC)",6,KILOGRAMO NETO,KN,true
38140020,"Que contengan hidroclorofluorocarburos del metano, del etano o del propano (HCFC), pero que no conte","Que contengan hidroclorofluorocarburos del metano, del etano o del propano (HCFC), pero que no contengan clorofluorocarburos (CFC)",6,KILOGRAMO NETO,KN,true
38140030,"Que contengan tetracloruro de carbono, bromoclorometano o 1,1,1-tricloroetano (metilcloroformo)","Que contengan tetracloruro de carbono, bromoclorometano o 1,1,1-tricloroetano (metilcloroformo)",6,KILOGRAMO NETO,KN,true
38140090,Los demás,Los demás,6,KILOGRAMO NETO,KN,true
38151100,Con níquel o sus compuestos como sustancia activa,Con níquel o sus compuestos como sustancia activa,6,KILOGRAMO NETO,KN,true
38151200,Con metal precioso o sus compuestos como sustancia activa,Con metal precioso o sus compuestos como sustancia activa,6,KILOGRAMO NETO,KN,true
38151900,Los demás,Los demás,6,KILOGRAMO NETO,KN,true
38159000,Los demás,Los demás,6,KILOGRAMO NETO,KN,true
38160010,Cementos refractarios,Cementos refractarios,6,KILOGRAMO NETO,KN,true
38160020,Morteros refractarios,Morteros refractarios,6,KILOGRAMO NETO,KN,true
38160030,Hormigones refractarios,Hormigones refractarios,6,KILOGRAMO NETO,KN,true
38160090,Las demás,Las demás,6,KILOGRAMO NETO,KN,true
38170011,Dodecilbencenos,Dodecilbencenos,6,KILOGRAMO NETO,KN,true
38170019,Los demás,Los demás,6,KILOGRAMO NETO,KN,true
38170020,Mezclas de alquilnaftalenos,Mezclas de alquilnaftalenos,6,KILOGRAMO NETO,KN,true
38180000,"Elementos químicos dopados para uso en electrónica, en discos, obleas («wafers») o formas análogas;","Elementos químicos dopados para uso en electrónica, en discos, obleas («wafers») o formas análogas; compuestos químicos dopados para uso en electrónica.",6,KILOGRAMO NETO,KN,true
38190000,"Líquidos para frenos hidráulicos y demás líquidos preparados para transmisiones hidráulicas, sin ace","Líquidos para frenos hidráulicos y demás líquidos preparados para transmisiones hidráulicas, sin aceites de petróleo ni de mineral bituminoso o con un contenido inferior al 70 % en peso de dichos acei",6,KILOGRAMO NETO,KN,true
38200000,Preparaciones anticongelantes y líquidos preparados para descongelar.,Preparaciones anticongelantes y líquidos preparados para descongelar.,6,KILOGRAMO NETO,KN,true
38210000,Medios de cultivo preparados para el desarrollo o mantenimiento de microorganismos (incluidos los vi,"Medios de cultivo preparados para el desarrollo o mantenimiento de microorganismos (incluidos los virus y organismos similares) o de células vegetales, humanas o animales.",6,KILOGRAMO NETO,KN,true
38220000,Reactivos de diagnóstico o de laboratorio sobre cualquier soporte y reactivos de diagnóstico o de la,"Reactivos de diagnóstico o de laboratorio sobre cualquier soporte y reactivos de diagnóstico o de laboratorio preparados, incluso sobre soporte, excepto los de las partidas 30.02 ó 30.06; materiales",6,KILOGRAMO NETO,KN,true
38231100,Ácido esteárico,Ácido esteárico,6,KILOGRAMO NETO,KN,true
38231200,Ácido oleico,Ácido oleico,6,KILOGRAMO NETO,KN,true
38231300,Ácidos grasos del «tall oil»,Ácidos grasos del «tall oil»,6,KILOGRAMO NETO,KN,true
38231900,Los demás,Los demás,6,KILOGRAMO NETO,KN,true
38237000,Alcoholes grasos industriales,Alcoholes grasos industriales,6,KILOGRAMO NETO,KN,true
38241000,Preparaciones aglutinantes para moldes o núcleos de fundición,Preparaciones aglutinantes para moldes o núcleos de fundición,6,KILOGRAMO NETO,KN,true
38243000,Carburos metálicos sin aglomerar mezclados entre sí o con aglutinantes metálicos,Carburos metálicos sin aglomerar mezclados entre sí o con aglutinantes metálicos,6,KILOGRAMO NETO,KN,true
38244000,"Aditivos preparados para cementos, morteros u hormigones","Aditivos preparados para cementos, morteros u hormigones",6,KILOGRAMO NETO,KN,true
38245000,"Morteros y hormigones, no refractarios","Morteros y hormigones, no refractarios",6,KILOGRAMO NETO,KN,true
38246000,"Sorbitol, excepto el de la subpartida 2905.44","Sorbitol, excepto el de la subpartida 2905.44",6,KILOGRAMO NETO,KN,true
38247100,"Que contengan clorofluorocarburos (CFC), incluso con hidroclorofluorocarburos (HCFC), perfluorocarbu","Que contengan clorofluorocarburos (CFC), incluso con hidroclorofluorocarburos (HCFC), perfluorocarburos (PFC) hidrofluorocarburos (HFC)",6,KILOGRAMO NETO,KN,true
38247200,"Que contengan bromoclorodifluorometano, bromotrifluorometano o dibromotetrafluoroetanos","Que contengan bromoclorodifluorometano, bromotrifluorometano o dibromotetrafluoroetanos",6,KILOGRAMO NETO,KN,true
38247300,Que contengan hidrobromofluorocarburos (HBFC),Que contengan hidrobromofluorocarburos (HBFC),6,KILOGRAMO NETO,KN,true
38247400,"Que contengan hidroclorofluorocarburos (HCFC), incluso con perfluorocarburos (PFC) o hidrofluorocar","Que contengan hidroclorofluorocarburos (HCFC), incluso con perfluorocarburos (PFC) o hidrofluorocarburos (HFC), pero que no contengan clorofluorocarburos (CFC",6,KILOGRAMO NETO,KN,true
38247500,Que contengan tetracloruro de carbono,Que contengan tetracloruro de carbono,6,KILOGRAMO NETO,KN,true
38247600,"Que contengan 1,1,1-tricloroetano (metilcloroformo)","Que contengan 1,1,1-tricloroetano (metilcloroformo)",6,KILOGRAMO NETO,KN,true
38247700,Que contengan bromometano (bromuro de metilo) o bromoclorometano,Que contengan bromometano (bromuro de metilo) o bromoclorometano,6,KILOGRAMO NETO,KN,true
38247800,"Que contengan perfluorocarburos (PFC) o hidrofluorocarburos (HFC), pero que no contengan clorofluoro","Que contengan perfluorocarburos (PFC) o hidrofluorocarburos (HFC), pero que no contengan clorofluorocarburos (CFC) o hidroclorofluorocarburos (HCFC)",6,KILOGRAMO NETO,KN,true
38247900,Los demás,Los demás,6,KILOGRAMO NETO,KN,true
38248100,Que contengan oxirano (óxido de etileno),Que contengan oxirano (óxido de etileno),6,KILOGRAMO NETO,KN,true
38248200,"Que contengan bifenilos policlorados (PCB), terfenilos policlorados (PCT) o bifenilos polibromados (","Que contengan bifenilos policlorados (PCB), terfenilos policlorados (PCT) o bifenilos polibromados (PBB)",6,KILOGRAMO NETO,KN,true
38248300,"Que contengan fosfato de tris(2,3-dibromopropilo)","Que contengan fosfato de tris(2,3-dibromopropilo)",6,KILOGRAMO NETO,KN,true
38249010,"Endurecedores compuestos para resinas, barnices o colas","Endurecedores compuestos para resinas, barnices o colas",6,KILOGRAMO NETO,KN,true
38249020,Productos para la corrección de escritos,Productos para la corrección de escritos,6,KILOGRAMO NETO,KN,true
38249030,Parafinas cloradas,Parafinas cloradas,6,KILOGRAMO NETO,KN,true
38249041,Preparaciones extractantes de metales para aplicación en minerales,Preparaciones extractantes de metales para aplicación en minerales,6,KILOGRAMO NETO,KN,true
38249049,Las demás,Las demás,6,KILOGRAMO NETO,KN,true
38249050,Goma base para la fabricación de goma de mascar (chicle),Goma base para la fabricación de goma de mascar (chicle),6,KILOGRAMO NETO,KN,true
38249061,"Alquil(metil, etil, n-propil o isopropil) fosfonofluoridatos de O-alquilo (<C10, incluidos los c","Alquil(metil, etil, n-propil o isopropil) fosfonofluoridatos de O-alquilo (<C10, incluidos los cicloalquilos)",6,KILOGRAMO NETO,KN,true
38249062,"N,N-Dialquil(metil, etil, n-propil o isopropil) fosforoamidocianidatos de O-alquilo (<C10, incluido","N,N-Dialquil(metil, etil, n-propil o isopropil) fosforoamidocianidatos de O-alquilo (<C10, incluidos los cicloalquilos)",6,KILOGRAMO NETO,KN,true
38249063,"Hidrogenoalquil(metil, etil, n-propil o isopropil) fosfonotioatos de [S-2-(dialquil(metil, etil, n-p","Hidrogenoalquil(metil, etil, n-propil o isopropil) fosfonotioatos de [S-2-(dialquil(metil, etil, n-propil o isopropil) amino)etilo]; sus ésteres de O-alquilo (<C10, incluidos los cicloalquilos); mezc",6,KILOGRAMO NETO,KN,true
38249064,"Difluoruros de alquil(metil, etil, n-propil o isopropil) fosfonilo","Difluoruros de alquil(metil, etil, n-propil o isopropil) fosfonilo",6,KILOGRAMO NETO,KN,true
38249065,"Hidrogenoalquil(metil, etil, n-propil o isopropil) fosfonitos de [O-2-(dialquil(metil, etil, n-prop","Hidrogenoalquil(metil, etil, n-propil o isopropil) fosfonitos de [O-2-(dialquil(metil, etil, n-propil o isopropil)amino)etilo]; sus ésteres de O-alquilo (<C10, incluidos los cicloalquilos); mezclas c",6,KILOGRAMO NETO,KN,true
38249066,"Dihalogenuros de N,N-dialquil(metil, etil, n-propil o isopropil) fosforoamídicos","Dihalogenuros de N,N-dialquil(metil, etil, n-propil o isopropil) fosforoamídicos",6,KILOGRAMO NETO,KN,true
38249067,"N,N-Dialquil(metil, etil, n-propil o isopropil) fosforoamidatos de dialquilo(metilo, etilo, n-propil","N,N-Dialquil(metil, etil, n-propil o isopropil) fosforoamidatos de dialquilo(metilo, etilo, n-propilo o isopropilo)",6,KILOGRAMO NETO,KN,true
38249068,"N,N-Dialquil(metil, etil, n-propil o isopropil)-2-cloroetilaminas o sus sales protonadas","N,N-Dialquil(metil, etil, n-propil o isopropil)-2-cloroetilaminas o sus sales protonadas",6,KILOGRAMO NETO,KN,true
38249069,"N,N-Dialquil(metil, etil, n-propil o isopropil)aminoetano-2-tioles o sus sales protonadas","N,N-Dialquil(metil, etil, n-propil o isopropil)aminoetano-2-tioles o sus sales protonadas",6,KILOGRAMO NETO,KN,true
38249071,"N,N-Dimetil-2-aminoetanol o N,N-dietil-2-aminoetanol o sus sales protonadas","N,N-Dimetil-2-aminoetanol o N,N-dietil-2-aminoetanol o sus sales protonadas",6,KILOGRAMO NETO,KN,true
38249079,Las demás,Las demás,6,KILOGRAMO NETO,KN,true
38249081,Obtenido de aceite de raps o de colza,Obtenido de aceite de raps o de colza,6,KILOGRAMO NETO,KN,true
38249082,Obtenido de aceite de soya,Obtenido de aceite de soya,6,KILOGRAMO NETO,KN,true
38249083,Obtenido de aceite de ricino(mamona),Obtenido de aceite de ricino(mamona),6,KILOGRAMO NETO,KN,true
38249084,Obtenido de aceite de palma,Obtenido de aceite de palma,6,KILOGRAMO NETO,KN,true
38249085,Obtenido de aceite de girasol,Obtenido de aceite de girasol,6,KILOGRAMO NETO,KN,true
38249086,"Obtenidos de grasas y/o aceites animales,incluidas sus mezclas","Obtenidos de grasas y/o aceites animales,incluidas sus mezclas",6,KILOGRAMO NETO,KN,true
38249087,Obtenidos de mezclas de aceites y/o grasas animales con aceites y o grasas veg,Obtenidos de mezclas de aceites y/o grasas animales con aceites y o grasas veg,6,KILOGRAMO NETO,KN,true
38249088,Sintéticos. obtenidos de biomasa,Sintéticos. obtenidos de biomasa,6,KILOGRAMO NETO,KN,true
38249089,Los demas,Los demas,6,KILOGRAMO NETO,KN,true
38249091,Mezclas constituidas esencialmente por productos químicos que contengan un átomo de fósforo unido a,"Mezclas constituidas esencialmente por productos químicos que contengan un átomo de fósforo unido a un grupo metilo, etilo, n-propilo o isopropilo, sin otros átomos de carbono.",6,KILOGRAMO NETO,KN,true
38249099,Los demás,Los demás,6,KILOGRAMO NETO,KN,true
38251000,Desechos y desperdicios municipales,Desechos y desperdicios municipales,6,KILOGRAMO NETO,KN,true
38252000,Lodos de depuración,Lodos de depuración,6,KILOGRAMO NETO,KN,true
38253000,Desechos clínicos,Desechos clínicos,6,KILOGRAMO NETO,KN,true
38254100,Halogenados,Halogenados,6,KILOGRAMO NETO,KN,true
38254900,Los demás,Los demás,6,KILOGRAMO NETO,KN,true
38255000,"Desechos de soluciones decapantes, fluidos hidráulicos, líquidos para frenos y líquidos anticongelan","Desechos de soluciones decapantes, fluidos hidráulicos, líquidos para frenos y líquidos anticongelantes.",6,KILOGRAMO NETO,KN,true
38256100,Que contengan principalmente componentes orgánicos,Que contengan principalmente componentes orgánicos,6,KILOGRAMO NETO,KN,true
38256910,"Desechos resultantes de la producción, preparación y utilización de resinas, látex, platificantes, c","Desechos resultantes de la producción, preparación y utilización de resinas, látex, platificantes, colas o adhesivos",6,KILOGRAMO NETO,KN,true
38256920,"Desechos resultantes de la producción, preparación y utilización de tintas, colorantes, pigmentos, p","Desechos resultantes de la producción, preparación y utilización de tintas, colorantes, pigmentos, pinturas, lacas o barnices",6,KILOGRAMO NETO,KN,true
38256990,Los demás,Los demás,6,KILOGRAMO NETO,KN,true
38259000,Los demás,Los demás,6,KILOGRAMO NETO,KN,true
39011010,De alta presión (convencional),De alta presión (convencional),6,KILOGRAMO NETO,KN,true
39011020,Lineal,Lineal,6,KILOGRAMO NETO,KN,true
39012000,"Polietileno de densidad superior o igual a 0,94","Polietileno de densidad superior o igual a 0,94",6,KILOGRAMO NETO,KN,true
39013000,Copolímeros de etileno y acetato de vinilo,Copolímeros de etileno y acetato de vinilo,6,KILOGRAMO NETO,KN,true
39019000,Los demás,Los demás,6,KILOGRAMO NETO,KN,true
39021000,Polipropileno,Polipropileno,6,KILOGRAMO NETO,KN,true
39022000,Poliisobutileno,Poliisobutileno,6,KILOGRAMO NETO,KN,true
39023000,Copolímeros de propileno,Copolímeros de propileno,6,KILOGRAMO NETO,KN,true
39029000,Los demás,Los demás,6,KILOGRAMO NETO,KN,true
39031100,Expandible,Expandible,6,KILOGRAMO NETO,KN,true
39031910,De uso general (cristal),De uso general (cristal),6,KILOGRAMO NETO,KN,true
39031990,Los demás,Los demás,6,KILOGRAMO NETO,KN,true
39032000,Copolímeros de estireno-acrilonitrilo (SAN),Copolímeros de estireno-acrilonitrilo (SAN),6,KILOGRAMO NETO,KN,true
39033000,Copolímeros de acrilonitrilo-butadieno-estireno (ABS),Copolímeros de acrilonitrilo-butadieno-estireno (ABS),6,KILOGRAMO NETO,KN,true
39039010,Poliestireno de alto impacto,Poliestireno de alto impacto,6,KILOGRAMO NETO,KN,true
39039090,Los demás,Los demás,6,KILOGRAMO NETO,KN,true
39041010,Grado de emulsión,Grado de emulsión,6,KILOGRAMO NETO,KN,true
39041020,Grado de suspensión,Grado de suspensión,6,KILOGRAMO NETO,KN,true
39041090,Los demás,Los demás,6,KILOGRAMO NETO,KN,true
39042100,Sin plastificar,Sin plastificar,6,KILOGRAMO NETO,KN,true
39042200,Plastificados,Plastificados,6,KILOGRAMO NETO,KN,true
39043000,Copolímeros de cloruro de vinilo y acetato de vinilo,Copolímeros de cloruro de vinilo y acetato de vinilo,6,KILOGRAMO NETO,KN,true
39044000,Los demás copolímeros de cloruro de vinilo,Los demás copolímeros de cloruro de vinilo,6,KILOGRAMO NETO,KN,true
39045000,Polímeros de cloruro de vinilideno,Polímeros de cloruro de vinilideno,6,KILOGRAMO NETO,KN,true
39046100,Politetrafluoroetileno,Politetrafluoroetileno,6,KILOGRAMO NETO,KN,true
39046900,Los demás,Los demás,6,KILOGRAMO NETO,KN,true
39049000,Los demás,Los demás,6,KILOGRAMO NETO,KN,true
39051200,En dispersión acuosa,En dispersión acuosa,6,KILOGRAMO NETO,KN,true
39051900,Los demás,Los demás,6,KILOGRAMO NETO,KN,true
39052100,En dispersión acuosa,En dispersión acuosa,6,KILOGRAMO NETO,KN,true
39052900,Los demás,Los demás,6,KILOGRAMO NETO,KN,true
39053000,"Poli(alcohol vinílico), incluso con grupos acetato sin hidrolizar","Poli(alcohol vinílico), incluso con grupos acetato sin hidrolizar",6,KILOGRAMO NETO,KN,true
39059100,Copolímeros,Copolímeros,6,KILOGRAMO NETO,KN,true
39059900,Los demás,Los demás,6,KILOGRAMO NETO,KN,true
39061000,Poli(metacrilato de metilo),Poli(metacrilato de metilo),6,KILOGRAMO NETO,KN,true
39069000,Los demás,Los demás,6,KILOGRAMO NETO,KN,true
39071000,Poliacetales,Poliacetales,6,KILOGRAMO NETO,KN,true
39072010,Polipropilenglicoles,Polipropilenglicoles,6,KILOGRAMO NETO,KN,true
39072020,Poliéter-polioles,Poliéter-polioles,6,KILOGRAMO NETO,KN,true
39072090,Los demás,Los demás,6,KILOGRAMO NETO,KN,true
39073010,En estado sólido,En estado sólido,6,KILOGRAMO NETO,KN,true
39073020,En estado líquido o pastoso,En estado líquido o pastoso,6,KILOGRAMO NETO,KN,true
39074000,Policarbonatos,Policarbonatos,6,KILOGRAMO NETO,KN,true
39075000,Resinas alcídicas,Resinas alcídicas,6,KILOGRAMO NETO,KN,true
39076000,Poli(tereftalato de etileno),Poli(tereftalato de etileno),6,KILOGRAMO NETO,KN,true
39077000,Poli(ácido láctico),Poli(ácido láctico),6,KILOGRAMO NETO,KN,true
39079100,No saturados,No saturados,6,KILOGRAMO NETO,KN,true
39079900,Los demás,Los demás,6,KILOGRAMO NETO,KN,true
39081000,"Poliamidas -6, -11, -12, -6,6, -6,9, -6,10 ó -6,12","Poliamidas -6, -11, -12, -6,6, -6,9, -6,10 ó -6,12",6,KILOGRAMO NETO,KN,true
39089000,Las demás,Las demás,6,KILOGRAMO NETO,KN,true
39091011,En estado sólido,En estado sólido,6,KILOGRAMO NETO,KN,true
39091012,En estado líquido o pastoso,En estado líquido o pastoso,6,KILOGRAMO NETO,KN,true
39091020,Resinas de tiourea,Resinas de tiourea,6,KILOGRAMO NETO,KN,true
39092000,Resinas melamínicas,Resinas melamínicas,6,KILOGRAMO NETO,KN,true
39093000,Las demás resinas amínicas,Las demás resinas amínicas,6,KILOGRAMO NETO,KN,true
39094000,Resinas fenólicas,Resinas fenólicas,6,KILOGRAMO NETO,KN,true
39095000,Poliuretanos,Poliuretanos,6,KILOGRAMO NETO,KN,true
39100010,Aceites de silicona,Aceites de silicona,6,KILOGRAMO NETO,KN,true
39100020,Grasas de silicona,Grasas de silicona,6,KILOGRAMO NETO,KN,true
39100030,Elastómeros de silicona,Elastómeros de silicona,6,KILOGRAMO NETO,KN,true
39100090,Las demás,Las demás,6,KILOGRAMO NETO,KN,true
39111000,"Resinas de petróleo, resinas de cumarona, resinas de indeno, resinas de cumarona-indeno y politerpen","Resinas de petróleo, resinas de cumarona, resinas de indeno, resinas de cumarona-indeno y politerpenos",6,KILOGRAMO NETO,KN,true
39119000,Los demás,Los demás,6,KILOGRAMO NETO,KN,true
39121100,Sin plastificar,Sin plastificar,6,KILOGRAMO NETO,KN,true
39121200,Plastificados,Plastificados,6,KILOGRAMO NETO,KN,true
39122000,Nitratos de celulosa (incluidos los colodiones),Nitratos de celulosa (incluidos los colodiones),6,KILOGRAMO NETO,KN,true
39123100,Carboximetilcelulosa y sus sales,Carboximetilcelulosa y sus sales,6,KILOGRAMO NETO,KN,true
39123910,Metilhidroxietilcelulosa,Metilhidroxietilcelulosa,6,KILOGRAMO NETO,KN,true
39123920,Metilcelulosa,Metilcelulosa,6,KILOGRAMO NETO,KN,true
39123930,Hidroxietilcelulosa,Hidroxietilcelulosa,6,KILOGRAMO NETO,KN,true
39123940,Etilhidroxietilcelulosa,Etilhidroxietilcelulosa,6,KILOGRAMO NETO,KN,true
39123950,Hidroxipropilmetilcelulosa,Hidroxipropilmetilcelulosa,6,KILOGRAMO NETO,KN,true
39123990,Los demás,Los demás,6,KILOGRAMO NETO,KN,true
39129000,Los demás,Los demás,6,KILOGRAMO NETO,KN,true
39131010,Ácido algínico,Ácido algínico,6,KILOGRAMO NETO,KN,true
39131020,Alginato de sodio,Alginato de sodio,6,KILOGRAMO NETO,KN,true
39131030,Alginato de potasio,Alginato de potasio,6,KILOGRAMO NETO,KN,true
39131090,Los demás,Los demás,6,KILOGRAMO NETO,KN,true
39139000,Los demás,Los demás,6,KILOGRAMO NETO,KN,true
39140010,"De condensación, de policondensación y de poliadición","De condensación, de policondensación y de poliadición",6,KILOGRAMO NETO,KN,true
39140090,Los demás,Los demás,6,KILOGRAMO NETO,KN,true
39151000,De polímeros de etileno,De polímeros de etileno,6,KILOGRAMO NETO,KN,true
39152000,De polímeros de estireno,De polímeros de estireno,6,KILOGRAMO NETO,KN,true
39153000,De polímeros de cloruro de vinilo,De polímeros de cloruro de vinilo,6,KILOGRAMO NETO,KN,true
39159000,De los demás plásticos,De los demás plásticos,6,KILOGRAMO NETO,KN,true
39161000,De polímeros de etileno,De polímeros de etileno,6,KILOGRAMO NETO,KN,true
39162000,De polímeros de cloruro de vinilo,De polímeros de cloruro de vinilo,6,KILOGRAMO NETO,KN,true
39169000,De los demás plásticos,De los demás plásticos,6,KILOGRAMO NETO,KN,true
39171010,De celulosa regenerada (celofán),De celulosa regenerada (celofán),6,KILOGRAMO NETO,KN,true
39171090,Los demás,Los demás,6,KILOGRAMO NETO,KN,true
39172100,De polímeros de etileno,De polímeros de etileno,6,KILOGRAMO NETO,KN,true
39172200,De polímeros de propileno,De polímeros de propileno,6,KILOGRAMO NETO,KN,true
39172300,De polímeros de cloruro de vinilo,De polímeros de cloruro de vinilo,6,KILOGRAMO NETO,KN,true
39172900,De los demás plásticos,De los demás plásticos,6,KILOGRAMO NETO,KN,true
39173100,"Tubos flexibles para una presión superior o igual a 27,6 MPa","Tubos flexibles para una presión superior o igual a 27,6 MPa",6,KILOGRAMO NETO,KN,true
39173210,De polímeros de etileno,De polímeros de etileno,6,KILOGRAMO NETO,KN,true
39173220,De polímeros de propileno,De polímeros de propileno,6,KILOGRAMO NETO,KN,true
39173230,De polímeros de cloruro de vinilo,De polímeros de cloruro de vinilo,6,KILOGRAMO NETO,KN,true
39173290,Los demás,Los demás,6,KILOGRAMO NETO,KN,true
39173310,De polímeros de etileno,De polímeros de etileno,6,KILOGRAMO NETO,KN,true
39173320,De polímeros de propileno,De polímeros de propileno,6,KILOGRAMO NETO,KN,true
39173330,De polímeros de cloruro de vinilo,De polímeros de cloruro de vinilo,6,KILOGRAMO NETO,KN,true
39173390,Los demás,Los demás,6,KILOGRAMO NETO,KN,true
39173910,De polímeros de etileno,De polímeros de etileno,6,KILOGRAMO NETO,KN,true
39173920,De polímeros de propileno,De polímeros de propileno,6,KILOGRAMO NETO,KN,true
39173930,De polímeros de cloruro de vinilo,De polímeros de cloruro de vinilo,6,KILOGRAMO NETO,KN,true
39173990,Los demás,Los demás,6,KILOGRAMO NETO,KN,true
39174010,De polímeros de etileno,De polímeros de etileno,6,KILOGRAMO NETO,KN,true
39174020,De polímeros de propileno,De polímeros de propileno,6,KILOGRAMO NETO,KN,true
39174030,De polímeros de cloruro de vinilo,De polímeros de cloruro de vinilo,6,KILOGRAMO NETO,KN,true
39174090,Los demás,Los demás,6,KILOGRAMO NETO,KN,true
39181000,De polímeros de cloruro de vinilo,De polímeros de cloruro de vinilo,6,KILOGRAMO NETO,KN,true
39189000,De los demás plásticos,De los demás plásticos,6,KILOGRAMO NETO,KN,true
39191010,De polímeros de etileno,De polímeros de etileno,6,KILOGRAMO NETO,KN,true
39191020,De polímeros de propileno,De polímeros de propileno,6,KILOGRAMO NETO,KN,true
39191030,De polímeros de cloruro de vinilo,De polímeros de cloruro de vinilo,6,KILOGRAMO NETO,KN,true
39191040,De poliéster,De poliéster,6,KILOGRAMO NETO,KN,true
39191090,Los demás,Los demás,6,KILOGRAMO NETO,KN,true
39199010,De polímeros de etileno,De polímeros de etileno,6,KILOGRAMO NETO,KN,true
39199020,De polímeros de propileno,De polímeros de propileno,6,KILOGRAMO NETO,KN,true
39199030,De polímeros de cloruro de vinilo,De polímeros de cloruro de vinilo,6,KILOGRAMO NETO,KN,true
39199040,De poliéster,De poliéster,6,KILOGRAMO NETO,KN,true
39199090,Los demás,Los demás,6,KILOGRAMO NETO,KN,true
39201010,"De densidad inferior a 0,94","De densidad inferior a 0,94",6,KILOGRAMO NETO,KN,true
39201020,"De densidad superior o igual a 0,94","De densidad superior o igual a 0,94",6,KILOGRAMO NETO,KN,true
39202010,"De espesor inferior o igual a 0,10 mm","De espesor inferior o igual a 0,10 mm",6,KILOGRAMO NETO,KN,true
39202020,"De espesor superior a 0,10 mm","De espesor superior a 0,10 mm",6,KILOGRAMO NETO,KN,true
39203000,De polímeros de estireno,De polímeros de estireno,6,KILOGRAMO NETO,KN,true
39204300,Con un contenido de plastificantes superior o igual al 6 % en peso,Con un contenido de plastificantes superior o igual al 6 % en peso,6,KILOGRAMO NETO,KN,true
39204900,Las demás,Las demás,6,KILOGRAMO NETO,KN,true
39205100,De poli(metracrilato de metilo),De poli(metracrilato de metilo),6,KILOGRAMO NETO,KN,true
39205900,Las demás,Las demás,6,KILOGRAMO NETO,KN,true
39206100,De policarbonatos,De policarbonatos,6,KILOGRAMO NETO,KN,true
39206210,Láminas,Láminas,6,KILOGRAMO NETO,KN,true
39206290,Las demás,Las demás,6,KILOGRAMO NETO,KN,true
39206310,Láminas,Láminas,6,KILOGRAMO NETO,KN,true
39206390,Las demás,Las demás,6,KILOGRAMO NETO,KN,true
39206910,Láminas,Láminas,6,KILOGRAMO NETO,KN,true
39206990,Las demás,Las demás,6,KILOGRAMO NETO,KN,true
39207110,De celofán,De celofán,6,KILOGRAMO NETO,KN,true
39207190,Los demás,Los demás,6,KILOGRAMO NETO,KN,true
39207300,De acetato de celulosa,De acetato de celulosa,6,KILOGRAMO NETO,KN,true
39207900,De los demás derivados de la celulosa,De los demás derivados de la celulosa,6,KILOGRAMO NETO,KN,true
39209100,De poli(vinilbutiral),De poli(vinilbutiral),6,KILOGRAMO NETO,KN,true
39209200,De poliamidas,De poliamidas,6,KILOGRAMO NETO,KN,true
39209300,De resinas amínicas,De resinas amínicas,6,KILOGRAMO NETO,KN,true
39209400,De resinas fenólicas,De resinas fenólicas,6,KILOGRAMO NETO,KN,true
39209900,De los demás plásticos,De los demás plásticos,6,KILOGRAMO NETO,KN,true
39211100,De polímeros de estireno,De polímeros de estireno,6,KILOGRAMO NETO,KN,true
39211200,De polímeros de cloruro de vinilo,De polímeros de cloruro de vinilo,6,KILOGRAMO NETO,KN,true
39211300,De poliuretanos,De poliuretanos,6,KILOGRAMO NETO,KN,true
39211400,De celulosa regenerada,De celulosa regenerada,6,KILOGRAMO NETO,KN,true
39211900,De los demás plásticos,De los demás plásticos,6,KILOGRAMO NETO,KN,true
39219010,Laminados plásticos compuestos de papel Kraft impregnado y prensado con resinas fenólicas y revestid,Laminados plásticos compuestos de papel Kraft impregnado y prensado con resinas fenólicas y revestido de una delgada capa de melamina (formalita y similares),6,KILOGRAMO NETO,KN,true
39219090,Los demás,Los demás,6,KILOGRAMO NETO,KN,true
39221000,"Bañeras, duchas, fregaderos y lavabos","Bañeras, duchas, fregaderos y lavabos",6,KILOGRAMO NETO,KN,true
39222000,Asientos y tapas de inodoros,Asientos y tapas de inodoros,6,KILOGRAMO NETO,KN,true
39229000,Los demás,Los demás,6,KILOGRAMO NETO,KN,true
39231010,Cajas,Cajas,6,KILOGRAMO NETO,KN,true
39231090,Los demás,Los demás,6,KILOGRAMO NETO,KN,true
39232110,Bolsas,Bolsas,6,KILOGRAMO NETO,KN,true
39232190,Los demás,Los demás,6,KILOGRAMO NETO,KN,true
39232910,Bolsas,Bolsas,6,KILOGRAMO NETO,KN,true
39232990,Los demás,Los demás,6,KILOGRAMO NETO,KN,true
39233010,Bombonas (damajuanas),Bombonas (damajuanas),6,KILOGRAMO NETO,KN,true
39233020,Botellas,Botellas,6,KILOGRAMO NETO,KN,true
39233030,Frascos,Frascos,6,KILOGRAMO NETO,KN,true
39233040,Preformas de politereftalato de etileno (PET),Preformas de politereftalato de etileno (PET),6,KILOGRAMO NETO,KN,true
39233090,Los demás,Los demás,6,KILOGRAMO NETO,KN,true
39234000,"Bobinas, carretes, canillas y soportes similares","Bobinas, carretes, canillas y soportes similares",6,KILOGRAMO NETO,KN,true
39235010,Tapas,Tapas,6,KILOGRAMO NETO,KN,true
39235090,Los demás,Los demás,6,KILOGRAMO NETO,KN,true
39239010,Bidones,Bidones,6,KILOGRAMO NETO,KN,true
39239020,Tambores,Tambores,6,KILOGRAMO NETO,KN,true
39239090,Los demás,Los demás,6,KILOGRAMO NETO,KN,true
39241000,Vajilla y demás artículos para el servicio de mesa o de cocina,Vajilla y demás artículos para el servicio de mesa o de cocina,6,KILOGRAMO NETO,KN,true
39249000,Los demás,Los demás,6,KILOGRAMO NETO,KN,true
39251000,"Depósitos, cisternas, cubas y recipientes análogos, de capacidad superior a 300 l","Depósitos, cisternas, cubas y recipientes análogos, de capacidad superior a 300 l",6,KILOGRAMO NETO,KN,true
39252000,"Puertas, ventanas, y sus marcos, contramarcos y umbrales","Puertas, ventanas, y sus marcos, contramarcos y umbrales",6,KILOGRAMO NETO,KN,true
39253000,"Contraventanas, persianas (incluidas las venecianas) y artículos similares, y sus partes","Contraventanas, persianas (incluidas las venecianas) y artículos similares, y sus partes",6,KILOGRAMO NETO,KN,true
39259000,Los demás,Los demás,6,KILOGRAMO NETO,KN,true
39261000,Artículos de oficina y artículos escolares,Artículos de oficina y artículos escolares,6,KILOGRAMO NETO,KN,true
39262000,"Prendas y complementos (accesorios), de vestir, incluidos los guantes, mitones y manoplas","Prendas y complementos (accesorios), de vestir, incluidos los guantes, mitones y manoplas",6,KILOGRAMO NETO,KN,true
39263000,"Guarniciones para muebles, carrocerías o similares","Guarniciones para muebles, carrocerías o similares",6,KILOGRAMO NETO,KN,true
39264000,Estatuillas y demás artículos de adorno,Estatuillas y demás artículos de adorno,6,KILOGRAMO NETO,KN,true
39269010,Juntas (empaquetaduras),Juntas (empaquetaduras),6,KILOGRAMO NETO,KN,true
39269020,Boyas y flotadores para redes de pesca,Boyas y flotadores para redes de pesca,6,KILOGRAMO NETO,KN,true
39269030,Correas transportadoras,Correas transportadoras,6,KILOGRAMO NETO,KN,true
39269090,Las demás,Las demás,6,KILOGRAMO NETO,KN,true
40011000,"Látex de caucho natural, incluso prevulcanizado","Látex de caucho natural, incluso prevulcanizado",6,KILOGRAMO NETO,KN,true
40012100,Hojas ahumadas,Hojas ahumadas,6,KILOGRAMO NETO,KN,true
40012200,Cauchos técnicamente especificados (TSNR),Cauchos técnicamente especificados (TSNR),6,KILOGRAMO NETO,KN,true
40012900,Los demás,Los demás,6,KILOGRAMO NETO,KN,true
40013000,"Balata, gutapercha, guayule, chicle y gomas naturales análogas","Balata, gutapercha, guayule, chicle y gomas naturales análogas",6,KILOGRAMO NETO,KN,true
40021100,Látex,Látex,6,KILOGRAMO NETO,KN,true
40021910,Caucho polibutadieno-estireno (SBR),Caucho polibutadieno-estireno (SBR),6,KILOGRAMO NETO,KN,true
40021920,Caucho estireno-butadieno carboxilado (XSBR),Caucho estireno-butadieno carboxilado (XSBR),6,KILOGRAMO NETO,KN,true
40022010,Látex,Látex,6,KILOGRAMO NETO,KN,true
40022090,Los demás,Los demás,6,KILOGRAMO NETO,KN,true
40023110,Látex,Látex,6,KILOGRAMO NETO,KN,true
40023190,Los demás,Los demás,6,KILOGRAMO NETO,KN,true
40023910,Látex,Látex,6,KILOGRAMO NETO,KN,true
40023990,Los demás,Los demás,6,KILOGRAMO NETO,KN,true
40024100,Látex,Látex,6,KILOGRAMO NETO,KN,true
40024900,Los demás:,Los demás:,6,KILOGRAMO NETO,KN,true
40025100,Látex,Látex,6,KILOGRAMO NETO,KN,true
40025900,Los demás:,Los demás:,6,KILOGRAMO NETO,KN,true
40026010,Látex,Látex,6,KILOGRAMO NETO,KN,true
40026090,Los demás,Los demás,6,KILOGRAMO NETO,KN,true
40027010,Látex,Látex,6,KILOGRAMO NETO,KN,true
40027090,Los demás,Los demás,6,KILOGRAMO NETO,KN,true
40028010,Látex,Látex,6,KILOGRAMO NETO,KN,true
40028090,Los demás,Los demás,6,KILOGRAMO NETO,KN,true
40029100,Látex,Látex,6,KILOGRAMO NETO,KN,true
40029900,Los demás,Los demás,6,KILOGRAMO NETO,KN,true
40030000,"Caucho regenerado en formas primarias o en placas, hojas o tiras.","Caucho regenerado en formas primarias o en placas, hojas o tiras.",6,KILOGRAMO NETO,KN,true
40040000,"Desechos, desperdicios y recortes, de caucho sin endurecer, incluso en polvo o gránulos.","Desechos, desperdicios y recortes, de caucho sin endurecer, incluso en polvo o gránulos.",6,KILOGRAMO NETO,KN,true
40051020,Mezclas maestras,Mezclas maestras,6,KILOGRAMO NETO,KN,true
40051090,Los demás,Los demás,6,KILOGRAMO NETO,KN,true
40052000,"Disoluciones; dispersiones, excepto las de la subpartida 4005.10","Disoluciones; dispersiones, excepto las de la subpartida 4005.10",6,KILOGRAMO NETO,KN,true
40059100,"Placas, hojas y tiras","Placas, hojas y tiras",6,KILOGRAMO NETO,KN,true
40059910,Granulados,Granulados,6,KILOGRAMO NETO,KN,true
40059990,Los demás,Los demás,6,KILOGRAMO NETO,KN,true
40061000,Perfiles para recauchutar,Perfiles para recauchutar,6,KILOGRAMO NETO,KN,true
40069010,Tubos y varillas,Tubos y varillas,6,KILOGRAMO NETO,KN,true
40069090,Los demás,Los demás,6,KILOGRAMO NETO,KN,true
40070000,"Hilos y cuerdas, de caucho vulcanizado.","Hilos y cuerdas, de caucho vulcanizado.",6,KILOGRAMO NETO,KN,true
40081110,Sin combinar con otras materias,Sin combinar con otras materias,6,KILOGRAMO NETO,KN,true
40081120,Combinadas con otras materias,Combinadas con otras materias,6,KILOGRAMO NETO,KN,true
40081911,Perfiles,Perfiles,6,KILOGRAMO NETO,KN,true
40081919,Los demás,Los demás,6,KILOGRAMO NETO,KN,true
40081921,Perfiles,Perfiles,6,KILOGRAMO NETO,KN,true
40081929,Los demás,Los demás,6,KILOGRAMO NETO,KN,true
40082110,Sin combinar con otras materias,Sin combinar con otras materias,6,KILOGRAMO NETO,KN,true
40082120,Combinadas con otras materias,Combinadas con otras materias,6,KILOGRAMO NETO,KN,true
40082911,Perfiles,Perfiles,6,KILOGRAMO NETO,KN,true
40082919,Los demás,Los demás,6,KILOGRAMO NETO,KN,true
40082921,Perfiles,Perfiles,6,KILOGRAMO NETO,KN,true
40082929,Los demás,Los demás,6,KILOGRAMO NETO,KN,true
40091100,Sin accesorios,Sin accesorios,6,KILOGRAMO NETO,KN,true
40091200,Con accesorios,Con accesorios,6,KILOGRAMO NETO,KN,true
40092100,Sin accesorios,Sin accesorios,6,KILOGRAMO NETO,KN,true
40092200,Con accesorios,Con accesorios,6,KILOGRAMO NETO,KN,true
40093100,Sin accesorios,Sin accesorios,6,KILOGRAMO NETO,KN,true
40093200,Con accesorios,Con accesorios,6,KILOGRAMO NETO,KN,true
40094100,Sin accesorios,Sin accesorios,6,KILOGRAMO NETO,KN,true
40094200,Con accesorios,Con accesorios,6,KILOGRAMO NETO,KN,true
40101100,Reforzadas solamente con metal,Reforzadas solamente con metal,6,KILOGRAMO NETO,KN,true
40101200,Reforzadas solamente con materia textil,Reforzadas solamente con materia textil,6,KILOGRAMO NETO,KN,true
40101900,Las demás,Las demás,6,KILOGRAMO NETO,KN,true
40103100,"Correas de transmisión sin fin, estriadas, de sección trapezoidal, de circunferencia exterior super","Correas de transmisión sin fin, estriadas, de sección trapezoidal, de circunferencia exterior superior a 60 cm pero inferior o igual a 180 cm",6,KILOGRAMO NETO,KN,true
40103200,"Correas de transmisión sin fin, sin estriar, de sección trapezoidal, de circunferencia exterior sup","Correas de transmisión sin fin, sin estriar, de sección trapezoidal, de circunferencia exterior superior a 60 cm pero inferior o igual a 180 cm",6,KILOGRAMO NETO,KN,true
40103300,"Correas de transmisión sin fin, estriadas, de sección trapezoidal, de circunferencia exterior super","Correas de transmisión sin fin, estriadas, de sección trapezoidal, de circunferencia exterior superior a 180 cm pero inferior o igual a 240 cm",6,KILOGRAMO NETO,KN,true
40103400,"Correas de transmisión sin fin, sin estriar, de sección trapezoidal, de circunferencia exterior supe","Correas de transmisión sin fin, sin estriar, de sección trapezoidal, de circunferencia exterior superior a 180 cm pero inferior o igual a 240 cm",6,KILOGRAMO NETO,KN,true
40103500,"Correas de transmisión sin fin, con muescas (sincrónicas), de circunferencia exterior superior a 60","Correas de transmisión sin fin, con muescas (sincrónicas), de circunferencia exterior superior a 60 cm pero inferior o igual a 150 cm",6,KILOGRAMO NETO,KN,true
40103600,"Correas de transmisión sin fin, con muescas (sincrónicas), de circunferencia exterior superior a 150","Correas de transmisión sin fin, con muescas (sincrónicas), de circunferencia exterior superior a 150 cm pero inferior o igual a 198 cm",6,KILOGRAMO NETO,KN,true
40103900,Las demás,Las demás,6,KILOGRAMO NETO,KN,true
40111000,De los tipos utilizados en automóviles de turismo (incluidos los del tipo familiar (« break» o «sta,De los tipos utilizados en automóviles de turismo (incluidos los del tipo familiar (« break» o «station wagon») y los de carreras),10,UNIDAD,U,true
40112000,De los tipos utilizados en autobuses o camiones,De los tipos utilizados en autobuses o camiones,10,UNIDAD,U,true
40113000,De los tipos utilizados en aeronaves,De los tipos utilizados en aeronaves,10,UNIDAD,U,true
40114000,De los tipos utilizados en motocicletas,De los tipos utilizados en motocicletas,10,UNIDAD,U,true
40115000,De los tipos utilizados en bicicletas,De los tipos utilizados en bicicletas,10,UNIDAD,U,true
40116100,De los tipos utilizados en vehículos y máquinas agrícolas o forestales,De los tipos utilizados en vehículos y máquinas agrícolas o forestales,10,UNIDAD,U,true
40116200,"De los tipos utilizados en vehículos y máquinas para la construcción o mantenimiento industrial, par","De los tipos utilizados en vehículos y máquinas para la construcción o mantenimiento industrial, para llantas de diámetro inferior o igual a 61 cm",10,UNIDAD,U,true
40116300,"De los tipos utilizados en vehículos y máquinas para la construcción o mantenimiento industrial, pa","De los tipos utilizados en vehículos y máquinas para la construcción o mantenimiento industrial, para llantas de diámetro superior a 61 cm",10,UNIDAD,U,true
40116910,De los tipos utilizados en volquetes automotores y en otros vehículos para la minería,De los tipos utilizados en volquetes automotores y en otros vehículos para la minería,10,UNIDAD,U,true
40116990,Los demás,Los demás,10,UNIDAD,U,true
40119200,De los tipos utilizados en vehículos y máquinas agrícolas o forestales,De los tipos utilizados en vehículos y máquinas agrícolas o forestales,10,UNIDAD,U,true
40119300,"De los tipos utilizados en vehículos y máquinas para la construcción o mantenimiento industrial, par","De los tipos utilizados en vehículos y máquinas para la construcción o mantenimiento industrial, para llantas de diámetro inferior o igual a 61 cm",10,UNIDAD,U,true
40119400,"De los tipos utilizados en vehículos y máquinas para la construcción o mantenimiento industrial, pa","De los tipos utilizados en vehículos y máquinas para la construcción o mantenimiento industrial, para llantas de diámetro superior a 61 cm",10,UNIDAD,U,true
40119900,Los demás,Los demás,10,UNIDAD,U,true
40121100,De los tipos utilizados en automóviles de turismo (incluidos los del tipo familiar («break» o «stati,De los tipos utilizados en automóviles de turismo (incluidos los del tipo familiar («break» o «station wagon») y los de carreras),10,UNIDAD,U,true
40121200,De los tipos utilizados en autobuses o camiones,De los tipos utilizados en autobuses o camiones,10,UNIDAD,U,true
40121300,De los tipos utilizados en aeronaves,De los tipos utilizados en aeronaves,10,UNIDAD,U,true
40121900,Los demás,Los demás,10,UNIDAD,U,true
40122010,"De los tipos utilizados en vehículos para el transporte en carretera de pasajeros o mercancías, incl","De los tipos utilizados en vehículos para el transporte en carretera de pasajeros o mercancías, incluyendo tractores, o en vehículos de la partida 87.05",10,UNIDAD,U,true
40122090,Los demás,Los demás,10,UNIDAD,U,true
40129010,Protectores («flaps»),Protectores («flaps»),6,KILOGRAMO NETO,KN,true
40129020,Bandajes (llantas macizas o huecas),Bandajes (llantas macizas o huecas),6,KILOGRAMO NETO,KN,true
40129030,Bandas de rodadura para neumáticos (llantas neumáticas),Bandas de rodadura para neumáticos (llantas neumáticas),6,KILOGRAMO NETO,KN,true
40131010,De los tipos utilizados en automóviles de turismo,De los tipos utilizados en automóviles de turismo,10,UNIDAD,U,true
40131020,De los tipos utilizados en autobuses y camiones,De los tipos utilizados en autobuses y camiones,10,UNIDAD,U,true
40132000,De los tipos utilizados en bicicletas,De los tipos utilizados en bicicletas,10,UNIDAD,U,true
40139000,Las demás,Las demás,10,UNIDAD,U,true
40141000,Preservativos,Preservativos,6,KILOGRAMO NETO,KN,true
40149000,Los demás,Los demás,6,KILOGRAMO NETO,KN,true
40151100,Para cirugía,Para cirugía,6,KILOGRAMO NETO,KN,true
40151910,Para examinación médica o veterinaria,Para examinación médica o veterinaria,6,KILOGRAMO NETO,KN,true
40151920,Dieléctricos,Dieléctricos,6,KILOGRAMO NETO,KN,true
40151930,Para uso doméstico,Para uso doméstico,6,KILOGRAMO NETO,KN,true
40151990,Los demás,Los demás,6,KILOGRAMO NETO,KN,true
40159000,Los demás,Los demás,6,KILOGRAMO NETO,KN,true
40161010,Artículos para usos técnicos,Artículos para usos técnicos,6,KILOGRAMO NETO,KN,true
40161090,Los demás,Los demás,6,KILOGRAMO NETO,KN,true
40169100,Revestimientos para el suelo y alfombras,Revestimientos para el suelo y alfombras,6,KILOGRAMO NETO,KN,true
40169200,Gomas de borrar,Gomas de borrar,6,KILOGRAMO NETO,KN,true
40169310,De los tipos utilizados en los vehículos del Capítulo 87,De los tipos utilizados en los vehículos del Capítulo 87,6,KILOGRAMO NETO,KN,true
40169390,Las demás,Las demás,6,KILOGRAMO NETO,KN,true
40169400,"Defensas, incluso inflables, para el atraque de los barcos","Defensas, incluso inflables, para el atraque de los barcos",6,KILOGRAMO NETO,KN,true
40169500,Los demás artículos inflables,Los demás artículos inflables,6,KILOGRAMO NETO,KN,true
40169910,Artículos para usos técnicos,Artículos para usos técnicos,6,KILOGRAMO NETO,KN,true
40169920,"Elementos para control de vibración, del tipo utilizado en los vehículos de las partidas 87.01 a 87","Elementos para control de vibración, del tipo utilizado en los vehículos de las partidas 87.01 a 87.05",6,KILOGRAMO NETO,KN,true
40169990,Las demás,Las demás,6,KILOGRAMO NETO,KN,true
40170000,"Caucho endurecido (por ejemplo, ebonita) en cualquier forma, incluidos los desechos y desperdicios;","Caucho endurecido (por ejemplo, ebonita) en cualquier forma, incluidos los desechos y desperdicios; manufacturas de caucho endurecido.",6,KILOGRAMO NETO,KN,true
41012000,"Cueros y pieles enteros, de peso unitario inferior o igual a 8 kg para los secos, a 10 kg para los s","Cueros y pieles enteros, de peso unitario inferior o igual a 8 kg para los secos, a 10 kg para los salados secos y a 16 kg para los frescos, salados verdes (húmedos) o conservados de otro modo",6,KILOGRAMO NETO,KN,true
41015000,"Cueros y pieles enteros, de peso unitario superior a 16 kg","Cueros y pieles enteros, de peso unitario superior a 16 kg",6,KILOGRAMO NETO,KN,true
41019000,"Los demás, incluidos los crupones, medios crupones y faldas","Los demás, incluidos los crupones, medios crupones y faldas",6,KILOGRAMO NETO,KN,true
41021000,Con lana,Con lana,6,KILOGRAMO NETO,KN,true
41022100,Piquelados,Piquelados,6,KILOGRAMO NETO,KN,true
41022900,Los demás,Los demás,6,KILOGRAMO NETO,KN,true
41032000,De reptil,De reptil,6,KILOGRAMO NETO,KN,true
41033000,De porcino,De porcino,6,KILOGRAMO NETO,KN,true
41039000,Los demás,Los demás,6,KILOGRAMO NETO,KN,true
41041100,Plena flor sin dividir; divididos con la flor,Plena flor sin dividir; divididos con la flor,6,KILOGRAMO NETO,KN,true
41041900,Los demás,Los demás,6,KILOGRAMO NETO,KN,true
41044100,Plena flor sin dividir; divididos con la flor,Plena flor sin dividir; divididos con la flor,6,KILOGRAMO NETO,KN,true
41044900,Los demás,Los demás,6,KILOGRAMO NETO,KN,true
41051010,Preparadas al cromo (húmedas),Preparadas al cromo (húmedas),6,KILOGRAMO NETO,KN,true
41051090,Las demás,Las demás,6,KILOGRAMO NETO,KN,true
41053000,En estado seco («crust»),En estado seco («crust»),6,KILOGRAMO NETO,KN,true
41062110,Preparadas al cromo (húmedas),Preparadas al cromo (húmedas),6,KILOGRAMO NETO,KN,true
41062190,Las demás,Las demás,6,KILOGRAMO NETO,KN,true
41062200,En estado seco («crust»),En estado seco («crust»),6,KILOGRAMO NETO,KN,true
41063110,Preparados al cromo (húmedos),Preparados al cromo (húmedos),6,KILOGRAMO NETO,KN,true
41063190,Los demás,Los demás,6,KILOGRAMO NETO,KN,true
41063200,En estado seco («crust»),En estado seco («crust»),6,KILOGRAMO NETO,KN,true
41064000,De reptil,De reptil,6,KILOGRAMO NETO,KN,true
41069100,En estado húmedo (incluido el «wet-blue»),En estado húmedo (incluido el «wet-blue»),6,KILOGRAMO NETO,KN,true
41069200,En estado seco («crust»),En estado seco («crust»),6,KILOGRAMO NETO,KN,true
41071100,Plena flor sin dividir,Plena flor sin dividir,6,KILOGRAMO NETO,KN,true
41071200,Divididos con la flor,Divididos con la flor,6,KILOGRAMO NETO,KN,true
41071900,Los demás,Los demás,6,KILOGRAMO NETO,KN,true
41079100,Plena flor sin dividir,Plena flor sin dividir,6,KILOGRAMO NETO,KN,true
41079200,Divididos con la flor,Divididos con la flor,6,KILOGRAMO NETO,KN,true
41079900,Los demás,Los demás,6,KILOGRAMO NETO,KN,true
41120000,"Cueros preparados después del curtido o secado y cueros y pieles apergaminados, de ovino, depilados,","Cueros preparados después del curtido o secado y cueros y pieles apergaminados, de ovino, depilados, incluso divididos, excepto los de la partida 41.14.",6,KILOGRAMO NETO,KN,true
41131000,De caprino,De caprino,6,KILOGRAMO NETO,KN,true
41132000,De porcino,De porcino,6,KILOGRAMO NETO,KN,true
41133000,De reptil,De reptil,6,KILOGRAMO NETO,KN,true
41139000,Los demás,Los demás,6,KILOGRAMO NETO,KN,true
41141000,Cueros y pieles agamuzados (incluido el agamuzado combinado al aceite),Cueros y pieles agamuzados (incluido el agamuzado combinado al aceite),6,KILOGRAMO NETO,KN,true
41142000,Cueros y pieles charolados y sus imitaciones de cueros o pieles chapados; cueros y pieles metalizad,Cueros y pieles charolados y sus imitaciones de cueros o pieles chapados; cueros y pieles metalizados,6,KILOGRAMO NETO,KN,true
41151000,"Cuero regenerado a base de cuero o fibras de cuero, en placas, hojas o tiras, incluso enrolladas.","Cuero regenerado a base de cuero o fibras de cuero, en placas, hojas o tiras, incluso enrolladas.",6,KILOGRAMO NETO,KN,true
41152000,"Recortes y demás desperdicios de cuero o piel, preparados, o de cuero regenerado, no utilizables par","Recortes y demás desperdicios de cuero o piel, preparados, o de cuero regenerado, no utilizables para la fabricación de manufacturas de cuero; aserrín, polvo y harina de cuero",6,KILOGRAMO NETO,KN,true
42010000,"Artículos de talabartería o guarnicionería para todos los animales (incluidos los tiros, traíllas, r","Artículos de talabartería o guarnicionería para todos los animales (incluidos los tiros, traíllas, rodilleras, bozales, sudaderos, alforjas, abrigos para perros y artículos similares), de cualquier ma",6,KILOGRAMO NETO,KN,true
42021100,"Con la superficie exterior de cuero natural, cuero regenerado o cuero charolado","Con la superficie exterior de cuero natural, cuero regenerado o cuero charolado",10,UNIDAD,U,true
42021210,De plástico,De plástico,10,UNIDAD,U,true
42021220,De materia textil,De materia textil,10,UNIDAD,U,true
42021900,Los demás,Los demás,10,UNIDAD,U,true
42022100,"Con la superficie exterior de cuero natural, cuero regenerado o cuero charolado","Con la superficie exterior de cuero natural, cuero regenerado o cuero charolado",10,UNIDAD,U,true
42022210,De plástico,De plástico,10,UNIDAD,U,true
42022220,De materia textil,De materia textil,10,UNIDAD,U,true
42022900,Los demás,Los demás,10,UNIDAD,U,true
42023100,"Con la superficie exterior de cuero natural, cuero regenerado o cuero charolado","Con la superficie exterior de cuero natural, cuero regenerado o cuero charolado",6,KILOGRAMO NETO,KN,true
42023210,De plástico,De plástico,6,KILOGRAMO NETO,KN,true
42023220,De materia textil,De materia textil,6,KILOGRAMO NETO,KN,true
42023900,Los demás,Los demás,6,KILOGRAMO NETO,KN,true
42029100,"Con la superficie exterior de cuero natural, cuero regenerado o cuero charolado","Con la superficie exterior de cuero natural, cuero regenerado o cuero charolado",6,KILOGRAMO NETO,KN,true
42029210,De plástico,De plástico,6,KILOGRAMO NETO,KN,true
42029220,De materia textil,De materia textil,6,KILOGRAMO NETO,KN,true
42029900,Los demás,Los demás,6,KILOGRAMO NETO,KN,true
42031010,"Chaquetas, chaquetones y casacas","Chaquetas, chaquetones y casacas",6,KILOGRAMO NETO,KN,true
42031090,Las demás,Las demás,6,KILOGRAMO NETO,KN,true
42032100,Diseñados especialmente para la práctica del deporte,Diseñados especialmente para la práctica del deporte,6,KILOGRAMO NETO,KN,true
42032900,Los demás,Los demás,6,KILOGRAMO NETO,KN,true
42033000,"Cintos, cinturones y bandoleras","Cintos, cinturones y bandoleras",6,KILOGRAMO NETO,KN,true
42034000,Los demás complementos (accesorios) de vestir,Los demás complementos (accesorios) de vestir,6,KILOGRAMO NETO,KN,true
42050000,Las demás manufacturas de cuero natural o cuero regenerado.,Las demás manufacturas de cuero natural o cuero regenerado.,6,KILOGRAMO NETO,KN,true
42060000,"Manufacturas de tripa, vejigas o tendones.","Manufacturas de tripa, vejigas o tendones.",6,KILOGRAMO NETO,KN,true
43011000,"De visón, enteras, incluso sin la cabeza, cola o patas","De visón, enteras, incluso sin la cabeza, cola o patas",6,KILOGRAMO NETO,KN,true
43013000,"De cordero llamadas astracán, «Breitschwanz», «caracul», «persa» o similares, de cordero de Indias,","De cordero llamadas astracán, «Breitschwanz», «caracul», «persa» o similares, de cordero de Indias, de China, de Mongolia o del Tíbet, enteras, incluso sin la cabeza, cola o patas",6,KILOGRAMO NETO,KN,true
43016000,"De zorro, enteras, incluso sin la cabeza, cola o patas","De zorro, enteras, incluso sin la cabeza, cola o patas",6,KILOGRAMO NETO,KN,true
43018000,"Las demás pieles, enteras, incluso sin la cabeza, cola o patas","Las demás pieles, enteras, incluso sin la cabeza, cola o patas",6,KILOGRAMO NETO,KN,true
43019000,"Cabezas, colas, patas y demás trozos utilizables en peletería","Cabezas, colas, patas y demás trozos utilizables en peletería",6,KILOGRAMO NETO,KN,true
43021100,De visón,De visón,6,KILOGRAMO NETO,KN,true
43021910,De oveja con su piel,De oveja con su piel,6,KILOGRAMO NETO,KN,true
43021920,De oveja sin su piel,De oveja sin su piel,6,KILOGRAMO NETO,KN,true
43021990,Las demás,Las demás,6,KILOGRAMO NETO,KN,true
43022000,"Cabezas, colas, patas y demás trozos, desechos y recortes, sin ensamblar","Cabezas, colas, patas y demás trozos, desechos y recortes, sin ensamblar",6,KILOGRAMO NETO,KN,true
43023000,"Pieles enteras y trozos y recortes de pieles, ensamblados","Pieles enteras y trozos y recortes de pieles, ensamblados",6,KILOGRAMO NETO,KN,true
43031010,"Chaquetas, chaquetones y casacas","Chaquetas, chaquetones y casacas",6,KILOGRAMO NETO,KN,true
43031020,Complementos (accesorios),Complementos (accesorios),6,KILOGRAMO NETO,KN,true
43031090,Las demás,Las demás,6,KILOGRAMO NETO,KN,true
43039000,Los demás,Los demás,6,KILOGRAMO NETO,KN,true
43040000,Peletería facticia o artificial y artículos de peletería facticia o artificial.,Peletería facticia o artificial y artículos de peletería facticia o artificial.,6,KILOGRAMO NETO,KN,true
44011000,Leña,Leña,6,KILOGRAMO NETO,KN,true
44012110,De pino radiata,De pino radiata,6,KILOGRAMO NETO,KN,true
44012190,Las demás,Las demás,6,KILOGRAMO NETO,KN,true
44012211,De eucaliptus globulus,De eucaliptus globulus,6,KILOGRAMO NETO,KN,true
44012212,De eucaliptus nitens,De eucaliptus nitens,6,KILOGRAMO NETO,KN,true
44012219,Los demás,Los demás,6,KILOGRAMO NETO,KN,true
44012220,De madera nativa,De madera nativa,6,KILOGRAMO NETO,KN,true
44012290,Las demás,Las demás,6,KILOGRAMO NETO,KN,true
44013000,"Aserrín, desperdicios y desechos, de madera, incluso aglomerados en leños, briquetas, bolitas o for","Aserrín, desperdicios y desechos, de madera, incluso aglomerados en leños, briquetas, bolitas o formas similares",6,KILOGRAMO NETO,KN,true
44021000,De bambú,De bambú,6,KILOGRAMO NETO,KN,true
44029000,Los demás,Los demás,6,KILOGRAMO NETO,KN,true
44031010,Postes,Postes,16,METRO CÚBICO,MT3,true
44031020,Rodrigones o tutores,Rodrigones o tutores,16,METRO CÚBICO,MT3,true
44031090,Las demás,Las demás,16,METRO CÚBICO,MT3,true
44032011,De pino radiata,De pino radiata,16,METRO CÚBICO,MT3,true
44032019,Las demás,Las demás,16,METRO CÚBICO,MT3,true
44032020,"Troncos para aserrar y hacer chapas, de pino insigne","Troncos para aserrar y hacer chapas, de pino insigne",16,METRO CÚBICO,MT3,true
44032030,Simplemente escuadradas de pino insigne,Simplemente escuadradas de pino insigne,16,METRO CÚBICO,MT3,true
44032040,Postes de pino radiata sin tratar,Postes de pino radiata sin tratar,16,METRO CÚBICO,MT3,true
44032090,Las demás,Las demás,16,METRO CÚBICO,MT3,true
44034100,"Dark Red Meranti, Light Red Meranti y Meranti Bakau","Dark Red Meranti, Light Red Meranti y Meranti Bakau",16,METRO CÚBICO,MT3,true
44034900,Las demás,Las demás,16,METRO CÚBICO,MT3,true
44039100,"De encina, roble, alcornoque y demás belloteros (Quercus spp.)","De encina, roble, alcornoque y demás belloteros (Quercus spp.)",16,METRO CÚBICO,MT3,true
44039200,De haya (Fagus spp.),De haya (Fagus spp.),16,METRO CÚBICO,MT3,true
44039911,De eucaliptus,De eucaliptus,16,METRO CÚBICO,MT3,true
44039912,De coigüe,De coigüe,16,METRO CÚBICO,MT3,true
44039919,Los demás,Los demás,16,METRO CÚBICO,MT3,true
44039921,De eucaliptus,De eucaliptus,16,METRO CÚBICO,MT3,true
44039922,De coigüe,De coigüe,16,METRO CÚBICO,MT3,true
44039929,Los demás,Los demás,16,METRO CÚBICO,MT3,true
44039931,De eucaliptus globulus,De eucaliptus globulus,16,METRO CÚBICO,MT3,true
44039932,De eucaliptus nitens,De eucaliptus nitens,16,METRO CÚBICO,MT3,true
44039939,Las demás,Las demás,16,METRO CÚBICO,MT3,true
44039991,De eucaliptus,De eucaliptus,16,METRO CÚBICO,MT3,true
44039992,De coigüe,De coigüe,16,METRO CÚBICO,MT3,true
44039999,Los demás,Los demás,16,METRO CÚBICO,MT3,true
44041010,De pino radiata,De pino radiata,6,KILOGRAMO NETO,KN,true
44041090,Las demás,Las demás,6,KILOGRAMO NETO,KN,true
44042000,Distinta de la de coníferas,Distinta de la de coníferas,6,KILOGRAMO NETO,KN,true
44050000,Lana de madera; harina de madera.,Lana de madera; harina de madera.,6,KILOGRAMO NETO,KN,true
44061000,Sin impregnar,Sin impregnar,16,METRO CÚBICO,MT3,true
44069000,Las demás,Las demás,16,METRO CÚBICO,MT3,true
44071011,"Tablas aserradas denominadas «Schaall Board» (""tapas""), de espesor inferior o igual a 25 mm; ancho","Tablas aserradas denominadas «Schaall Board» (""tapas""), de espesor inferior o igual a 25 mm; ancho superior o igual a 100 mm pero inferior o igual a 150 mm, largo superior o igual a 2 m pero inferi",16,METRO CÚBICO,MT3,true
44071012,'--- Madera simplemente aserrada,'--- Madera simplemente aserrada,16,METRO CÚBICO,MT3,true
44071013,Madera cepillada ya sea en todas sus caras y cantos o solamente en alguno (s) de ellos,Madera cepillada ya sea en todas sus caras y cantos o solamente en alguno (s) de ellos,16,METRO CÚBICO,MT3,true
44071014,"Madera aserrada denominada ""bloques"", de espesor superior o igual a 15 mm pero inferior o igual a 4","Madera aserrada denominada ""bloques"", de espesor superior o igual a 15 mm pero inferior o igual a 40 mm, ancho inferior o igual a 200 mm y largo superior o igual a 150 mm, obtenida por trozado de m",16,METRO CÚBICO,MT3,true
44071015,"Madera aserrada denominada ""blanks"", resultante de la unión a lo largo de ""bloques"" mediante unione","Madera aserrada denominada ""blanks"", resultante de la unión a lo largo de ""bloques"" mediante uniones dentadas",16,METRO CÚBICO,MT3,true
44071016,"Tableros laminados encolados por sus cantos («edge glue panels»), de espesor inferior o igual a 40","Tableros laminados encolados por sus cantos («edge glue panels»), de espesor inferior o igual a 40 mm, ancho inferior o igual a 1.200 mm, de longitud indeterminada, sin perfilar longitudinalment",16,METRO CÚBICO,MT3,true
44071019,Las demás,Las demás,16,METRO CÚBICO,MT3,true
44071090,Las demás,Las demás,16,METRO CÚBICO,MT3,true
44072100,Mahogany (Swietenia spp.),Mahogany (Swietenia spp.),16,METRO CÚBICO,MT3,true
44072200,"Virola, Imbuia y Balsa","Virola, Imbuia y Balsa",16,METRO CÚBICO,MT3,true
44072500,"Dark Red Meranti, Light Red Meranti y Meranti Bakau","Dark Red Meranti, Light Red Meranti y Meranti Bakau",16,METRO CÚBICO,MT3,true
44072600,"White Lauan, White Meranti, White Seraya, Yellow Meranti y Alan","White Lauan, White Meranti, White Seraya, Yellow Meranti y Alan",16,METRO CÚBICO,MT3,true
44072700,Sapelli,Sapelli,16,METRO CÚBICO,MT3,true
44072800,Iroko,Iroko,16,METRO CÚBICO,MT3,true
44072900,Las demás,Las demás,16,METRO CÚBICO,MT3,true
44079110,De roble,De roble,16,METRO CÚBICO,MT3,true
44079190,Las demás,Las demás,16,METRO CÚBICO,MT3,true
44079200,De haya (Fagus spp.),De haya (Fagus spp.),16,METRO CÚBICO,MT3,true
44079300,De arce (Acer spp.),De arce (Acer spp.),16,METRO CÚBICO,MT3,true
44079400,De cerezo (Prunus spp.),De cerezo (Prunus spp.),16,METRO CÚBICO,MT3,true
44079500,De fresno (Fraxinus spp.),De fresno (Fraxinus spp.),16,METRO CÚBICO,MT3,true
44079910,De raulí,De raulí,16,METRO CÚBICO,MT3,true
44079920,De lenga,De lenga,16,METRO CÚBICO,MT3,true
44079930,De coigüe,De coigüe,16,METRO CÚBICO,MT3,true
44079990,Las demás,Las demás,16,METRO CÚBICO,MT3,true
44081010,De pino insigne,De pino insigne,6,KILOGRAMO NETO,KN,true
44081090,Las demás,Las demás,6,KILOGRAMO NETO,KN,true
44083100,"Dark Red Meranti, Light Red Meranti y Meranti Bakau","Dark Red Meranti, Light Red Meranti y Meranti Bakau",6,KILOGRAMO NETO,KN,true
44083900,Las demás,Las demás,6,KILOGRAMO NETO,KN,true
44089010,De raulí,De raulí,6,KILOGRAMO NETO,KN,true
44089020,De tepa,De tepa,6,KILOGRAMO NETO,KN,true
44089030,De coigüe,De coigüe,6,KILOGRAMO NETO,KN,true
44089040,De álamo,De álamo,6,KILOGRAMO NETO,KN,true
44089050,De encina,De encina,6,KILOGRAMO NETO,KN,true
44089090,Las demás,Las demás,6,KILOGRAMO NETO,KN,true
44091010,Madera hilada de pino radiata,Madera hilada de pino radiata,6,KILOGRAMO NETO,KN,true
44091021,Tablillas y frisos para parqués,Tablillas y frisos para parqués,6,KILOGRAMO NETO,KN,true
44091022,Perfiles y molduras,Perfiles y molduras,6,KILOGRAMO NETO,KN,true
44091029,Los demás,Los demás,6,KILOGRAMO NETO,KN,true
44091090,Las demás,Las demás,6,KILOGRAMO NETO,KN,true
44092100,De bambú,De bambú,6,KILOGRAMO NETO,KN,true
44092900,Las demás,Las demás,6,KILOGRAMO NETO,KN,true
44101100,Tableros de partículas,Tableros de partículas,6,KILOGRAMO NETO,KN,true
44101200,Tableros llamados «oriented strand board» (OSB),Tableros llamados «oriented strand board» (OSB),6,KILOGRAMO NETO,KN,true
44101900,Los demás,Los demás,6,KILOGRAMO NETO,KN,true
44109000,Los demás,Los demás,6,KILOGRAMO NETO,KN,true
44111200,De espesor inferior o igual a 5 mm,De espesor inferior o igual a 5 mm,6,KILOGRAMO NETO,KN,true
44111300,De espesor superior a 5 mm pero inferior o igual a 9 mm,De espesor superior a 5 mm pero inferior o igual a 9 mm,6,KILOGRAMO NETO,KN,true
44111400,De espesor superior a 9 mm,De espesor superior a 9 mm,6,KILOGRAMO NETO,KN,true
44119210,Sin trabajo mecánico ni recubrimiento de superficie,Sin trabajo mecánico ni recubrimiento de superficie,6,KILOGRAMO NETO,KN,true
44119220,Con trabajo mecánico y recubrimiento de superficie,Con trabajo mecánico y recubrimiento de superficie,6,KILOGRAMO NETO,KN,true
44119290,Los demás,Los demás,6,KILOGRAMO NETO,KN,true
44119310,Sin trabajo mecánico ni recubrimiento de superficie,Sin trabajo mecánico ni recubrimiento de superficie,6,KILOGRAMO NETO,KN,true
44119320,Con trabajo mecánico y recubrimiento de superficie,Con trabajo mecánico y recubrimiento de superficie,6,KILOGRAMO NETO,KN,true
44119390,Los demás,Los demás,6,KILOGRAMO NETO,KN,true
44119410,Sin trabajo mecánico ni recubrimiento de superficie,Sin trabajo mecánico ni recubrimiento de superficie,6,KILOGRAMO NETO,KN,true
44119420,Con trabajo mecánico y recubrimiento de superficie,Con trabajo mecánico y recubrimiento de superficie,6,KILOGRAMO NETO,KN,true
44119490,Los demás,Los demás,6,KILOGRAMO NETO,KN,true
44121000,De bambú,De bambú,16,METRO CÚBICO,MT3,true
44123100,"Que tengan, por lo menos, una hoja externa de las maderas tropicales citadas en la Nota de subparti","Que tengan, por lo menos, una hoja externa de las maderas tropicales citadas en la Nota de subpartida 1 de este Capítulo",16,METRO CÚBICO,MT3,true
44123200,"Las demás, que tengan, por lo menos, una hoja externa de madera distinta de la de coníferas","Las demás, que tengan, por lo menos, una hoja externa de madera distinta de la de coníferas",16,METRO CÚBICO,MT3,true
44123910,De coníferas,De coníferas,16,METRO CÚBICO,MT3,true
44123990,Las demás,Las demás,16,METRO CÚBICO,MT3,true
44129400,"Tableros denominados «blockboard», «laminboard» y «battenboard»","Tableros denominados «blockboard», «laminboard» y «battenboard»",6,KILOGRAMO NETO,KN,true
44129910,De coníferas,De coníferas,6,KILOGRAMO NETO,KN,true
44129990,Las demás,Las demás,6,KILOGRAMO NETO,KN,true
44130000,"Madera densificada en bloques, tablas, tiras o perfiles.","Madera densificada en bloques, tablas, tiras o perfiles.",6,KILOGRAMO NETO,KN,true
44140000,"Marcos de madera para cuadros, fotografías, espejos u objetos similares.","Marcos de madera para cuadros, fotografías, espejos u objetos similares.",6,KILOGRAMO NETO,KN,true
44151010,Cajas,Cajas,10,UNIDAD,U,true
44151020,Cajones,Cajones,10,UNIDAD,U,true
44151030,Carretes para cables,Carretes para cables,10,UNIDAD,U,true
44151090,Los demás,Los demás,10,UNIDAD,U,true
44152010,Paletas,Paletas,10,UNIDAD,U,true
44152090,Los demás,Los demás,10,UNIDAD,U,true
44160010,"Barriles, cubas, tinas y tinajas","Barriles, cubas, tinas y tinajas",6,KILOGRAMO NETO,KN,true
44160020,Duelas,Duelas,6,KILOGRAMO NETO,KN,true
44160090,Los demás,Los demás,6,KILOGRAMO NETO,KN,true
44170010,Herramientas de madera,Herramientas de madera,6,KILOGRAMO NETO,KN,true
44170090,Los demás,Los demás,6,KILOGRAMO NETO,KN,true
44181000,"Ventanas, puertas vidriera, y sus marcos y contramarcos","Ventanas, puertas vidriera, y sus marcos y contramarcos",6,KILOGRAMO NETO,KN,true
44182010,Puertas,Puertas,6,KILOGRAMO NETO,KN,true
44182090,Los demás,Los demás,6,KILOGRAMO NETO,KN,true
44184000,Encofrados para hormigón,Encofrados para hormigón,6,KILOGRAMO NETO,KN,true
44185000,Tablillas para cubierta de tejados o fachadas («shingles» y «shakes»),Tablillas para cubierta de tejados o fachadas («shingles» y «shakes»),6,KILOGRAMO NETO,KN,true
44186000,Postes y vigas,Postes y vigas,6,KILOGRAMO NETO,KN,true
44187100,Para suelos en mosaico,Para suelos en mosaico,6,KILOGRAMO NETO,KN,true
44187200,"Los demás, multicapas","Los demás, multicapas",6,KILOGRAMO NETO,KN,true
44187900,Los demás,Los demás,6,KILOGRAMO NETO,KN,true
44189010,Piezas de carpintería,Piezas de carpintería,6,KILOGRAMO NETO,KN,true
44189090,Los demás,Los demás,6,KILOGRAMO NETO,KN,true
44190000,"Artículos de mesa o cocina, de madera.","Artículos de mesa o cocina, de madera.",6,KILOGRAMO NETO,KN,true
44201000,"Estatuillas y demás objetos de adorno, de madera","Estatuillas y demás objetos de adorno, de madera",6,KILOGRAMO NETO,KN,true
44209000,Los demás,Los demás,6,KILOGRAMO NETO,KN,true
44211000,Perchas para prendas de vestir,Perchas para prendas de vestir,6,KILOGRAMO NETO,KN,true
44219010,Palitos para dulces y helados,Palitos para dulces y helados,6,KILOGRAMO NETO,KN,true
44219020,Palitos para fósforos,Palitos para fósforos,6,KILOGRAMO NETO,KN,true
44219090,Las demás,Las demás,6,KILOGRAMO NETO,KN,true
45011000,Corcho natural en bruto o simplemente preparado,Corcho natural en bruto o simplemente preparado,6,KILOGRAMO NETO,KN,true
45019000,Los demás,Los demás,6,KILOGRAMO NETO,KN,true
45020000,"Corcho natural, descortezado o simplemente escuadrado o en bloques, placas, hojas o tiras, cuadradas","Corcho natural, descortezado o simplemente escuadrado o en bloques, placas, hojas o tiras, cuadradas o rectangulares (incluidos los esbozos con aristas vivas para tapones).",6,KILOGRAMO NETO,KN,true
45031000,Tapones,Tapones,6,KILOGRAMO NETO,KN,true
45039000,Las demás,Las demás,6,KILOGRAMO NETO,KN,true
45041000,"Bloques, placas, hojas y tiras; baldosas y revestimientos similares de pared, de cualquier forma; c","Bloques, placas, hojas y tiras; baldosas y revestimientos similares de pared, de cualquier forma; cilindros macizos, incluidos los discos",6,KILOGRAMO NETO,KN,true
45049010,Tapones,Tapones,6,KILOGRAMO NETO,KN,true
45049090,Los demás,Los demás,6,KILOGRAMO NETO,KN,true
46012100,De bambú,De bambú,6,KILOGRAMO NETO,KN,true
46012200,De roten (ratán)*,De roten (ratán)*,6,KILOGRAMO NETO,KN,true
46012900,Los demás,Los demás,6,KILOGRAMO NETO,KN,true
46019200,De bambú,De bambú,6,KILOGRAMO NETO,KN,true
46019300,De roten (ratán)*,De roten (ratán)*,6,KILOGRAMO NETO,KN,true
46019400,De las demás materias vegetales,De las demás materias vegetales,6,KILOGRAMO NETO,KN,true
46019900,Los demás,Los demás,6,KILOGRAMO NETO,KN,true
46021100,De bambú,De bambú,6,KILOGRAMO NETO,KN,true
46021200,De roten (ratán)*,De roten (ratán)*,6,KILOGRAMO NETO,KN,true
46021900,Los demás,Los demás,6,KILOGRAMO NETO,KN,true
46029000,Los demás,Los demás,6,KILOGRAMO NETO,KN,true
47010000,Pasta mecánica de madera.,Pasta mecánica de madera.,6,KILOGRAMO NETO,KN,true
47020000,Pasta química de madera para disolver.,Pasta química de madera para disolver.,6,KILOGRAMO NETO,KN,true
47031100,De coníferas,De coníferas,6,KILOGRAMO NETO,KN,true
47031900,Distinta de la de coníferas,Distinta de la de coníferas,6,KILOGRAMO NETO,KN,true
47032100,De coníferas,De coníferas,6,KILOGRAMO NETO,KN,true
47032910,De eucaliptus,De eucaliptus,6,KILOGRAMO NETO,KN,true
47032990,Las demás,Las demás,6,KILOGRAMO NETO,KN,true
47041100,De coníferas,De coníferas,6,KILOGRAMO NETO,KN,true
47041900,Distinta de la de coníferas,Distinta de la de coníferas,6,KILOGRAMO NETO,KN,true
47042100,De coníferas,De coníferas,6,KILOGRAMO NETO,KN,true
47042900,Distinta de la de coníferas,Distinta de la de coníferas,6,KILOGRAMO NETO,KN,true
47050000,Pasta de madera obtenida por la combinación de tratamientos mecánico y químico.,Pasta de madera obtenida por la combinación de tratamientos mecánico y químico.,6,KILOGRAMO NETO,KN,true
47061000,Pasta de línter de algodón,Pasta de línter de algodón,6,KILOGRAMO NETO,KN,true
47062000,Pasta de fibras obtenidas de papel o cartón reciclado (desperdicios y desechos),Pasta de fibras obtenidas de papel o cartón reciclado (desperdicios y desechos),6,KILOGRAMO NETO,KN,true
47063000,"Las demás, de bambú","Las demás, de bambú",6,KILOGRAMO NETO,KN,true
47069100,Mecánicas,Mecánicas,6,KILOGRAMO NETO,KN,true
47069200,Químicas,Químicas,6,KILOGRAMO NETO,KN,true
47069300,Semiquímicas,Semiquímicas,6,KILOGRAMO NETO,KN,true
47071010,Papel Kraft crudo,Papel Kraft crudo,6,KILOGRAMO NETO,KN,true
47071020,Cartón Kraft crudo,Cartón Kraft crudo,6,KILOGRAMO NETO,KN,true
47071090,Los demás,Los demás,6,KILOGRAMO NETO,KN,true
47072000,Los demás papeles o cartones obtenidos principalmente a partir de pasta química blanqueada sin color,Los demás papeles o cartones obtenidos principalmente a partir de pasta química blanqueada sin colorear en la masa,6,KILOGRAMO NETO,KN,true
47073000,"Papel o cartón obtenido principalmente a partir de pasta mecánica (por ejemplo: diarios, periódicos","Papel o cartón obtenido principalmente a partir de pasta mecánica (por ejemplo: diarios, periódicos e impresos similares)",6,KILOGRAMO NETO,KN,true
47079010,De papel,De papel,6,KILOGRAMO NETO,KN,true
47079020,De cartón,De cartón,6,KILOGRAMO NETO,KN,true
48010010,En bobinas,En bobinas,6,KILOGRAMO NETO,KN,true
48010020,En hojas,En hojas,6,KILOGRAMO NETO,KN,true
48021000,Papel y cartón hechos a mano (hoja a hoja),Papel y cartón hechos a mano (hoja a hoja),6,KILOGRAMO NETO,KN,true
48022000,"Papel y cartón soporte para papel o cartón fotosensibles, termosensibles o electrosensibles","Papel y cartón soporte para papel o cartón fotosensibles, termosensibles o electrosensibles",6,KILOGRAMO NETO,KN,true
48024000,Papel soporte para papeles de decorar paredes,Papel soporte para papeles de decorar paredes,6,KILOGRAMO NETO,KN,true
48025400,De peso inferior a 40 g/m²,De peso inferior a 40 g/m²,6,KILOGRAMO NETO,KN,true
48025510,"Papeles para escritura, dibujo o impresiones","Papeles para escritura, dibujo o impresiones",6,KILOGRAMO NETO,KN,true
48025520,Papeles de seguridad,Papeles de seguridad,6,KILOGRAMO NETO,KN,true
48025590,Los demás,Los demás,6,KILOGRAMO NETO,KN,true
48025610,"Papeles para escritura, dibujo o impresiones","Papeles para escritura, dibujo o impresiones",6,KILOGRAMO NETO,KN,true
48025690,Los demás,Los demás,6,KILOGRAMO NETO,KN,true
48025710,"Papeles para escritura, dibujo o impresiones","Papeles para escritura, dibujo o impresiones",6,KILOGRAMO NETO,KN,true
48025790,Los demás,Los demás,6,KILOGRAMO NETO,KN,true
48025810,"Papeles para escritura, dibujo o impresiones","Papeles para escritura, dibujo o impresiones",6,KILOGRAMO NETO,KN,true
48025890,Los demás,Los demás,6,KILOGRAMO NETO,KN,true
48026110,Para impresiones,Para impresiones,6,KILOGRAMO NETO,KN,true
48026190,Los demás,Los demás,6,KILOGRAMO NETO,KN,true
48026200,"En hojas en las que un lado sea inferior o igual a 435 mm y el otro sea inferior o igual a 297 mm,","En hojas en las que un lado sea inferior o igual a 435 mm y el otro sea inferior o igual a 297 mm, medidos sin plegar",6,KILOGRAMO NETO,KN,true
48026900,Los demás,Los demás,6,KILOGRAMO NETO,KN,true
48030010,Papel del tipo utilizado para papel higiénico,Papel del tipo utilizado para papel higiénico,6,KILOGRAMO NETO,KN,true
48030020,Papel gofrado,Papel gofrado,6,KILOGRAMO NETO,KN,true
48030090,Los demás,Los demás,6,KILOGRAMO NETO,KN,true
48041110,Papel,Papel,6,KILOGRAMO NETO,KN,true
48041190,Los demás,Los demás,6,KILOGRAMO NETO,KN,true
48041910,Papel,Papel,6,KILOGRAMO NETO,KN,true
48041990,Los demás,Los demás,6,KILOGRAMO NETO,KN,true
48042100,Crudo,Crudo,6,KILOGRAMO NETO,KN,true
48042900,Los demás,Los demás,6,KILOGRAMO NETO,KN,true
48043100,Crudos,Crudos,6,KILOGRAMO NETO,KN,true
48043900,Los demás,Los demás,6,KILOGRAMO NETO,KN,true
48044100,Crudos,Crudos,6,KILOGRAMO NETO,KN,true
48044200,Blanqueados uniformemente en la masa y con un contenido de fibras de madera obtenidas por procedimi,Blanqueados uniformemente en la masa y con un contenido de fibras de madera obtenidas por procedimiento químico superior al 95 % en peso del contenido total de fibra,6,KILOGRAMO NETO,KN,true
48044900,Los demás,Los demás,6,KILOGRAMO NETO,KN,true
48045100,Crudos,Crudos,6,KILOGRAMO NETO,KN,true
48045200,Blanqueados uniformemente en la masa y con un contenido de fibras de madera obtenidas por procedimie,Blanqueados uniformemente en la masa y con un contenido de fibras de madera obtenidas por procedimiento químico superior al 95 % en peso del contenido total de fibra,6,KILOGRAMO NETO,KN,true
48045900,Los demás,Los demás,6,KILOGRAMO NETO,KN,true
48051100,Papel semiquímico para acanalar,Papel semiquímico para acanalar,6,KILOGRAMO NETO,KN,true
48051200,Papel paja para acanalar,Papel paja para acanalar,6,KILOGRAMO NETO,KN,true
48051900,Los demás,Los demás,6,KILOGRAMO NETO,KN,true
48052400,De peso inferior o igual a 150 g/m²,De peso inferior o igual a 150 g/m²,6,KILOGRAMO NETO,KN,true
48052500,De peso superior a 150 g/m²,De peso superior a 150 g/m²,6,KILOGRAMO NETO,KN,true
48053000,Papel sulfito para envolver,Papel sulfito para envolver,6,KILOGRAMO NETO,KN,true
48054000,Papel y cartón filtro,Papel y cartón filtro,6,KILOGRAMO NETO,KN,true
48055000,"Papel y cartón fieltro, papel y cartón lana","Papel y cartón fieltro, papel y cartón lana",6,KILOGRAMO NETO,KN,true
48059100,De peso inferior o igual a 150 g/m²,De peso inferior o igual a 150 g/m²,6,KILOGRAMO NETO,KN,true
48059200,De peso superior a 150 g/m² pero inferior a 225 g/m²,De peso superior a 150 g/m² pero inferior a 225 g/m²,6,KILOGRAMO NETO,KN,true
48059300,De peso superior o igual a 225 g/m²,De peso superior o igual a 225 g/m²,6,KILOGRAMO NETO,KN,true
48061000,Papel y cartón sulfurizados (pergamino vegetal),Papel y cartón sulfurizados (pergamino vegetal),6,KILOGRAMO NETO,KN,true
48062000,Papel resistente a las grasas («greaseproof»),Papel resistente a las grasas («greaseproof»),6,KILOGRAMO NETO,KN,true
48063000,Papel vegetal (papel calco),Papel vegetal (papel calco),6,KILOGRAMO NETO,KN,true
48064000,Papel cristal y demás papeles calandrados trasparentes o traslúcidos,Papel cristal y demás papeles calandrados trasparentes o traslúcidos,6,KILOGRAMO NETO,KN,true
48070000,"Papel y cartón obtenidos por pegado de hojas planas, sin estucar ni recubrir en la superficie y sin","Papel y cartón obtenidos por pegado de hojas planas, sin estucar ni recubrir en la superficie y sin impregnar, incluso reforzados interiormente, en bobinas (rollos) o en hojas.",6,KILOGRAMO NETO,KN,true
48081000,"Papel y cartón corrugados, incluso perforados","Papel y cartón corrugados, incluso perforados",6,KILOGRAMO NETO,KN,true
48082000,"Papel Kraft para sacos (bolsas), rizado («crepé») o plisado, incluso gofrado, estampado o perforado","Papel Kraft para sacos (bolsas), rizado («crepé») o plisado, incluso gofrado, estampado o perforado",6,KILOGRAMO NETO,KN,true
48083000,"Los demás papeles Kraft, rizados («crepés») o plisados, incluso gofrados, estampados o perforados","Los demás papeles Kraft, rizados («crepés») o plisados, incluso gofrados, estampados o perforados",6,KILOGRAMO NETO,KN,true
48089000,Los demás,Los demás,6,KILOGRAMO NETO,KN,true
48092010,Receptor y emisor,Receptor y emisor,6,KILOGRAMO NETO,KN,true
48092020,Receptor,Receptor,6,KILOGRAMO NETO,KN,true
48092090,Los demás,Los demás,6,KILOGRAMO NETO,KN,true
48099000,Los demás,Los demás,6,KILOGRAMO NETO,KN,true
48101310,Papel,Papel,6,KILOGRAMO NETO,KN,true
48101390,Los demás,Los demás,6,KILOGRAMO NETO,KN,true
48101410,Papel,Papel,6,KILOGRAMO NETO,KN,true
48101490,Los demás,Los demás,6,KILOGRAMO NETO,KN,true
48101910,Papel,Papel,6,KILOGRAMO NETO,KN,true
48101990,Los demás,Los demás,6,KILOGRAMO NETO,KN,true
48102210,Papel para la impresión,Papel para la impresión,6,KILOGRAMO NETO,KN,true
48102290,Los demás,Los demás,6,KILOGRAMO NETO,KN,true
48102910,Papel para la impresión,Papel para la impresión,6,KILOGRAMO NETO,KN,true
48102990,Los demás,Los demás,6,KILOGRAMO NETO,KN,true
48103100,Blanqueados uniformemente en la masa y con un contenido de fibras de madera obtenidas por procedimie,"Blanqueados uniformemente en la masa y con un contenido de fibras de madera obtenidas por procedimiento químico superior al 95 % en peso del contenido total de fibra, de peso inferior o igual a 150 g/",6,KILOGRAMO NETO,KN,true
48103200,Blanqueados uniformemente en la masa y con un contenido de fibras de madera obtenidas por procedimie,"Blanqueados uniformemente en la masa y con un contenido de fibras de madera obtenidas por procedimiento químico superior al 95 % en peso del contenido total de fibra, de peso superior a 150 g/m2",6,KILOGRAMO NETO,KN,true
48103900,Los demás,Los demás,6,KILOGRAMO NETO,KN,true
48109210,Cartulinas,Cartulinas,6,KILOGRAMO NETO,KN,true
48109290,Los demás,Los demás,6,KILOGRAMO NETO,KN,true
48109900,Los demás,Los demás,6,KILOGRAMO NETO,KN,true
48111000,"Papel y cartón alquitranados, embetunados o asfaltados","Papel y cartón alquitranados, embetunados o asfaltados",6,KILOGRAMO NETO,KN,true
48114110,Papel autoadhesivo en rollos,Papel autoadhesivo en rollos,6,KILOGRAMO NETO,KN,true
48114190,Los demás,Los demás,6,KILOGRAMO NETO,KN,true
48114900,Los demás,Los demás,6,KILOGRAMO NETO,KN,true
48115100,"Blanqueados, de peso superior a 150 g/m²","Blanqueados, de peso superior a 150 g/m²",6,KILOGRAMO NETO,KN,true
48115900,Los demás,Los demás,6,KILOGRAMO NETO,KN,true
48116000,"Papel y cartón recubiertos, impregnados o revestidos de cera, parafina, estearina, aceite o glicero","Papel y cartón recubiertos, impregnados o revestidos de cera, parafina, estearina, aceite o glicerol",6,KILOGRAMO NETO,KN,true
48119011,Papel coloreado,Papel coloreado,6,KILOGRAMO NETO,KN,true
48119019,Los demás,Los demás,6,KILOGRAMO NETO,KN,true
48119020,Aislantes eléctricos,Aislantes eléctricos,6,KILOGRAMO NETO,KN,true
48119091,Papel sensibilizado,Papel sensibilizado,6,KILOGRAMO NETO,KN,true
48119099,Los demás,Los demás,6,KILOGRAMO NETO,KN,true
48120000,"Bloques y placas, filtrantes, de pasta de papel.","Bloques y placas, filtrantes, de pasta de papel.",6,KILOGRAMO NETO,KN,true
48131000,En librillos o en tubos,En librillos o en tubos,6,KILOGRAMO NETO,KN,true
48132000,En bobinas (rollos) de anchura inferior o igual a 5 cm,En bobinas (rollos) de anchura inferior o igual a 5 cm,6,KILOGRAMO NETO,KN,true
48139000,Los demás,Los demás,6,KILOGRAMO NETO,KN,true
48141000,Papel granito («ingrain»),Papel granito («ingrain»),6,KILOGRAMO NETO,KN,true
48142000,"Papel para decorar y revestimientos similares de paredes, constituidos por papel recubierto o reves","Papel para decorar y revestimientos similares de paredes, constituidos por papel recubierto o revestido, en la cara vista, con una capa de plástico graneada, gofrada, coloreada, impresa con motivos o",6,KILOGRAMO NETO,KN,true
48149000,Los demás,Los demás,6,KILOGRAMO NETO,KN,true
48162010,Receptor y emisor,Receptor y emisor,6,KILOGRAMO NETO,KN,true
48162020,Receptor,Receptor,6,KILOGRAMO NETO,KN,true
48162090,Los demás,Los demás,6,KILOGRAMO NETO,KN,true
48169000,Los demás,Los demás,6,KILOGRAMO NETO,KN,true
48171000,Sobres,Sobres,6,KILOGRAMO NETO,KN,true
48172000,"Sobres carta, tarjetas postales sin ilustrar y tarjetas para correspondencia","Sobres carta, tarjetas postales sin ilustrar y tarjetas para correspondencia",6,KILOGRAMO NETO,KN,true
48173000,"Cajas, bolsas y presentaciones similares, de papel o cartón, con un surtido de artículos de correspo","Cajas, bolsas y presentaciones similares, de papel o cartón, con un surtido de artículos de correspondencia",6,KILOGRAMO NETO,KN,true
48181010,Acondicionado para la venta al por menor,Acondicionado para la venta al por menor,6,KILOGRAMO NETO,KN,true
48181090,Los demás,Los demás,6,KILOGRAMO NETO,KN,true
48182010,Pañuelos,Pañuelos,6,KILOGRAMO NETO,KN,true
48182020,Toallitas de desmaquillar,Toallitas de desmaquillar,6,KILOGRAMO NETO,KN,true
48182030,Toallas,Toallas,6,KILOGRAMO NETO,KN,true
48183010,Manteles,Manteles,6,KILOGRAMO NETO,KN,true
48183020,Servilletas,Servilletas,6,KILOGRAMO NETO,KN,true
48184010,Toallas higiénicas,Toallas higiénicas,6,KILOGRAMO NETO,KN,true
48184020,Pañales para bebés,Pañales para bebés,6,KILOGRAMO NETO,KN,true
48184090,Los demás,Los demás,6,KILOGRAMO NETO,KN,true
48185000,"Prendas y complementos (accesorios), de vestir","Prendas y complementos (accesorios), de vestir",6,KILOGRAMO NETO,KN,true
48189000,Los demás,Los demás,6,KILOGRAMO NETO,KN,true
48191010,Cajas de cartón corrugado,Cajas de cartón corrugado,6,KILOGRAMO NETO,KN,true
48191090,Las demás,Las demás,6,KILOGRAMO NETO,KN,true
48192010,Cajas plegables de cartón sin corrugar,Cajas plegables de cartón sin corrugar,6,KILOGRAMO NETO,KN,true
48192090,Los demás,Los demás,6,KILOGRAMO NETO,KN,true
48193010,Sacos (bolsas) con una anchura en la base superior a 40 cm,Sacos (bolsas) con una anchura en la base superior a 40 cm,6,KILOGRAMO NETO,KN,true
48193020,Sacos (bolsas) con una anchura en la base igual a 40 cm,Sacos (bolsas) con una anchura en la base igual a 40 cm,6,KILOGRAMO NETO,KN,true
48194000,Los demás sacos (bolsas); bolsitas y cucuruchos,Los demás sacos (bolsas); bolsitas y cucuruchos,6,KILOGRAMO NETO,KN,true
48195000,"Los demás envases, incluidas las fundas para discos","Los demás envases, incluidas las fundas para discos",6,KILOGRAMO NETO,KN,true
48196000,"Cartonajes de oficina, tienda o similares","Cartonajes de oficina, tienda o similares",6,KILOGRAMO NETO,KN,true
48201010,Agendas,Agendas,6,KILOGRAMO NETO,KN,true
48201090,Los demás,Los demás,6,KILOGRAMO NETO,KN,true
48202010,De forma cuadrada o rectangular con un lado superior a 25 cm y el otro superior a 20 cm,De forma cuadrada o rectangular con un lado superior a 25 cm y el otro superior a 20 cm,6,KILOGRAMO NETO,KN,true
48202090,Los demás,Los demás,6,KILOGRAMO NETO,KN,true
48203010,Archivadores clasificadores de cartón,Archivadores clasificadores de cartón,6,KILOGRAMO NETO,KN,true
48203090,Los demás,Los demás,6,KILOGRAMO NETO,KN,true
48204000,"Formularios en paquetes o plegados («manifold»), aunque lleven papel carbón (carbónico)","Formularios en paquetes o plegados («manifold»), aunque lleven papel carbón (carbónico)",6,KILOGRAMO NETO,KN,true
48205000,Álbumes para muestras o para colecciones,Álbumes para muestras o para colecciones,6,KILOGRAMO NETO,KN,true
48209000,Los demás,Los demás,6,KILOGRAMO NETO,KN,true
48211010,Autoadhesivas,Autoadhesivas,6,KILOGRAMO NETO,KN,true
48211090,Las demás,Las demás,6,KILOGRAMO NETO,KN,true
48219000,Las demás,Las demás,6,KILOGRAMO NETO,KN,true
48221000,De los tipos utilizados para el bobinado de hilados textiles,De los tipos utilizados para el bobinado de hilados textiles,6,KILOGRAMO NETO,KN,true
48229000,Los demás,Los demás,6,KILOGRAMO NETO,KN,true
48232000,Papel y cartón filtro,Papel y cartón filtro,6,KILOGRAMO NETO,KN,true
48234000,"Papel diagrama para aparatos registradores, en bobinas (rollos), hojas o discos","Papel diagrama para aparatos registradores, en bobinas (rollos), hojas o discos",6,KILOGRAMO NETO,KN,true
48236100,De bambú,De bambú,6,KILOGRAMO NETO,KN,true
48236910,Vasos,Vasos,6,KILOGRAMO NETO,KN,true
48236990,Los demás,Los demás,6,KILOGRAMO NETO,KN,true
48237000,"Artículos moldeados o prensados, de pasta de papel","Artículos moldeados o prensados, de pasta de papel",6,KILOGRAMO NETO,KN,true
48239010,Papel para impresión,Papel para impresión,6,KILOGRAMO NETO,KN,true
48239020,Tripas artificiales,Tripas artificiales,6,KILOGRAMO NETO,KN,true
48239091,Exhibidores publicitarios de cartón,Exhibidores publicitarios de cartón,6,KILOGRAMO NETO,KN,true
48239099,Los demás,Los demás,6,KILOGRAMO NETO,KN,true
49011010,Libros,Libros,6,KILOGRAMO NETO,KN,true
49011090,Los demás,Los demás,6,KILOGRAMO NETO,KN,true
49019110,Enciclopedias,Enciclopedias,6,KILOGRAMO NETO,KN,true
49019190,Los demás,Los demás,6,KILOGRAMO NETO,KN,true
49019911,Para enseñanza básica y media,Para enseñanza básica y media,6,KILOGRAMO NETO,KN,true
49019912,Para enseñanza técnico profesional,Para enseñanza técnico profesional,6,KILOGRAMO NETO,KN,true
49019920,"Libros académicos, científicos técnicos","Libros académicos, científicos técnicos",6,KILOGRAMO NETO,KN,true
49019931,De literatura infantil,De literatura infantil,6,KILOGRAMO NETO,KN,true
49019939,Los demás,Los demás,6,KILOGRAMO NETO,KN,true
49019940,Documentación consignada a las Cías. navieras o a sus agentes relativa a los pasajeros y/o a la carg,Documentación consignada a las Cías. navieras o a sus agentes relativa a los pasajeros y/o a la carga transportada en sus naves,6,KILOGRAMO NETO,KN,true
49019991,Manuales técnicos,Manuales técnicos,6,KILOGRAMO NETO,KN,true
49019999,Los demás,Los demás,6,KILOGRAMO NETO,KN,true
49021000,Que se publiquen cuatro veces por semana como mínimo,Que se publiquen cuatro veces por semana como mínimo,6,KILOGRAMO NETO,KN,true
49029010,Revistas de deportes,Revistas de deportes,6,KILOGRAMO NETO,KN,true
49029020,Revistas de modas,Revistas de modas,6,KILOGRAMO NETO,KN,true
49029030,Revistas infantiles,Revistas infantiles,6,KILOGRAMO NETO,KN,true
49029090,Los demás,Los demás,6,KILOGRAMO NETO,KN,true
49030000,"Álbumes o libros de estampas y cuadernos para dibujar o colorear, para niños.","Álbumes o libros de estampas y cuadernos para dibujar o colorear, para niños.",6,KILOGRAMO NETO,KN,true
49040000,"Música manuscrita o impresa, incluso con ilustraciones o encuadernada.","Música manuscrita o impresa, incluso con ilustraciones o encuadernada.",6,KILOGRAMO NETO,KN,true
49051000,Esferas,Esferas,6,KILOGRAMO NETO,KN,true
49059100,En forma de libros o folletos,En forma de libros o folletos,6,KILOGRAMO NETO,KN,true
49059900,Los demás,Los demás,6,KILOGRAMO NETO,KN,true
49060010,Sin carácter comercial,Sin carácter comercial,6,KILOGRAMO NETO,KN,true
49060090,Los demás,Los demás,6,KILOGRAMO NETO,KN,true
49070010,Billetes de banco,Billetes de banco,6,KILOGRAMO NETO,KN,true
49070020,Talonarios de cheques de viajeros de establecimientos de,Talonarios de cheques de viajeros de establecimientos de,6,KILOGRAMO NETO,KN,true
49070090,Los demás,Los demás,6,KILOGRAMO NETO,KN,true
49081000,Calcomanías vitrificables,Calcomanías vitrificables,6,KILOGRAMO NETO,KN,true
49089000,Las demás,Las demás,6,KILOGRAMO NETO,KN,true
49090010,Tarjetas postales impresas o ilustradas,Tarjetas postales impresas o ilustradas,6,KILOGRAMO NETO,KN,true
49090090,Las demás,Las demás,6,KILOGRAMO NETO,KN,true
49100000,"Calendarios de cualquier clase impresos, incluidos los tacos de calendario.","Calendarios de cualquier clase impresos, incluidos los tacos de calendario.",6,KILOGRAMO NETO,KN,true
49111010,Catálogos comerciales,Catálogos comerciales,6,KILOGRAMO NETO,KN,true
49111020,Impresos publicitarios,Impresos publicitarios,6,KILOGRAMO NETO,KN,true
49111090,Los demás,Los demás,6,KILOGRAMO NETO,KN,true
49119100,"Estampas, grabados y fotografías","Estampas, grabados y fotografías",6,KILOGRAMO NETO,KN,true
49119900,Los demás,Los demás,6,KILOGRAMO NETO,KN,true
50010000,Capullos de seda aptos para el devanado.,Capullos de seda aptos para el devanado.,6,KILOGRAMO NETO,KN,true
50020000,Seda cruda (sin torcer).,Seda cruda (sin torcer).,6,KILOGRAMO NETO,KN,true
50030000,"Desperdicios de seda (incluidos los capullos no aptos para el devanado, desperdicios de hilados e hi","Desperdicios de seda (incluidos los capullos no aptos para el devanado, desperdicios de hilados e hilachas).",6,KILOGRAMO NETO,KN,true
50040000,Hilados de seda (excepto los hilados de desperdicios de seda) sin acondicionar para la venta al por,Hilados de seda (excepto los hilados de desperdicios de seda) sin acondicionar para la venta al por menor.,6,KILOGRAMO NETO,KN,true
50050000,Hilados de desperdicios de seda sin acondicionar para la venta al por menor.,Hilados de desperdicios de seda sin acondicionar para la venta al por menor.,6,KILOGRAMO NETO,KN,true
50060000,"Hilados de seda o de desperdicios de seda, acondicionados para la venta al por menor; «pelo de Mesin","Hilados de seda o de desperdicios de seda, acondicionados para la venta al por menor; «pelo de Mesina» («crin de Florencia»).",6,KILOGRAMO NETO,KN,true
50071000,Tejidos de borrilla,Tejidos de borrilla,6,KILOGRAMO NETO,KN,true
50072000,"Los demás tejidos con un contenido de seda o de desperdicios de seda, distintos de la borrilla, supe","Los demás tejidos con un contenido de seda o de desperdicios de seda, distintos de la borrilla, superior o igual al 85 % en peso",6,KILOGRAMO NETO,KN,true
50079000,Los demás tejidos,Los demás tejidos,6,KILOGRAMO NETO,KN,true
51011100,Lana esquilada,Lana esquilada,6,KILOGRAMO NETO,KN,true
51011900,Las demás,Las demás,6,KILOGRAMO NETO,KN,true
51012100,Lana esquilada,Lana esquilada,6,KILOGRAMO NETO,KN,true
51012900,Las demás,Las demás,6,KILOGRAMO NETO,KN,true
51013000,Carbonizada,Carbonizada,6,KILOGRAMO NETO,KN,true
51021100,De cabra de Cachemira,De cabra de Cachemira,6,KILOGRAMO NETO,KN,true
51021910,De conejo o liebre,De conejo o liebre,6,KILOGRAMO NETO,KN,true
51021990,Los demás,Los demás,6,KILOGRAMO NETO,KN,true
51022000,Pelo ordinario,Pelo ordinario,6,KILOGRAMO NETO,KN,true
51031000,Borras del peinado de lana o pelo fino,Borras del peinado de lana o pelo fino,6,KILOGRAMO NETO,KN,true
51032000,Los demás desperdicios de lana o pelo fino,Los demás desperdicios de lana o pelo fino,6,KILOGRAMO NETO,KN,true
51033000,Desperdicios de pelo ordinario,Desperdicios de pelo ordinario,6,KILOGRAMO NETO,KN,true
51040000,Hilachas de lana o de pelo fino u ordinario.,Hilachas de lana o de pelo fino u ordinario.,6,KILOGRAMO NETO,KN,true
51051000,Lana cardada,Lana cardada,6,KILOGRAMO NETO,KN,true
51052100,«Lana peinada a granel»,«Lana peinada a granel»,6,KILOGRAMO NETO,KN,true
51052910,Tops,Tops,6,KILOGRAMO NETO,KN,true
51052990,Las demás,Las demás,6,KILOGRAMO NETO,KN,true
51053100,De cabra de Cachemira,De cabra de Cachemira,6,KILOGRAMO NETO,KN,true
51053900,Los demás,Los demás,6,KILOGRAMO NETO,KN,true
51054000,Pelo ordinario cardado o peinado,Pelo ordinario cardado o peinado,6,KILOGRAMO NETO,KN,true
51061000,Con un contenido de lana superior o igual al 85 % en peso,Con un contenido de lana superior o igual al 85 % en peso,6,KILOGRAMO NETO,KN,true
51062000,Con un contenido de lana inferior al 85 % en peso,Con un contenido de lana inferior al 85 % en peso,6,KILOGRAMO NETO,KN,true
51071000,Con un contenido de lana superior o igual al 85 % en peso,Con un contenido de lana superior o igual al 85 % en peso,6,KILOGRAMO NETO,KN,true
51072000,Con un contenido de lana inferior al 85 % en peso,Con un contenido de lana inferior al 85 % en peso,6,KILOGRAMO NETO,KN,true
51081000,Cardado,Cardado,6,KILOGRAMO NETO,KN,true
51082000,Peinado,Peinado,6,KILOGRAMO NETO,KN,true
51091000,Con un contenido de lana o pelo fino superior o igual al 85 % en peso,Con un contenido de lana o pelo fino superior o igual al 85 % en peso,6,KILOGRAMO NETO,KN,true
51099000,Los demás,Los demás,6,KILOGRAMO NETO,KN,true
51100000,"Hilados de pelo ordinario o de crin (incluidos los hilados de crin entorchados), aunque estén acondi","Hilados de pelo ordinario o de crin (incluidos los hilados de crin entorchados), aunque estén acondicionados para la venta al por menor.",6,KILOGRAMO NETO,KN,true
51111100,De peso inferior o igual a 300 g/m²,De peso inferior o igual a 300 g/m²,6,KILOGRAMO NETO,KN,true
51111900,Los demás,Los demás,6,KILOGRAMO NETO,KN,true
51112000,"Los demás, mezclados exclusiva o principalmente con filamentos sintéticos o artificiales","Los demás, mezclados exclusiva o principalmente con filamentos sintéticos o artificiales",6,KILOGRAMO NETO,KN,true
51113000,"Los demás, mezclados exclusiva o principalmente con fibras sintéticas o artificiales discontinuas","Los demás, mezclados exclusiva o principalmente con fibras sintéticas o artificiales discontinuas",6,KILOGRAMO NETO,KN,true
51119000,Los demás,Los demás,6,KILOGRAMO NETO,KN,true
51121110,De lana,De lana,6,KILOGRAMO NETO,KN,true
51121120,De pelo fino,De pelo fino,6,KILOGRAMO NETO,KN,true
51121911,De peso superior a 200 g/m2 pero inferior o igual a 300 g/m2,De peso superior a 200 g/m2 pero inferior o igual a 300 g/m2,6,KILOGRAMO NETO,KN,true
51121919,Los demás,Los demás,6,KILOGRAMO NETO,KN,true
51121920,De pelo fino,De pelo fino,6,KILOGRAMO NETO,KN,true
51122010,De lana,De lana,6,KILOGRAMO NETO,KN,true
51122020,De pelo fino,De pelo fino,6,KILOGRAMO NETO,KN,true
51123010,De lana,De lana,6,KILOGRAMO NETO,KN,true
51123020,De pelo fino,De pelo fino,6,KILOGRAMO NETO,KN,true
51129010,De lana,De lana,6,KILOGRAMO NETO,KN,true
51129020,De pelo fino,De pelo fino,6,KILOGRAMO NETO,KN,true
51130000,Tejidos de pelo ordinario o crin.,Tejidos de pelo ordinario o crin.,6,KILOGRAMO NETO,KN,true
52010000,Algodón sin cardar ni peinar.,Algodón sin cardar ni peinar.,6,KILOGRAMO NETO,KN,true
52021000,Desperdicios de hilados,Desperdicios de hilados,6,KILOGRAMO NETO,KN,true
52029100,Hilachas,Hilachas,6,KILOGRAMO NETO,KN,true
52029900,Los demás,Los demás,6,KILOGRAMO NETO,KN,true
52030000,Algodón cardado o peinado.,Algodón cardado o peinado.,6,KILOGRAMO NETO,KN,true
52041100,Con un contenido de algodón superior o igual al 85 % en peso,Con un contenido de algodón superior o igual al 85 % en peso,6,KILOGRAMO NETO,KN,true
52041900,Los demás,Los demás,6,KILOGRAMO NETO,KN,true
52042000,Acondicionado para la venta al por menor,Acondicionado para la venta al por menor,6,KILOGRAMO NETO,KN,true
52051100,"De título superior o igual a 714,29 decitex (inferior o igual al número métrico 14)","De título superior o igual a 714,29 decitex (inferior o igual al número métrico 14)",6,KILOGRAMO NETO,KN,true
52051200,"De título inferior a 714,29 decitex pero superior o igual a 232,56 decitex (superior al número métri","De título inferior a 714,29 decitex pero superior o igual a 232,56 decitex (superior al número métrico 14 pero inferior o igual al número métrico 43)",6,KILOGRAMO NETO,KN,true
52051300,"De título inferior a 232,56 decitex pero superior o igual a 192,31 decitex (superior al número métri","De título inferior a 232,56 decitex pero superior o igual a 192,31 decitex (superior al número métrico 43 pero inferior o igual al número métrico 52)",6,KILOGRAMO NETO,KN,true
52051400,"De título inferior a 192,31 decitex pero superior o igual a 125 decitex (superior al número métrico","De título inferior a 192,31 decitex pero superior o igual a 125 decitex (superior al número métrico 52 pero inferior o igual al número métrico 80)",6,KILOGRAMO NETO,KN,true
52051500,De título inferior a 125 decitex (superior al número métrico 80),De título inferior a 125 decitex (superior al número métrico 80),6,KILOGRAMO NETO,KN,true
52052100,"De título superior o igual a 714,29 decitex (inferior o igual al número métrico 14)","De título superior o igual a 714,29 decitex (inferior o igual al número métrico 14)",6,KILOGRAMO NETO,KN,true
52052200,"De título inferior a 714,29 decitex pero superior o igual a 232,56 decitex (superior al número métr","De título inferior a 714,29 decitex pero superior o igual a 232,56 decitex (superior al número métrico 14 pero inferior o igual al número métrico 43)",6,KILOGRAMO NETO,KN,true
52052300,"De título inferior a 232,56 decitex pero superior o igual a 192,31 decitex (superior al número métr","De título inferior a 232,56 decitex pero superior o igual a 192,31 decitex (superior al número métrico 43 pero inferior o igual al número métrico 52)",6,KILOGRAMO NETO,KN,true
52052400,"De título inferior a 192,31 decitex pero superior o igual a 125 decitex (superior al número métrico","De título inferior a 192,31 decitex pero superior o igual a 125 decitex (superior al número métrico 52 pero inferior o igual al número métrico 80)",6,KILOGRAMO NETO,KN,true
52052600,"De título inferior a 125 decitex pero superior o igual a 106,38 decitex (superior al número métrico","De título inferior a 125 decitex pero superior o igual a 106,38 decitex (superior al número métrico 80 pero inferior o igual al número métrico 94)",6,KILOGRAMO NETO,KN,true
52052700,"De título inferior a 106,38 decitex pero superior o igual a 83,33 decitex (superior al número métri","De título inferior a 106,38 decitex pero superior o igual a 83,33 decitex (superior al número métrico 94 pero inferior o igual al número métrico 120)",6,KILOGRAMO NETO,KN,true
52052800,"De título inferior a 83,33 decitex (superior al número métrico 120)","De título inferior a 83,33 decitex (superior al número métrico 120)",6,KILOGRAMO NETO,KN,true
52053100,"De título superior o igual a 714,29 decitex por hilo sencillo (inferior o igual al número métrico 1","De título superior o igual a 714,29 decitex por hilo sencillo (inferior o igual al número métrico 14 por hilo sencillo)",6,KILOGRAMO NETO,KN,true
52053200,"De título inferior a 714,29 decitex pero superior o igual a 232,56 decitex, por hilo sencillo (super","De título inferior a 714,29 decitex pero superior o igual a 232,56 decitex, por hilo sencillo (superior al número métrico 14 pero inferior o igual al número métrico 43, por hilo sencillo)",6,KILOGRAMO NETO,KN,true
52053300,"De título inferior a 232,56 decitex pero superior o igual a 192,31 decitex, por hilo sencillo (sup","De título inferior a 232,56 decitex pero superior o igual a 192,31 decitex, por hilo sencillo (superior al número métrico 43 pero inferior o igual al número métrico 52, por hilo sencillo)",6,KILOGRAMO NETO,KN,true
52053400,"De título inferior a 192,31 decitex pero superior o igual a 125 decitex, por hilo sencillo (superior","De título inferior a 192,31 decitex pero superior o igual a 125 decitex, por hilo sencillo (superior al número métrico 52 pero inferior o igual al número métrico 80, por hilo sencillo)",6,KILOGRAMO NETO,KN,true
52053500,De título inferior a 125 decitex por hilo sencillo (superior al número métrico 80 por hilo sencillo,De título inferior a 125 decitex por hilo sencillo (superior al número métrico 80 por hilo sencillo),6,KILOGRAMO NETO,KN,true
52054100,"De título superior o igual a 714,29 decitex por hilo sencillo (inferior o igual al número métrico 1","De título superior o igual a 714,29 decitex por hilo sencillo (inferior o igual al número métrico 14 por hilo sencillo)",6,KILOGRAMO NETO,KN,true
52054200,"De título inferior a 714,29 decitex pero superior o igual a 232,56 decitex, por hilo sencillo (super","De título inferior a 714,29 decitex pero superior o igual a 232,56 decitex, por hilo sencillo (superior al número métrico 14 pero inferior o igual al número métrico 43, por hilo sencillo)",6,KILOGRAMO NETO,KN,true
52054300,"De título inferior a 232,56 decitex pero superior o igual a 192,31 decitex, por hilo sencillo (supe","De título inferior a 232,56 decitex pero superior o igual a 192,31 decitex, por hilo sencillo (superior al número métrico 43 pero inferior o igual al número métrico 52, por hilo sencillo)",6,KILOGRAMO NETO,KN,true
52054400,"De título inferior a 192,31 decitex pero superior o igual a 125 decitex, por hilo sencillo (superior","De título inferior a 192,31 decitex pero superior o igual a 125 decitex, por hilo sencillo (superior al número métrico 52 pero inferior o igual al número métrico 80, por hilo sencillo)",6,KILOGRAMO NETO,KN,true
52054600,"De título inferior a 125 decitex pero superior o igual a 106,38 decitex, por hilo sencillo (superior","De título inferior a 125 decitex pero superior o igual a 106,38 decitex, por hilo sencillo (superior al número métrico 80 pero inferior o igual al número métrico 94, por hilo sencillo)",6,KILOGRAMO NETO,KN,true
52054700,"De título inferior a 106,38 decitex pero superior o igual a 83,33 decitex, por hilo sencillo (superi","De título inferior a 106,38 decitex pero superior o igual a 83,33 decitex, por hilo sencillo (superior al número métrico 94 pero inferior o igual al número métrico 120, por hilo sencillo)",6,KILOGRAMO NETO,KN,true
52054800,"De título inferior a 83,33 decitex por hilo sencillo (superior al número métrico 120 por hilo sencil","De título inferior a 83,33 decitex por hilo sencillo (superior al número métrico 120 por hilo sencillo)",6,KILOGRAMO NETO,KN,true
52061100,"De título superior o igual a 714,29 decitex (inferior o igual al número métrico 14)","De título superior o igual a 714,29 decitex (inferior o igual al número métrico 14)",6,KILOGRAMO NETO,KN,true
52061200,"De título inferior a 714,29 decitex pero superior o igual a 232,56 decitex (superior al número métri","De título inferior a 714,29 decitex pero superior o igual a 232,56 decitex (superior al número métrico 14 pero inferior o igual al número métrico 43)",6,KILOGRAMO NETO,KN,true
52061300,"De título inferior a 232,56 decitex pero superior o igual a 192,31 decitex (superior al número métri","De título inferior a 232,56 decitex pero superior o igual a 192,31 decitex (superior al número métrico 43 pero inferior o igual al número métrico 52)",6,KILOGRAMO NETO,KN,true
52061400,"De título inferior a 192,31 decitex pero superior o igual a 125 decitex (superior al número métrico","De título inferior a 192,31 decitex pero superior o igual a 125 decitex (superior al número métrico 52 pero inferior o igual al número métrico 80)",6,KILOGRAMO NETO,KN,true
52061500,De título inferior a 125 decitex (superior al número métrico 80),De título inferior a 125 decitex (superior al número métrico 80),6,KILOGRAMO NETO,KN,true
52062100,"De título superior o igual a 714,29 decitex (inferior o igual al número métrico 14)","De título superior o igual a 714,29 decitex (inferior o igual al número métrico 14)",6,KILOGRAMO NETO,KN,true
52062200,"De título inferior a 714,29 decitex pero superior o igual a 232,56 decitex (superior al número mét","De título inferior a 714,29 decitex pero superior o igual a 232,56 decitex (superior al número métrico 14 pero inferior o igual al número métrico 43)",6,KILOGRAMO NETO,KN,true
52062300,"De título inferior a 232,56 decitex pero superior o igual a 192,31 decitex (superior al número métri","De título inferior a 232,56 decitex pero superior o igual a 192,31 decitex (superior al número métrico 43 pero inferior o igual al número métrico 52)",6,KILOGRAMO NETO,KN,true
52062400,"De título inferior a 192,31 decitex pero superior o igual a 125 decitex (superior al número métrico","De título inferior a 192,31 decitex pero superior o igual a 125 decitex (superior al número métrico 52 pero inferior o igual al número métrico 80)",6,KILOGRAMO NETO,KN,true
52062500,De título inferior a 125 decitex (superior al número métrico 80),De título inferior a 125 decitex (superior al número métrico 80),6,KILOGRAMO NETO,KN,true
52063100,"De título superior o igual a 714,29 decitex por hilo sencillo (inferior o igual al número métrico","De título superior o igual a 714,29 decitex por hilo sencillo (inferior o igual al número métrico 14 por hilo sencillo)",6,KILOGRAMO NETO,KN,true
52063200,"De título inferior a 714,29 decitex pero superior o igual a 232,56 decitex, por hilo sencillo (super","De título inferior a 714,29 decitex pero superior o igual a 232,56 decitex, por hilo sencillo (superior al número métrico 14 pero inferior o igual al número métrico 43, por hilo sencillo)",6,KILOGRAMO NETO,KN,true
52063300,"De título inferior a 232,56 decitex pero superior o igual a 192,31 decitex, por hilo sencillo (super","De título inferior a 232,56 decitex pero superior o igual a 192,31 decitex, por hilo sencillo (superior al número métrico 43 pero inferior o igual al número métrico 52, por hilo sencillo)",6,KILOGRAMO NETO,KN,true
52063400,"De título inferior a 192,31 decitex pero superior o igual a 125 decitex, por hilo sencillo (superio","De título inferior a 192,31 decitex pero superior o igual a 125 decitex, por hilo sencillo (superior al número métrico 52 pero inferior o igual al número métrico 80, por hilo sencillo)",6,KILOGRAMO NETO,KN,true
52063500,De título inferior a 125 decitex por hilo sencillo (superior al número métrico 80 por hilo sencillo,De título inferior a 125 decitex por hilo sencillo (superior al número métrico 80 por hilo sencillo),6,KILOGRAMO NETO,KN,true
52064100,"De título superior o igual a 714,29 decitex por hilo sencillo (inferior o igual al número métrico 1","De título superior o igual a 714,29 decitex por hilo sencillo (inferior o igual al número métrico 14 por hilo sencillo)",6,KILOGRAMO NETO,KN,true
52064200,"De título inferior a 714,29 decitex pero superior o igual a 232,56 decitex, por hilo sencillo (super","De título inferior a 714,29 decitex pero superior o igual a 232,56 decitex, por hilo sencillo (superior al número métrico 14 pero inferior o igual al número métrico 43, por hilo sencillo)",6,KILOGRAMO NETO,KN,true
52064300,"De título inferior a 232,56 decitex pero superior o igual a 192,31 decitex, por hilo sencillo (super","De título inferior a 232,56 decitex pero superior o igual a 192,31 decitex, por hilo sencillo (superior al número métrico 43 pero inferior o igual al número métrico 52, por hilo sencillo)",6,KILOGRAMO NETO,KN,true
52064400,"De título inferior a 192,31 decitex pero superior o igual a 125 decitex, por hilo sencillo (superior","De título inferior a 192,31 decitex pero superior o igual a 125 decitex, por hilo sencillo (superior al número métrico 52 pero inferior o igual al número métrico 80, por hilo sencillo)",6,KILOGRAMO NETO,KN,true
52064500,De título inferior a 125 decitex por hilo sencillo (superior al número métrico 80 por hilo sencillo,De título inferior a 125 decitex por hilo sencillo (superior al número métrico 80 por hilo sencillo),6,KILOGRAMO NETO,KN,true
52071000,Con un contenido de algodón superior o igual al 85 % en peso,Con un contenido de algodón superior o igual al 85 % en peso,6,KILOGRAMO NETO,KN,true
52079000,Los demás,Los demás,6,KILOGRAMO NETO,KN,true
52081100,"De ligamento tafetán, de peso inferior o igual a 100 g/m²","De ligamento tafetán, de peso inferior o igual a 100 g/m²",6,KILOGRAMO NETO,KN,true
52081200,"De ligamento tafetán, de peso superior a 100 g/m²","De ligamento tafetán, de peso superior a 100 g/m²",6,KILOGRAMO NETO,KN,true
52081300,"De ligamento sarga, incluido el cruzado, de curso inferior o igual a 4","De ligamento sarga, incluido el cruzado, de curso inferior o igual a 4",6,KILOGRAMO NETO,KN,true
52081900,Los demás tejidos,Los demás tejidos,6,KILOGRAMO NETO,KN,true
52082100,"De ligamento tafetán, de peso inferior o igual a 100 g/m²","De ligamento tafetán, de peso inferior o igual a 100 g/m²",6,KILOGRAMO NETO,KN,true
52082200,"De ligamento tafetán, de peso superior a 100 g/m²","De ligamento tafetán, de peso superior a 100 g/m²",6,KILOGRAMO NETO,KN,true
52082300,"De ligamento sarga, incluido el cruzado, de curso inferior o igual a 4","De ligamento sarga, incluido el cruzado, de curso inferior o igual a 4",6,KILOGRAMO NETO,KN,true
52082900,Los demás tejidos,Los demás tejidos,6,KILOGRAMO NETO,KN,true
52083100,"De ligamento tafetán, de peso inferior o igual a 100 g/m²","De ligamento tafetán, de peso inferior o igual a 100 g/m²",6,KILOGRAMO NETO,KN,true
52083200,"De ligamento tafetán, de peso superior a 100 g/m²","De ligamento tafetán, de peso superior a 100 g/m²",6,KILOGRAMO NETO,KN,true
52083300,"De ligamento sarga, incluido el cruzado, de curso inferior o igual a 4","De ligamento sarga, incluido el cruzado, de curso inferior o igual a 4",6,KILOGRAMO NETO,KN,true
52083900,Los demás tejidos,Los demás tejidos,6,KILOGRAMO NETO,KN,true
52084100,"De ligamento tafetán, de peso inferior o igual a 100 g/m²","De ligamento tafetán, de peso inferior o igual a 100 g/m²",6,KILOGRAMO NETO,KN,true
52084200,"De ligamento tafetán, de peso superior a 100 g/m²","De ligamento tafetán, de peso superior a 100 g/m²",6,KILOGRAMO NETO,KN,true
52084300,"De ligamento sarga, incluido el cruzado, de curso inferior o igual a 4","De ligamento sarga, incluido el cruzado, de curso inferior o igual a 4",6,KILOGRAMO NETO,KN,true
52084900,Los demás tejidos,Los demás tejidos,6,KILOGRAMO NETO,KN,true
52085100,"De ligamento tafetán, de peso inferior o igual a 100 g/m²","De ligamento tafetán, de peso inferior o igual a 100 g/m²",6,KILOGRAMO NETO,KN,true
52085200,"De ligamento tafetán, de peso superior a 100 g/m²","De ligamento tafetán, de peso superior a 100 g/m²",6,KILOGRAMO NETO,KN,true
52085900,Los demás tejidos,Los demás tejidos,6,KILOGRAMO NETO,KN,true
52091100,De ligamento tafetán,De ligamento tafetán,6,KILOGRAMO NETO,KN,true
52091200,"De ligamento sarga, incluido el cruzado, de curso inferior o igual a 4","De ligamento sarga, incluido el cruzado, de curso inferior o igual a 4",6,KILOGRAMO NETO,KN,true
52091900,Los demás tejidos,Los demás tejidos,6,KILOGRAMO NETO,KN,true
52092100,De ligamento tafetán,De ligamento tafetán,6,KILOGRAMO NETO,KN,true
52092200,"De ligamento sarga, incluido el cruzado, de curso inferior o igual a 4","De ligamento sarga, incluido el cruzado, de curso inferior o igual a 4",6,KILOGRAMO NETO,KN,true
52092900,Los demás tejidos,Los demás tejidos,6,KILOGRAMO NETO,KN,true
52093100,De ligamento tafetán,De ligamento tafetán,6,KILOGRAMO NETO,KN,true
52093200,"De ligamento sarga, incluido el cruzado , de curso inferior o igual a 4","De ligamento sarga, incluido el cruzado , de curso inferior o igual a 4",6,KILOGRAMO NETO,KN,true
52093900,Los demás tejidos,Los demás tejidos,6,KILOGRAMO NETO,KN,true
52094100,De ligamento tafetán,De ligamento tafetán,6,KILOGRAMO NETO,KN,true
52094210,De peso superior a 200 g/m2 pero inferior o igual a 400 g/m2,De peso superior a 200 g/m2 pero inferior o igual a 400 g/m2,6,KILOGRAMO NETO,KN,true
52094290,Los demás,Los demás,6,KILOGRAMO NETO,KN,true
52094300,"Los demás tejidos de ligamento sarga, incluido el cruzado, de curso inferior o igual a 4","Los demás tejidos de ligamento sarga, incluido el cruzado, de curso inferior o igual a 4",6,KILOGRAMO NETO,KN,true
52094900,Los demás tejidos,Los demás tejidos,6,KILOGRAMO NETO,KN,true
52095100,De ligamento tafetán,De ligamento tafetán,6,KILOGRAMO NETO,KN,true
52095200,"De ligamento sarga, incluido el cruzado, de curso inferior o igual a 4","De ligamento sarga, incluido el cruzado, de curso inferior o igual a 4",6,KILOGRAMO NETO,KN,true
52095900,Los demás tejidos,Los demás tejidos,6,KILOGRAMO NETO,KN,true
52101100,De ligamento tafetán,De ligamento tafetán,6,KILOGRAMO NETO,KN,true
52101900,Los demás tejidos,Los demás tejidos,6,KILOGRAMO NETO,KN,true
52102100,De ligamento tafetán,De ligamento tafetán,6,KILOGRAMO NETO,KN,true
52102900,Los demás tejidos,Los demás tejidos,6,KILOGRAMO NETO,KN,true
52103100,De ligamento tafetán,De ligamento tafetán,6,KILOGRAMO NETO,KN,true
52103200,"De ligamento sarga, incluido el cruzado, de curso inferior o igual a 4","De ligamento sarga, incluido el cruzado, de curso inferior o igual a 4",6,KILOGRAMO NETO,KN,true
52103900,Los demás tejidos,Los demás tejidos,6,KILOGRAMO NETO,KN,true
52104100,De ligamento tafetán,De ligamento tafetán,6,KILOGRAMO NETO,KN,true
52104900,Los demás tejidos,Los demás tejidos,6,KILOGRAMO NETO,KN,true
52105100,De ligamento tafetán,De ligamento tafetán,6,KILOGRAMO NETO,KN,true
52105900,Los demás tejidos,Los demás tejidos,6,KILOGRAMO NETO,KN,true
52111100,De ligamento tafetán,De ligamento tafetán,6,KILOGRAMO NETO,KN,true
52111200,"De ligamento sarga, incluido el cruzado, de curso inferior o igual a 4","De ligamento sarga, incluido el cruzado, de curso inferior o igual a 4",6,KILOGRAMO NETO,KN,true
52111900,Los demás tejidos,Los demás tejidos,6,KILOGRAMO NETO,KN,true
52112000,Blanqueados,Blanqueados,6,KILOGRAMO NETO,KN,true
52113100,De ligamento tafetán,De ligamento tafetán,6,KILOGRAMO NETO,KN,true
52113200,"De ligamento sarga, incluido el cruzado, de curso inferior o igual a 4","De ligamento sarga, incluido el cruzado, de curso inferior o igual a 4",6,KILOGRAMO NETO,KN,true
52113900,Los demás tejidos,Los demás tejidos,6,KILOGRAMO NETO,KN,true
52114100,De ligamento tafetán,De ligamento tafetán,6,KILOGRAMO NETO,KN,true
52114200,Tejidos de mezclilla («denim»),Tejidos de mezclilla («denim»),6,KILOGRAMO NETO,KN,true
52114300,"Los demás tejidos de ligamento sarga, incluido el cruzado, de curso inferior o igual a 4","Los demás tejidos de ligamento sarga, incluido el cruzado, de curso inferior o igual a 4",6,KILOGRAMO NETO,KN,true
52114900,Los demás tejidos,Los demás tejidos,6,KILOGRAMO NETO,KN,true
52115100,De ligamento tafetán,De ligamento tafetán,6,KILOGRAMO NETO,KN,true
52115200,"De ligamento sarga, incluido el cruzado, de curso inferior o igual a 4","De ligamento sarga, incluido el cruzado, de curso inferior o igual a 4",6,KILOGRAMO NETO,KN,true
52115900,Los demás tejidos,Los demás tejidos,6,KILOGRAMO NETO,KN,true
52121100,Crudos,Crudos,6,KILOGRAMO NETO,KN,true
52121200,Blanqueados,Blanqueados,6,KILOGRAMO NETO,KN,true
52121300,Teñidos,Teñidos,6,KILOGRAMO NETO,KN,true
52121400,Con hilados de distintos colores,Con hilados de distintos colores,6,KILOGRAMO NETO,KN,true
52121500,Estampados,Estampados,6,KILOGRAMO NETO,KN,true
52122100,Crudos,Crudos,6,KILOGRAMO NETO,KN,true
52122200,Blanqueados,Blanqueados,6,KILOGRAMO NETO,KN,true
52122300,Teñidos,Teñidos,6,KILOGRAMO NETO,KN,true
52122400,Con hilados de distintos colores,Con hilados de distintos colores,6,KILOGRAMO NETO,KN,true
52122500,Estampados,Estampados,6,KILOGRAMO NETO,KN,true
53011000,Lino en bruto o enriado,Lino en bruto o enriado,6,KILOGRAMO NETO,KN,true
53012100,Agramado o espadado,Agramado o espadado,6,KILOGRAMO NETO,KN,true
53012900,Los demás,Los demás,6,KILOGRAMO NETO,KN,true
53013000,Estopas y desperdicios de lino,Estopas y desperdicios de lino,6,KILOGRAMO NETO,KN,true
53021000,Cáñamo en bruto o enriado,Cáñamo en bruto o enriado,6,KILOGRAMO NETO,KN,true
53029000,Los demás,Los demás,6,KILOGRAMO NETO,KN,true
53031000,"Yute y demás fibras textiles del líber, en bruto o enriados","Yute y demás fibras textiles del líber, en bruto o enriados",6,KILOGRAMO NETO,KN,true
53039000,Los demás,Los demás,6,KILOGRAMO NETO,KN,true
53050000,"Coco, abacá (cáñamo de Manila (Musa textilis Nee)), ramio y demás fibras textiles vegetales no expre","Coco, abacá (cáñamo de Manila (Musa textilis Nee)), ramio y demás fibras textiles vegetales no expresadas ni comprendidas en otra parte, en bruto o trabajadas, pero sin hilar; estopas y desperdicios d",6,KILOGRAMO NETO,KN,true
53061000,Sencillos,Sencillos,6,KILOGRAMO NETO,KN,true
53062000,Retorcidos o cableados,Retorcidos o cableados,6,KILOGRAMO NETO,KN,true
53071000,Sencillos,Sencillos,6,KILOGRAMO NETO,KN,true
53072000,Retorcidos o cableados,Retorcidos o cableados,6,KILOGRAMO NETO,KN,true
53081000,Hilados de coco,Hilados de coco,6,KILOGRAMO NETO,KN,true
53082000,Hilados de cáñamo,Hilados de cáñamo,6,KILOGRAMO NETO,KN,true
53089000,Los demás,Los demás,6,KILOGRAMO NETO,KN,true
53091100,Crudos o blanqueados,Crudos o blanqueados,6,KILOGRAMO NETO,KN,true
53091910,"Teñidos, de peso inferior o igual a 200 g/m2","Teñidos, de peso inferior o igual a 200 g/m2",6,KILOGRAMO NETO,KN,true
53091920,"Teñidos, de peso superior a 200 g/m2","Teñidos, de peso superior a 200 g/m2",6,KILOGRAMO NETO,KN,true
53091930,"Con hilados de distintos colores, de peso inferior o igual a 200 g/m2","Con hilados de distintos colores, de peso inferior o igual a 200 g/m2",6,KILOGRAMO NETO,KN,true
53091940,"Con hilados de distintos colores, de peso superior a 200 g/m2","Con hilados de distintos colores, de peso superior a 200 g/m2",6,KILOGRAMO NETO,KN,true
53091950,"Estampados, de peso inferior o igual a 200 g/m2","Estampados, de peso inferior o igual a 200 g/m2",6,KILOGRAMO NETO,KN,true
53091960,"Estampados, de peso superior a 200 g/m2","Estampados, de peso superior a 200 g/m2",6,KILOGRAMO NETO,KN,true
53092100,Crudos o blanqueados,Crudos o blanqueados,6,KILOGRAMO NETO,KN,true
53092910,"Teñidos, de peso inferior o igual a 200 g/m2","Teñidos, de peso inferior o igual a 200 g/m2",6,KILOGRAMO NETO,KN,true
53092920,"Teñidos, de peso superior a 200 g/m2","Teñidos, de peso superior a 200 g/m2",6,KILOGRAMO NETO,KN,true
53092930,"Con hilados de distintos colores, de peso inferior o igual a 200 g/m2","Con hilados de distintos colores, de peso inferior o igual a 200 g/m2",6,KILOGRAMO NETO,KN,true
53092940,"Con hilados de distintos colores, de peso superior a 200 g/m2","Con hilados de distintos colores, de peso superior a 200 g/m2",6,KILOGRAMO NETO,KN,true
53092950,"Estampados, de peso inferior o igual a 200 g/m2","Estampados, de peso inferior o igual a 200 g/m2",6,KILOGRAMO NETO,KN,true
53092960,"Estampados, de peso superior a 200 g/m2","Estampados, de peso superior a 200 g/m2",6,KILOGRAMO NETO,KN,true
53101000,Crudos,Crudos,6,KILOGRAMO NETO,KN,true
53109000,Los demás,Los demás,6,KILOGRAMO NETO,KN,true
53110000,Tejidos de las demás fibras textiles vegetales; tejidos de hilados de papel.,Tejidos de las demás fibras textiles vegetales; tejidos de hilados de papel.,6,KILOGRAMO NETO,KN,true
54011010,De poliamidas,De poliamidas,6,KILOGRAMO NETO,KN,true
54011020,De poliuretanos,De poliuretanos,6,KILOGRAMO NETO,KN,true
54011030,De poliésteres,De poliésteres,6,KILOGRAMO NETO,KN,true
54011090,Los demás,Los demás,6,KILOGRAMO NETO,KN,true
54012000,De filamentos artificiales,De filamentos artificiales,6,KILOGRAMO NETO,KN,true
54021100,De aramidas,De aramidas,6,KILOGRAMO NETO,KN,true
54021900,Los demás,Los demás,6,KILOGRAMO NETO,KN,true
54022000,Hilados de alta tenacidad de poliésteres,Hilados de alta tenacidad de poliésteres,6,KILOGRAMO NETO,KN,true
54023100,"De nailon o demás poliamidas, de título inferior o igual a 50 tex por hilo sencillo","De nailon o demás poliamidas, de título inferior o igual a 50 tex por hilo sencillo",6,KILOGRAMO NETO,KN,true
54023200,"De nailon o demás poliamidas, de título superior a 50 tex por hilo sencillo","De nailon o demás poliamidas, de título superior a 50 tex por hilo sencillo",6,KILOGRAMO NETO,KN,true
54023300,De poliésteres,De poliésteres,6,KILOGRAMO NETO,KN,true
54023400,De polipropileno,De polipropileno,6,KILOGRAMO NETO,KN,true
54023910,De poliuretanos,De poliuretanos,6,KILOGRAMO NETO,KN,true
54023990,Los demás,Los demás,6,KILOGRAMO NETO,KN,true
54024400,De elastómeros,De elastómeros,6,KILOGRAMO NETO,KN,true
54024500,"Los demás, de nailon o demás poliamidas","Los demás, de nailon o demás poliamidas",6,KILOGRAMO NETO,KN,true
54024600,"Los demás, de poliésteres parcialmente orientados","Los demás, de poliésteres parcialmente orientados",6,KILOGRAMO NETO,KN,true
54024700,"Los demás, de poliésteres","Los demás, de poliésteres",6,KILOGRAMO NETO,KN,true
54024800,"Los demás, de polipropileno","Los demás, de polipropileno",6,KILOGRAMO NETO,KN,true
54024920,De poliuretanos,De poliuretanos,6,KILOGRAMO NETO,KN,true
54024990,Los demás,Los demás,6,KILOGRAMO NETO,KN,true
54025100,De nailon o demás poliamidas,De nailon o demás poliamidas,6,KILOGRAMO NETO,KN,true
54025200,De poliésteres,De poliésteres,6,KILOGRAMO NETO,KN,true
54025910,De poliuretanos,De poliuretanos,6,KILOGRAMO NETO,KN,true
54025990,Los demás,Los demás,6,KILOGRAMO NETO,KN,true
54026100,De nailon o demás poliamidas,De nailon o demás poliamidas,6,KILOGRAMO NETO,KN,true
54026200,De poliésteres,De poliésteres,6,KILOGRAMO NETO,KN,true
54026910,De poliuretanos,De poliuretanos,6,KILOGRAMO NETO,KN,true
54026990,Los demás,Los demás,6,KILOGRAMO NETO,KN,true
54031000,Hilados de alta tenacidad de rayón viscosa,Hilados de alta tenacidad de rayón viscosa,6,KILOGRAMO NETO,KN,true
54033100,"De rayón viscosa, sin torsión o con una torsión inferior o igual a 120 vueltas por metro","De rayón viscosa, sin torsión o con una torsión inferior o igual a 120 vueltas por metro",6,KILOGRAMO NETO,KN,true
54033200,"De rayón viscosa, con una torsión superior a 120 vueltas por metro","De rayón viscosa, con una torsión superior a 120 vueltas por metro",6,KILOGRAMO NETO,KN,true
54033300,De acetato de celulosa,De acetato de celulosa,6,KILOGRAMO NETO,KN,true
54033900,Los demás,Los demás,6,KILOGRAMO NETO,KN,true
54034100,De rayón viscosa,De rayón viscosa,6,KILOGRAMO NETO,KN,true
54034200,De acetato de celulosa,De acetato de celulosa,6,KILOGRAMO NETO,KN,true
54034900,Los demás,Los demás,6,KILOGRAMO NETO,KN,true
54041100,De elastómeros,De elastómeros,6,KILOGRAMO NETO,KN,true
54041200,"Los demás, de polipropileno","Los demás, de polipropileno",6,KILOGRAMO NETO,KN,true
54041900,Los demás,Los demás,6,KILOGRAMO NETO,KN,true
54049000,Las demás,Las demás,6,KILOGRAMO NETO,KN,true
54050000,Monofilamentos artificiales de título superior o igual a 67 decitex y cuya mayor dimensión de la sec,Monofilamentos artificiales de título superior o igual a 67 decitex y cuya mayor dimensión de la sección transversal sea inferior o igual a 1 mm; tiras y formas similares (por ejemplo: paja artificial,6,KILOGRAMO NETO,KN,true
54060000,"Hilados de filamentos sintéticos o artificiales (excepto el hilo de coser), acondicionados para la v","Hilados de filamentos sintéticos o artificiales (excepto el hilo de coser), acondicionados para la venta al por menor.",6,KILOGRAMO NETO,KN,true
54071000,Tejidos fabricados con hilados de alta tenacidad de nailon o demás poliamidas o de poliésteres,Tejidos fabricados con hilados de alta tenacidad de nailon o demás poliamidas o de poliésteres,6,KILOGRAMO NETO,KN,true
54072000,Tejidos fabricados con tiras o formas similares,Tejidos fabricados con tiras o formas similares,6,KILOGRAMO NETO,KN,true
54073000,Productos citados en la Nota 9 de la Sección XI,Productos citados en la Nota 9 de la Sección XI,6,KILOGRAMO NETO,KN,true
54074100,Crudos o blanqueados,Crudos o blanqueados,6,KILOGRAMO NETO,KN,true
54074200,Teñidos,Teñidos,6,KILOGRAMO NETO,KN,true
54074300,Con hilados de distintos colores,Con hilados de distintos colores,6,KILOGRAMO NETO,KN,true
54074400,Estampados,Estampados,6,KILOGRAMO NETO,KN,true
54075100,Crudos o blanqueados,Crudos o blanqueados,6,KILOGRAMO NETO,KN,true
54075210,De peso inferior o igual a 200 g/m2,De peso inferior o igual a 200 g/m2,6,KILOGRAMO NETO,KN,true
54075220,De peso superior a 200 g/m2 pero inferior o igual a 300 g/m2,De peso superior a 200 g/m2 pero inferior o igual a 300 g/m2,6,KILOGRAMO NETO,KN,true
54075230,De peso superior a 300 g/m2,De peso superior a 300 g/m2,6,KILOGRAMO NETO,KN,true
54075300,Con hilados de distintos colores,Con hilados de distintos colores,6,KILOGRAMO NETO,KN,true
54075410,De peso inferior o igual a 200 g/m2,De peso inferior o igual a 200 g/m2,6,KILOGRAMO NETO,KN,true
54075420,De peso superior a 200 g/m2 pero inferior o igual a 300 g/m2,De peso superior a 200 g/m2 pero inferior o igual a 300 g/m2,6,KILOGRAMO NETO,KN,true
54075430,De peso superior a 300 g/m2,De peso superior a 300 g/m2,6,KILOGRAMO NETO,KN,true
54076110,Crudos o blanqueados,Crudos o blanqueados,6,KILOGRAMO NETO,KN,true
54076120,Teñidos,Teñidos,6,KILOGRAMO NETO,KN,true
54076130,Con hilados de distintos colores,Con hilados de distintos colores,6,KILOGRAMO NETO,KN,true
54076140,Estampados,Estampados,6,KILOGRAMO NETO,KN,true
54076900,Los demás,Los demás,6,KILOGRAMO NETO,KN,true
54077100,Crudos o blanqueados,Crudos o blanqueados,6,KILOGRAMO NETO,KN,true
54077200,Teñidos,Teñidos,6,KILOGRAMO NETO,KN,true
54077300,Con hilados de distintos colores,Con hilados de distintos colores,6,KILOGRAMO NETO,KN,true
54077400,Estampados,Estampados,6,KILOGRAMO NETO,KN,true
54078100,Crudos o blanqueados,Crudos o blanqueados,6,KILOGRAMO NETO,KN,true
54078200,Teñidos,Teñidos,6,KILOGRAMO NETO,KN,true
54078300,Con hilados de distintos colores,Con hilados de distintos colores,6,KILOGRAMO NETO,KN,true
54078400,Estampados,Estampados,6,KILOGRAMO NETO,KN,true
54079100,Crudos o blanqueados,Crudos o blanqueados,6,KILOGRAMO NETO,KN,true
54079200,Teñidos,Teñidos,6,KILOGRAMO NETO,KN,true
54079300,Con hilados de distintos colores,Con hilados de distintos colores,6,KILOGRAMO NETO,KN,true
54079400,Estampados,Estampados,6,KILOGRAMO NETO,KN,true
54081000,Tejidos fabricados con hilados de alta tenacidad de rayón viscosa,Tejidos fabricados con hilados de alta tenacidad de rayón viscosa,6,KILOGRAMO NETO,KN,true
54082100,Crudos o blanqueados,Crudos o blanqueados,6,KILOGRAMO NETO,KN,true
54082211,De peso inferior o igual a 100 g/m2,De peso inferior o igual a 100 g/m2,6,KILOGRAMO NETO,KN,true
54082212,De peso superior a 100 g/m2 pero inferior o igual a 200 g/m2,De peso superior a 100 g/m2 pero inferior o igual a 200 g/m2,6,KILOGRAMO NETO,KN,true
54082213,De peso superior a 200 g/m2,De peso superior a 200 g/m2,6,KILOGRAMO NETO,KN,true
54082291,De peso inferior o igual a 100 g/m2,De peso inferior o igual a 100 g/m2,6,KILOGRAMO NETO,KN,true
54082292,De peso superior a 100 g/m2 pero inferior o igual a 200 g/m2,De peso superior a 100 g/m2 pero inferior o igual a 200 g/m2,6,KILOGRAMO NETO,KN,true
54082293,De peso superior a 200 g/m2,De peso superior a 200 g/m2,6,KILOGRAMO NETO,KN,true
54082310,De rayón cuproamónico,De rayón cuproamónico,6,KILOGRAMO NETO,KN,true
54082390,Los demás,Los demás,6,KILOGRAMO NETO,KN,true
54082410,De rayón cuproamónico,De rayón cuproamónico,6,KILOGRAMO NETO,KN,true
54082490,Los demás,Los demás,6,KILOGRAMO NETO,KN,true
54083100,Crudos o blanqueados,Crudos o blanqueados,6,KILOGRAMO NETO,KN,true
54083200,Teñidos,Teñidos,6,KILOGRAMO NETO,KN,true
54083300,Con hilados de distintos colores,Con hilados de distintos colores,6,KILOGRAMO NETO,KN,true
54083400,Estampados,Estampados,6,KILOGRAMO NETO,KN,true
55011000,De nailon o demás poliamidas,De nailon o demás poliamidas,6,KILOGRAMO NETO,KN,true
55012000,De poliésteres,De poliésteres,6,KILOGRAMO NETO,KN,true
55013000,Acrílicos o modacrílicos,Acrílicos o modacrílicos,6,KILOGRAMO NETO,KN,true
55014000,De polipropileno,De polipropileno,6,KILOGRAMO NETO,KN,true
55019000,Los demás,Los demás,6,KILOGRAMO NETO,KN,true
55020011,Mechas para fabricar filtros de cigarrillos,Mechas para fabricar filtros de cigarrillos,6,KILOGRAMO NETO,KN,true
55020019,Los demás,Los demás,6,KILOGRAMO NETO,KN,true
55020090,Los demás,Los demás,6,KILOGRAMO NETO,KN,true
55031100,De aramidas,De aramidas,6,KILOGRAMO NETO,KN,true
55031900,Las demás,Las demás,6,KILOGRAMO NETO,KN,true
55032000,De poliésteres,De poliésteres,6,KILOGRAMO NETO,KN,true
55033000,Acrílicas o modacrílicas,Acrílicas o modacrílicas,6,KILOGRAMO NETO,KN,true
55034000,De polipropileno,De polipropileno,6,KILOGRAMO NETO,KN,true
55039000,Las demás,Las demás,6,KILOGRAMO NETO,KN,true
55041000,De rayón viscosa,De rayón viscosa,6,KILOGRAMO NETO,KN,true
55049000,Las demás,Las demás,6,KILOGRAMO NETO,KN,true
55051000,De fibras sintéticas,De fibras sintéticas,6,KILOGRAMO NETO,KN,true
55052000,De fibras artificiales,De fibras artificiales,6,KILOGRAMO NETO,KN,true
55061000,De nailon o demás poliamidas,De nailon o demás poliamidas,6,KILOGRAMO NETO,KN,true
55062000,De poliésteres,De poliésteres,6,KILOGRAMO NETO,KN,true
55063000,Acrílicas o modacrílicas,Acrílicas o modacrílicas,6,KILOGRAMO NETO,KN,true
55069000,Las demás,Las demás,6,KILOGRAMO NETO,KN,true
55070000,"Fibras artificiales discontinuas, cardadas, peinadas o transformadas de otro modo para la hilatura.","Fibras artificiales discontinuas, cardadas, peinadas o transformadas de otro modo para la hilatura.",6,KILOGRAMO NETO,KN,true
55081010,De poliésteres,De poliésteres,6,KILOGRAMO NETO,KN,true
55081020,Acrílicos,Acrílicos,6,KILOGRAMO NETO,KN,true
55081090,Los demás,Los demás,6,KILOGRAMO NETO,KN,true
55082000,De fibras artificiales discontinuas,De fibras artificiales discontinuas,6,KILOGRAMO NETO,KN,true
55091100,Sencillos,Sencillos,6,KILOGRAMO NETO,KN,true
55091200,Retorcidos o cableados,Retorcidos o cableados,6,KILOGRAMO NETO,KN,true
55092100,Sencillos,Sencillos,6,KILOGRAMO NETO,KN,true
55092200,Retorcidos o cableados,Retorcidos o cableados,6,KILOGRAMO NETO,KN,true
55093100,Sencillos,Sencillos,6,KILOGRAMO NETO,KN,true
55093200,Retorcidos o cableados,Retorcidos o cableados,6,KILOGRAMO NETO,KN,true
55094100,Sencillos,Sencillos,6,KILOGRAMO NETO,KN,true
55094200,Retorcidos o cableados,Retorcidos o cableados,6,KILOGRAMO NETO,KN,true
55095100,Mezclados exclusiva o principalmente con fibras artificiales discontinuas,Mezclados exclusiva o principalmente con fibras artificiales discontinuas,6,KILOGRAMO NETO,KN,true
55095200,Mezclados exclusiva o principalmente con lana o pelo fino,Mezclados exclusiva o principalmente con lana o pelo fino,6,KILOGRAMO NETO,KN,true
55095310,"De título superior o igual a 416,67 decitex (inferior o igual al número métrico 24)","De título superior o igual a 416,67 decitex (inferior o igual al número métrico 24)",6,KILOGRAMO NETO,KN,true
55095320,"De título inferior a 416,67 decitex pero superior o igual a 333,33 decitex (superior al número métri","De título inferior a 416,67 decitex pero superior o igual a 333,33 decitex (superior al número métrico 24 pero inferior o igual al número métrico 30)",6,KILOGRAMO NETO,KN,true
55095330,"De título inferior a 333,33 decitex (superior al número métrico 30)","De título inferior a 333,33 decitex (superior al número métrico 30)",6,KILOGRAMO NETO,KN,true
55095900,Los demás,Los demás,6,KILOGRAMO NETO,KN,true
55096100,Mezclados exclusiva o principalmente con lana o pelo fino,Mezclados exclusiva o principalmente con lana o pelo fino,6,KILOGRAMO NETO,KN,true
55096200,Mezclados exclusiva o principalmente con algodón,Mezclados exclusiva o principalmente con algodón,6,KILOGRAMO NETO,KN,true
55096910,Sencillos,Sencillos,6,KILOGRAMO NETO,KN,true
55096920,Retorcidos o cableados,Retorcidos o cableados,6,KILOGRAMO NETO,KN,true
55099100,Mezclados exclusiva o principalmente con lana o pelo fino,Mezclados exclusiva o principalmente con lana o pelo fino,6,KILOGRAMO NETO,KN,true
55099200,Mezclados exclusiva o principalmente con algodón,Mezclados exclusiva o principalmente con algodón,6,KILOGRAMO NETO,KN,true
55099900,Los demás,Los demás,6,KILOGRAMO NETO,KN,true
55101100,Sencillos,Sencillos,6,KILOGRAMO NETO,KN,true
55101200,Retorcidos o cableados,Retorcidos o cableados,6,KILOGRAMO NETO,KN,true
55102000,Los demás hilados mezclados exclusiva o principalmente con lana o pelo fino,Los demás hilados mezclados exclusiva o principalmente con lana o pelo fino,6,KILOGRAMO NETO,KN,true
55103000,Los demás hilados mezclados exclusiva o principalmente con algodón,Los demás hilados mezclados exclusiva o principalmente con algodón,6,KILOGRAMO NETO,KN,true
55109000,Los demás hilados,Los demás hilados,6,KILOGRAMO NETO,KN,true
55111010,De poliéster,De poliéster,6,KILOGRAMO NETO,KN,true
55111020,De fibras acrílicas,De fibras acrílicas,6,KILOGRAMO NETO,KN,true
55111090,Los demás,Los demás,6,KILOGRAMO NETO,KN,true
55112010,De poliéster,De poliéster,6,KILOGRAMO NETO,KN,true
55112020,De fibras acrílicas,De fibras acrílicas,6,KILOGRAMO NETO,KN,true
55112090,Los demás,Los demás,6,KILOGRAMO NETO,KN,true
55113000,De fibras artificiales discontinuas,De fibras artificiales discontinuas,6,KILOGRAMO NETO,KN,true
55121100,Crudos o blanqueados,Crudos o blanqueados,6,KILOGRAMO NETO,KN,true
55121910,Teñidos,Teñidos,6,KILOGRAMO NETO,KN,true
55121920,Con hilados de distintos colores,Con hilados de distintos colores,6,KILOGRAMO NETO,KN,true
55121930,Estampados,Estampados,6,KILOGRAMO NETO,KN,true
55122100,Crudos o blanqueados,Crudos o blanqueados,6,KILOGRAMO NETO,KN,true
55122900,Los demás,Los demás,6,KILOGRAMO NETO,KN,true
55129100,Crudos o blanqueados,Crudos o blanqueados,6,KILOGRAMO NETO,KN,true
55129900,Los demás,Los demás,6,KILOGRAMO NETO,KN,true
55131100,"De fibras discontinuas de poliéster, de ligamento tafetán","De fibras discontinuas de poliéster, de ligamento tafetán",6,KILOGRAMO NETO,KN,true
55131200,"De fibras discontinuas de poliéster, de ligamento sarga, incluido el cruzado, de curso inferior o i","De fibras discontinuas de poliéster, de ligamento sarga, incluido el cruzado, de curso inferior o igual a 4",6,KILOGRAMO NETO,KN,true
55131300,Los demás tejidos de fibras discontinuas de poliéster,Los demás tejidos de fibras discontinuas de poliéster,6,KILOGRAMO NETO,KN,true
55131900,Los demás tejidos,Los demás tejidos,6,KILOGRAMO NETO,KN,true
55132100,"De fibras discontinuas de poliéster, de ligamento tafetán","De fibras discontinuas de poliéster, de ligamento tafetán",6,KILOGRAMO NETO,KN,true
55132300,Los demás tejidos de fibras discontinuas de poliéster,Los demás tejidos de fibras discontinuas de poliéster,6,KILOGRAMO NETO,KN,true
55132900,Los demás tejidos,Los demás tejidos,6,KILOGRAMO NETO,KN,true
55133100,"De fibras discontinuas de poliéster, de ligamento tafetán","De fibras discontinuas de poliéster, de ligamento tafetán",6,KILOGRAMO NETO,KN,true
55133900,Los demás tejidos,Los demás tejidos,6,KILOGRAMO NETO,KN,true
55134100,"De fibras discontinuas de poliéster, de ligamento tafetán","De fibras discontinuas de poliéster, de ligamento tafetán",6,KILOGRAMO NETO,KN,true
55134900,Los demás tejidos,Los demás tejidos,6,KILOGRAMO NETO,KN,true
55141100,"De fibras discontinuas de poliéster, de ligamento tafetán","De fibras discontinuas de poliéster, de ligamento tafetán",6,KILOGRAMO NETO,KN,true
55141200,"De fibras discontinuas de poliéster, de ligamento sarga, incluido el cruzado, de curso inferior o","De fibras discontinuas de poliéster, de ligamento sarga, incluido el cruzado, de curso inferior o igual a 4",6,KILOGRAMO NETO,KN,true
55141900,Los demás tejidos,Los demás tejidos,6,KILOGRAMO NETO,KN,true
55142100,"De fibras discontinuas de poliéster, de ligamento tafetán","De fibras discontinuas de poliéster, de ligamento tafetán",6,KILOGRAMO NETO,KN,true
55142200,"De fibras discontinuas de poliéster, de ligamento sarga, incluido el cruzado, de curso inferior o i","De fibras discontinuas de poliéster, de ligamento sarga, incluido el cruzado, de curso inferior o igual a 4",6,KILOGRAMO NETO,KN,true
55142300,Los demás tejidos de fibras discontinuas de poliéster,Los demás tejidos de fibras discontinuas de poliéster,6,KILOGRAMO NETO,KN,true
55142900,Los demás tejidos,Los demás tejidos,6,KILOGRAMO NETO,KN,true
55143000,Con hilados de distintos colores,Con hilados de distintos colores,6,KILOGRAMO NETO,KN,true
55144100,"De fibras discontinuas de poliéster, de ligamento tafetán","De fibras discontinuas de poliéster, de ligamento tafetán",6,KILOGRAMO NETO,KN,true
55144200,"De fibras discontinuas de poliéster, de ligamento sarga, incluido el cruzado, de curso inferior o i","De fibras discontinuas de poliéster, de ligamento sarga, incluido el cruzado, de curso inferior o igual a 4",6,KILOGRAMO NETO,KN,true
55144300,Los demás tejidos de fibras discontinuas de poliéster,Los demás tejidos de fibras discontinuas de poliéster,6,KILOGRAMO NETO,KN,true
55144900,Los demás tejidos,Los demás tejidos,6,KILOGRAMO NETO,KN,true
55151110,Crudos o blanqueados,Crudos o blanqueados,6,KILOGRAMO NETO,KN,true
55151120,Teñidos,Teñidos,6,KILOGRAMO NETO,KN,true
55151130,Con hilados de distintos colores,Con hilados de distintos colores,6,KILOGRAMO NETO,KN,true
55151140,Estampados,Estampados,6,KILOGRAMO NETO,KN,true
55151200,Mezcladas exclusiva o principalmente con filamentos sintéticos,Mezcladas exclusiva o principalmente con filamentos sintéticos,6,KILOGRAMO NETO,KN,true
55151310,De peso inferior o igual a 200 g/m2,De peso inferior o igual a 200 g/m2,6,KILOGRAMO NETO,KN,true
55151320,De peso superior a 200 g/m2 pero inferior o igual a 300 g/m2,De peso superior a 200 g/m2 pero inferior o igual a 300 g/m2,6,KILOGRAMO NETO,KN,true
55151330,De peso superior a 300 g/m2,De peso superior a 300 g/m2,6,KILOGRAMO NETO,KN,true
55151900,Los demás,Los demás,6,KILOGRAMO NETO,KN,true
55152100,Mezcladas exclusiva o principalmente con filamentos sintéticos o artificiales,Mezcladas exclusiva o principalmente con filamentos sintéticos o artificiales,6,KILOGRAMO NETO,KN,true
55152200,Mezcladas exclusiva o principalmente con lana o pelo fino,Mezcladas exclusiva o principalmente con lana o pelo fino,6,KILOGRAMO NETO,KN,true
55152900,Los demás,Los demás,6,KILOGRAMO NETO,KN,true
55159100,Mezclados exclusiva o principalmente con filamentos sintéticos o artificiales,Mezclados exclusiva o principalmente con filamentos sintéticos o artificiales,6,KILOGRAMO NETO,KN,true
55159900,Los demás,Los demás,6,KILOGRAMO NETO,KN,true
55161100,Crudos o blanqueados,Crudos o blanqueados,6,KILOGRAMO NETO,KN,true
55161200,Teñidos,Teñidos,6,KILOGRAMO NETO,KN,true
55161300,Con hilados de distintos colores,Con hilados de distintos colores,6,KILOGRAMO NETO,KN,true
55161400,Estampados,Estampados,6,KILOGRAMO NETO,KN,true
55162100,Crudos o blanqueados,Crudos o blanqueados,6,KILOGRAMO NETO,KN,true
55162200,Teñidos,Teñidos,6,KILOGRAMO NETO,KN,true
55162300,Con hilados de distintos colores,Con hilados de distintos colores,6,KILOGRAMO NETO,KN,true
55162400,Estampados,Estampados,6,KILOGRAMO NETO,KN,true
55163100,Crudos o blanqueados,Crudos o blanqueados,6,KILOGRAMO NETO,KN,true
55163200,Teñidos,Teñidos,6,KILOGRAMO NETO,KN,true
55163300,Con hilados de distintos colores,Con hilados de distintos colores,6,KILOGRAMO NETO,KN,true
55163400,Estampados,Estampados,6,KILOGRAMO NETO,KN,true
55164100,Crudos o blanqueados,Crudos o blanqueados,6,KILOGRAMO NETO,KN,true
55164200,Teñidos,Teñidos,6,KILOGRAMO NETO,KN,true
55164300,Con hilados de distintos colores,Con hilados de distintos colores,6,KILOGRAMO NETO,KN,true
55164400,Estampados,Estampados,6,KILOGRAMO NETO,KN,true
55169100,Crudos o blanqueados,Crudos o blanqueados,6,KILOGRAMO NETO,KN,true
55169200,Teñidos,Teñidos,6,KILOGRAMO NETO,KN,true
55169300,Con hilados de distintos colores,Con hilados de distintos colores,6,KILOGRAMO NETO,KN,true
55169400,Estampados,Estampados,6,KILOGRAMO NETO,KN,true
56011000,"Compresas y tampones higiénicos, pañales para bebés y artículos higiénicos similares, de guata","Compresas y tampones higiénicos, pañales para bebés y artículos higiénicos similares, de guata",6,KILOGRAMO NETO,KN,true
56012100,De algodón,De algodón,6,KILOGRAMO NETO,KN,true
56012200,De fibras sintéticas o artificiales,De fibras sintéticas o artificiales,6,KILOGRAMO NETO,KN,true
56012900,Los demás,Los demás,6,KILOGRAMO NETO,KN,true
56013000,"Tundizno, nudos y motas de materia textil","Tundizno, nudos y motas de materia textil",6,KILOGRAMO NETO,KN,true
56021000,Fieltro punzonado y productos obtenidos mediante costura por cadeneta,Fieltro punzonado y productos obtenidos mediante costura por cadeneta,6,KILOGRAMO NETO,KN,true
56022100,De lana o pelo fino,De lana o pelo fino,6,KILOGRAMO NETO,KN,true
56022900,De las demás materias textiles,De las demás materias textiles,6,KILOGRAMO NETO,KN,true
56029000,Los demás,Los demás,6,KILOGRAMO NETO,KN,true
56031110,Impregnadas,Impregnadas,6,KILOGRAMO NETO,KN,true
56031190,Las demás,Las demás,6,KILOGRAMO NETO,KN,true
56031210,Impregnadas,Impregnadas,6,KILOGRAMO NETO,KN,true
56031290,Las demás,Las demás,6,KILOGRAMO NETO,KN,true
56031310,Impregnadas,Impregnadas,6,KILOGRAMO NETO,KN,true
56031390,Las demás,Las demás,6,KILOGRAMO NETO,KN,true
56031410,Impregnadas,Impregnadas,6,KILOGRAMO NETO,KN,true
56031490,Las demás,Las demás,6,KILOGRAMO NETO,KN,true
56039110,Impregnadas,Impregnadas,6,KILOGRAMO NETO,KN,true
56039190,Las demás,Las demás,6,KILOGRAMO NETO,KN,true
56039210,Impregnadas,Impregnadas,6,KILOGRAMO NETO,KN,true
56039290,Las demás,Las demás,6,KILOGRAMO NETO,KN,true
56039310,Impregnadas,Impregnadas,6,KILOGRAMO NETO,KN,true
56039390,Las demás,Las demás,6,KILOGRAMO NETO,KN,true
56039410,Impregnadas,Impregnadas,6,KILOGRAMO NETO,KN,true
56039490,Las demás,Las demás,6,KILOGRAMO NETO,KN,true
56041000,Hilos y cuerdas de caucho revestidos de textiles,Hilos y cuerdas de caucho revestidos de textiles,6,KILOGRAMO NETO,KN,true
56049000,Los demás,Los demás,6,KILOGRAMO NETO,KN,true
56050000,"Hilados metálicos e hilados metalizados, incluso entorchados,constituidos por hilados textiles, tira","Hilados metálicos e hilados metalizados, incluso entorchados,constituidos por hilados textiles, tiras o formas similares de las partidas 54.04 ó 54.05, combinados con metal en forma de hilos, tiras o",6,KILOGRAMO NETO,KN,true
56060010,"Hilados entorchados, tiras y formas similares de las partidas 54.04 ó 54.05, entorchados (excepto lo","Hilados entorchados, tiras y formas similares de las partidas 54.04 ó 54.05, entorchados (excepto los de la partida 56.05 y los hilados de crin entorchadas)",6,KILOGRAMO NETO,KN,true
56060090,Los demás,Los demás,6,KILOGRAMO NETO,KN,true
56072100,Cordeles para atar o engavillar,Cordeles para atar o engavillar,6,KILOGRAMO NETO,KN,true
56072900,Los demás,Los demás,6,KILOGRAMO NETO,KN,true
56074100,Cordeles para atar o engavillar,Cordeles para atar o engavillar,6,KILOGRAMO NETO,KN,true
56074900,Los demás,Los demás,6,KILOGRAMO NETO,KN,true
56075010,Sin trenzar,Sin trenzar,6,KILOGRAMO NETO,KN,true
56075090,Los demás,Los demás,6,KILOGRAMO NETO,KN,true
56079000,Los demás,Los demás,6,KILOGRAMO NETO,KN,true
56081110,De materia textil sintética,De materia textil sintética,6,KILOGRAMO NETO,KN,true
56081120,De materia textil artificial,De materia textil artificial,6,KILOGRAMO NETO,KN,true
56081911,De nailon,De nailon,6,KILOGRAMO NETO,KN,true
56081912,De polietileno,De polietileno,6,KILOGRAMO NETO,KN,true
56081919,Las demás,Las demás,6,KILOGRAMO NETO,KN,true
56081920,De materia textil artificial,De materia textil artificial,6,KILOGRAMO NETO,KN,true
56089000,Las demás,Las demás,6,KILOGRAMO NETO,KN,true
56090000,"Artículos de hilados, tiras o formas similares de las partidas 54.04 ó 54.05, cordeles, cuerdas o co","Artículos de hilados, tiras o formas similares de las partidas 54.04 ó 54.05, cordeles, cuerdas o cordajes, no expresados ni comprendidos en otra parte.",6,KILOGRAMO NETO,KN,true
57011000,De lana o pelo fino,De lana o pelo fino,15,METRO CUADRADO,MT2,true
57019000,De las demás materias textiles,De las demás materias textiles,15,METRO CUADRADO,MT2,true
57021000,"Alfombras llamadas «Kelim» o «Kilim», «Schumacks» o «Soumak», «Karamanie» y alfombras similares tej","Alfombras llamadas «Kelim» o «Kilim», «Schumacks» o «Soumak», «Karamanie» y alfombras similares tejidas a mano",15,METRO CUADRADO,MT2,true
57022000,Revestimientos para el suelo de fibras de coco,Revestimientos para el suelo de fibras de coco,15,METRO CUADRADO,MT2,true
57023100,De lana o pelo fino,De lana o pelo fino,15,METRO CUADRADO,MT2,true
57023200,De materia textil sintética o artificial,De materia textil sintética o artificial,15,METRO CUADRADO,MT2,true
57023900,De las demás materias textiles,De las demás materias textiles,15,METRO CUADRADO,MT2,true
57024100,De lana o pelo fino,De lana o pelo fino,15,METRO CUADRADO,MT2,true
57024210,De polipropileno,De polipropileno,15,METRO CUADRADO,MT2,true
57024220,De poliamida,De poliamida,15,METRO CUADRADO,MT2,true
57024290,Los demás,Los demás,15,METRO CUADRADO,MT2,true
57024900,De las demás materias textiles,De las demás materias textiles,15,METRO CUADRADO,MT2,true
57025000,"Los demás, sin aterciopelar ni confeccionar","Los demás, sin aterciopelar ni confeccionar",6,KILOGRAMO NETO,KN,true
57029100,De lana o pelo fino,De lana o pelo fino,15,METRO CUADRADO,MT2,true
57029200,De materia textil sintética o artificial,De materia textil sintética o artificial,15,METRO CUADRADO,MT2,true
57029900,De las demás materias textiles,De las demás materias textiles,15,METRO CUADRADO,MT2,true
57031000,De lana o pelo fino,De lana o pelo fino,15,METRO CUADRADO,MT2,true
57032000,De nailon o demás poliamidas,De nailon o demás poliamidas,15,METRO CUADRADO,MT2,true
57033011,De polipropileno,De polipropileno,15,METRO CUADRADO,MT2,true
57033012,De otras fibras olefínicas,De otras fibras olefínicas,15,METRO CUADRADO,MT2,true
57033019,Las demás,Las demás,15,METRO CUADRADO,MT2,true
57033021,De polipropileno,De polipropileno,15,METRO CUADRADO,MT2,true
57033022,De otras fibras olefínicas,De otras fibras olefínicas,15,METRO CUADRADO,MT2,true
57033029,Las demás,Las demás,15,METRO CUADRADO,MT2,true
57039000,De las demás materias textiles,De las demás materias textiles,15,METRO CUADRADO,MT2,true
57041000,"De superficie inferior o igual a 0,3 m²","De superficie inferior o igual a 0,3 m²",15,METRO CUADRADO,MT2,true
57049000,Los demás,Los demás,15,METRO CUADRADO,MT2,true
57050000,"Las demás alfombras y revestimientos para el suelo, de materia textil, incluso confeccionados.","Las demás alfombras y revestimientos para el suelo, de materia textil, incluso confeccionados.",15,METRO CUADRADO,MT2,true
58011000,De lana o pelo fino,De lana o pelo fino,6,KILOGRAMO NETO,KN,true
58012100,"Terciopelo y felpa por trama, sin cortar","Terciopelo y felpa por trama, sin cortar",6,KILOGRAMO NETO,KN,true
58012200,"Terciopelo y felpa por trama, cortados, rayados (pana rayada, «corduroy»)","Terciopelo y felpa por trama, cortados, rayados (pana rayada, «corduroy»)",6,KILOGRAMO NETO,KN,true
58012300,Los demás terciopelos y felpas por trama,Los demás terciopelos y felpas por trama,6,KILOGRAMO NETO,KN,true
58012400,"Terciopelo y felpa por urdimbre, sin cortar (rizados)","Terciopelo y felpa por urdimbre, sin cortar (rizados)",6,KILOGRAMO NETO,KN,true
58012500,"Terciopelo y felpa por urdimbre, cortados","Terciopelo y felpa por urdimbre, cortados",6,KILOGRAMO NETO,KN,true
58012600,Tejidos de chenilla,Tejidos de chenilla,6,KILOGRAMO NETO,KN,true
58013100,"Terciopelo y felpa por trama, sin cortar","Terciopelo y felpa por trama, sin cortar",6,KILOGRAMO NETO,KN,true
58013200,"Terciopelo y felpa por trama, cortados, rayados (pana rayada, «corduroy»)","Terciopelo y felpa por trama, cortados, rayados (pana rayada, «corduroy»)",6,KILOGRAMO NETO,KN,true
58013300,Los demás terciopelos y felpas por trama,Los demás terciopelos y felpas por trama,6,KILOGRAMO NETO,KN,true
58013400,"Terciopelo y felpa por urdimbre, sin cortar (rizados)","Terciopelo y felpa por urdimbre, sin cortar (rizados)",6,KILOGRAMO NETO,KN,true
58013500,"Terciopelo y felpa por urdimbre, cortados","Terciopelo y felpa por urdimbre, cortados",6,KILOGRAMO NETO,KN,true
58013600,Tejidos de chenilla,Tejidos de chenilla,6,KILOGRAMO NETO,KN,true
58019000,De las demás materias textiles,De las demás materias textiles,6,KILOGRAMO NETO,KN,true
58021100,Crudos,Crudos,6,KILOGRAMO NETO,KN,true
58021900,Los demás,Los demás,6,KILOGRAMO NETO,KN,true
58022000,"Tejidos con bucles del tipo toalla, de las demás materias textiles","Tejidos con bucles del tipo toalla, de las demás materias textiles",6,KILOGRAMO NETO,KN,true
58023000,Superficies textiles con mechón insertado,Superficies textiles con mechón insertado,6,KILOGRAMO NETO,KN,true
58030000,"Tejidos de gasa de vuelta, excepto los productos de la partida 58.06.","Tejidos de gasa de vuelta, excepto los productos de la partida 58.06.",6,KILOGRAMO NETO,KN,true
58041000,"Tul, tul-bobinot y tejidos de mallas anudadas","Tul, tul-bobinot y tejidos de mallas anudadas",6,KILOGRAMO NETO,KN,true
58042100,De fibras sintéticas o artificiales,De fibras sintéticas o artificiales,6,KILOGRAMO NETO,KN,true
58042900,De las demás materias textiles,De las demás materias textiles,6,KILOGRAMO NETO,KN,true
58043000,Encajes hechos a mano,Encajes hechos a mano,6,KILOGRAMO NETO,KN,true
58050000,"Tapicería tejida a mano (gobelinos, Flandes, Aubusson, Beauvais y similares) y tapicería de aguja (p","Tapicería tejida a mano (gobelinos, Flandes, Aubusson, Beauvais y similares) y tapicería de aguja (por ejemplo: de «petit point», de punto de cruz), incluso confeccionadas.",6,KILOGRAMO NETO,KN,true
58061000,"Cintas de terciopelo, de felpa, de tejidos de chenilla o de tejidos con bucles del tipo toalla","Cintas de terciopelo, de felpa, de tejidos de chenilla o de tejidos con bucles del tipo toalla",6,KILOGRAMO NETO,KN,true
58062000,"Las demás cintas, con un contenido de hilos de elastómeros o de hilos de caucho superior o igual a","Las demás cintas, con un contenido de hilos de elastómeros o de hilos de caucho superior o igual al 5 % en peso",6,KILOGRAMO NETO,KN,true
58063100,De algodón,De algodón,6,KILOGRAMO NETO,KN,true
58063200,De fibras sintéticas o artificiales,De fibras sintéticas o artificiales,6,KILOGRAMO NETO,KN,true
58063900,De las demás materias textiles,De las demás materias textiles,6,KILOGRAMO NETO,KN,true
58064000,"Cintas sin trama, de hilados o fibras paralelizados y aglutinados","Cintas sin trama, de hilados o fibras paralelizados y aglutinados",6,KILOGRAMO NETO,KN,true
58071010,Etiquetas,Etiquetas,6,KILOGRAMO NETO,KN,true
58071020,Escudos y artículos similares,Escudos y artículos similares,6,KILOGRAMO NETO,KN,true
58079000,Los demás,Los demás,6,KILOGRAMO NETO,KN,true
58081000,Trenzas en pieza,Trenzas en pieza,6,KILOGRAMO NETO,KN,true
58089000,Los demás,Los demás,6,KILOGRAMO NETO,KN,true
58090000,Tejidos de hilos de metal y tejidos de hilados metálicos o de hilados textiles metalizados de la par,"Tejidos de hilos de metal y tejidos de hilados metálicos o de hilados textiles metalizados de la partida 56.05, de los tipos utilizados en prendas de vestir, tapicería o usos similares, no expresados",6,KILOGRAMO NETO,KN,true
58101000,Bordados químicos o aéreos y bordados con fondo recortado,Bordados químicos o aéreos y bordados con fondo recortado,6,KILOGRAMO NETO,KN,true
58109100,De algodón,De algodón,6,KILOGRAMO NETO,KN,true
58109200,De fibras sintéticas o artificiales,De fibras sintéticas o artificiales,6,KILOGRAMO NETO,KN,true
58109900,De las demás materias textiles,De las demás materias textiles,6,KILOGRAMO NETO,KN,true
58110000,"Productos textiles acolchados en pieza, constituidos por una o varias capas de materia textil combin","Productos textiles acolchados en pieza, constituidos por una o varias capas de materia textil combinadas con una materia de relleno y mantenidas mediante puntadas u otro modo de sujeción, excepto los",6,KILOGRAMO NETO,KN,true
59011000,"Telas recubiertas de cola o materias amiláceas, de los tipos utilizados para encuadernación, carton","Telas recubiertas de cola o materias amiláceas, de los tipos utilizados para encuadernación, cartonaje, estuchería o usos similares",6,KILOGRAMO NETO,KN,true
59019000,Los demás,Los demás,6,KILOGRAMO NETO,KN,true
59021000,De nailon o demás poliamidas,De nailon o demás poliamidas,6,KILOGRAMO NETO,KN,true
59022000,De poliésteres,De poliésteres,6,KILOGRAMO NETO,KN,true
59029000,Las demás,Las demás,6,KILOGRAMO NETO,KN,true
59031011,De fibras artificiales o sintéticas,De fibras artificiales o sintéticas,6,KILOGRAMO NETO,KN,true
59031019,Las demás,Las demás,6,KILOGRAMO NETO,KN,true
59031091,De fibras artificiales o sintéticas,De fibras artificiales o sintéticas,6,KILOGRAMO NETO,KN,true
59031092,De algodón,De algodón,6,KILOGRAMO NETO,KN,true
59031099,Las demás,Las demás,6,KILOGRAMO NETO,KN,true
59032011,De fibras artificiales o sintéticas,De fibras artificiales o sintéticas,6,KILOGRAMO NETO,KN,true
59032019,Las demás,Las demás,6,KILOGRAMO NETO,KN,true
59032091,De fibras artificiales o sintéticas,De fibras artificiales o sintéticas,6,KILOGRAMO NETO,KN,true
59032099,Las demás,Las demás,6,KILOGRAMO NETO,KN,true
59039011,De fibras artificiales o sintéticas,De fibras artificiales o sintéticas,6,KILOGRAMO NETO,KN,true
59039019,Las demás,Las demás,6,KILOGRAMO NETO,KN,true
59039091,De fibras artificiales o sintéticas,De fibras artificiales o sintéticas,6,KILOGRAMO NETO,KN,true
59039099,Las demás,Las demás,6,KILOGRAMO NETO,KN,true
59041000,Linóleo,Linóleo,15,METRO CUADRADO,MT2,true
59049000,Los demás,Los demás,15,METRO CUADRADO,MT2,true
59050000,Revestimientos de materia textil para paredes.,Revestimientos de materia textil para paredes.,15,METRO CUADRADO,MT2,true
59061000,Cintas adhesivas de anchura inferior o igual a 20 cm,Cintas adhesivas de anchura inferior o igual a 20 cm,6,KILOGRAMO NETO,KN,true
59069100,De punto,De punto,6,KILOGRAMO NETO,KN,true
59069910,De fibras artificiales o sintéticas,De fibras artificiales o sintéticas,6,KILOGRAMO NETO,KN,true
59069920,De algodón,De algodón,6,KILOGRAMO NETO,KN,true
59069990,Las demás,Las demás,6,KILOGRAMO NETO,KN,true
59070011,De fibras artificiales o sintéticas,De fibras artificiales o sintéticas,6,KILOGRAMO NETO,KN,true
59070019,Las demás,Las demás,6,KILOGRAMO NETO,KN,true
59070091,De fibras artificiales o sintéticas,De fibras artificiales o sintéticas,6,KILOGRAMO NETO,KN,true
59070099,Las demás,Las demás,6,KILOGRAMO NETO,KN,true
59080000,"Mechas de materia textil tejida, trenzada o de punto, para lámparas,hornillos, mecheros, velas o sim","Mechas de materia textil tejida, trenzada o de punto, para lámparas,hornillos, mecheros, velas o similares; manguitos de incandescencia y tejidos de punto tubulares utilizados para su fabricación, in",6,KILOGRAMO NETO,KN,true
59090000,"Mangueras para bombas y tubos similares, de materia textil, incluso con armadura o accesorios de otr","Mangueras para bombas y tubos similares, de materia textil, incluso con armadura o accesorios de otras materias.",6,KILOGRAMO NETO,KN,true
59100010,Transportadoras,Transportadoras,6,KILOGRAMO NETO,KN,true
59100020,De transmisión,De transmisión,6,KILOGRAMO NETO,KN,true
59111000,"Telas, fieltro y tejidos forrados de fieltro, combinados con una o varias capas de caucho, cuero u o","Telas, fieltro y tejidos forrados de fieltro, combinados con una o varias capas de caucho, cuero u otra materia, de los tipos utilizados para la fabricación de guarniciones de cardas y productos anál",6,KILOGRAMO NETO,KN,true
59112000,"Gasas y telas para cerner, incluso confeccionadas","Gasas y telas para cerner, incluso confeccionadas",6,KILOGRAMO NETO,KN,true
59113100,De peso inferior a 650 g/m²,De peso inferior a 650 g/m²,6,KILOGRAMO NETO,KN,true
59113200,De peso superior o igual a 650 g/m²,De peso superior o igual a 650 g/m²,6,KILOGRAMO NETO,KN,true
59114000,Capachos y telas gruesas de los tipos utilizados en las prensas de aceite o para usos técnicos análo,"Capachos y telas gruesas de los tipos utilizados en las prensas de aceite o para usos técnicos análogos, incluidos los de cabello",6,KILOGRAMO NETO,KN,true
59119000,Los demás,Los demás,6,KILOGRAMO NETO,KN,true
60011000,Tejidos «de pelo largo»,Tejidos «de pelo largo»,6,KILOGRAMO NETO,KN,true
60012100,De algodón,De algodón,6,KILOGRAMO NETO,KN,true
60012200,De fibras sintéticas o artificiales,De fibras sintéticas o artificiales,6,KILOGRAMO NETO,KN,true
60012900,De las demás materias textiles,De las demás materias textiles,6,KILOGRAMO NETO,KN,true
60019100,De algodón,De algodón,6,KILOGRAMO NETO,KN,true
60019200,De fibras sintéticas o artificiales,De fibras sintéticas o artificiales,6,KILOGRAMO NETO,KN,true
60019900,De las demás materias textiles,De las demás materias textiles,6,KILOGRAMO NETO,KN,true
60024000,"Con un contenido de hilados de elastómeros superior o igual al 5 % en peso, sin hilos de caucho","Con un contenido de hilados de elastómeros superior o igual al 5 % en peso, sin hilos de caucho",6,KILOGRAMO NETO,KN,true
60029000,Los demás,Los demás,6,KILOGRAMO NETO,KN,true
60031000,De lana o pelo fino,De lana o pelo fino,6,KILOGRAMO NETO,KN,true
60032000,De algodón,De algodón,6,KILOGRAMO NETO,KN,true
60033000,De fibras sintéticas,De fibras sintéticas,6,KILOGRAMO NETO,KN,true
60034000,De fibras artificiales,De fibras artificiales,6,KILOGRAMO NETO,KN,true
60039000,Los demás,Los demás,6,KILOGRAMO NETO,KN,true
60041000,"Con un contenido de hilados de elastómeros superior o igual al 5 % en peso, sin hilos de caucho","Con un contenido de hilados de elastómeros superior o igual al 5 % en peso, sin hilos de caucho",6,KILOGRAMO NETO,KN,true
60049000,Los demás,Los demás,6,KILOGRAMO NETO,KN,true
60052100,Crudos o blanqueados,Crudos o blanqueados,6,KILOGRAMO NETO,KN,true
60052200,Teñidos,Teñidos,6,KILOGRAMO NETO,KN,true
60052300,Con hilados de distintos colores,Con hilados de distintos colores,6,KILOGRAMO NETO,KN,true
60052400,Estampados,Estampados,6,KILOGRAMO NETO,KN,true
60053100,Crudos o blanqueados,Crudos o blanqueados,6,KILOGRAMO NETO,KN,true
60053210,Mallas de tejido (sombreadoras),Mallas de tejido (sombreadoras),6,KILOGRAMO NETO,KN,true
60053290,Los demás,Los demás,6,KILOGRAMO NETO,KN,true
60053310,Mallas de tejido (sombreadoras),Mallas de tejido (sombreadoras),6,KILOGRAMO NETO,KN,true
60053390,Los demás,Los demás,6,KILOGRAMO NETO,KN,true
60053400,Estampados,Estampados,6,KILOGRAMO NETO,KN,true
60054100,Crudos o blanqueados,Crudos o blanqueados,6,KILOGRAMO NETO,KN,true
60054200,Teñidos,Teñidos,6,KILOGRAMO NETO,KN,true
60054300,Con hilados de distintos colores,Con hilados de distintos colores,6,KILOGRAMO NETO,KN,true
60054400,Estampados,Estampados,6,KILOGRAMO NETO,KN,true
60059000,Los demás,Los demás,6,KILOGRAMO NETO,KN,true
60061000,De lana o pelo fino,De lana o pelo fino,6,KILOGRAMO NETO,KN,true
60062100,Crudos o blanqueados,Crudos o blanqueados,6,KILOGRAMO NETO,KN,true
60062200,Teñidos,Teñidos,6,KILOGRAMO NETO,KN,true
60062300,Con hilados de distintos colores,Con hilados de distintos colores,6,KILOGRAMO NETO,KN,true
60062400,Estampado,Estampado,6,KILOGRAMO NETO,KN,true
60063100,Crudos o blanqueados,Crudos o blanqueados,6,KILOGRAMO NETO,KN,true
60063200,Teñidos,Teñidos,6,KILOGRAMO NETO,KN,true
60063300,Con hilados de distintos colores,Con hilados de distintos colores,6,KILOGRAMO NETO,KN,true
60063400,Estampados,Estampados,6,KILOGRAMO NETO,KN,true
60064100,Crudos o blanqueados,Crudos o blanqueados,6,KILOGRAMO NETO,KN,true
60064200,Teñidos,Teñidos,6,KILOGRAMO NETO,KN,true
60064300,Con hilados de distintos colores,Con hilados de distintos colores,6,KILOGRAMO NETO,KN,true
60064400,Estampados,Estampados,6,KILOGRAMO NETO,KN,true
60069000,Los demás,Los demás,6,KILOGRAMO NETO,KN,true
61012000,De algodón,De algodón,10,UNIDAD,U,true
61013000,De fibras sintéticas o artificiales,De fibras sintéticas o artificiales,10,UNIDAD,U,true
61019000,De las demás materias textiles,De las demás materias textiles,10,UNIDAD,U,true
61021000,De lana o pelo fino,De lana o pelo fino,10,UNIDAD,U,true
61022000,De algodón,De algodón,10,UNIDAD,U,true
61023000,De fibras sintéticas o artificiales,De fibras sintéticas o artificiales,10,UNIDAD,U,true
61029000,De las demás materias textiles,De las demás materias textiles,10,UNIDAD,U,true
61031010,De fibras artificiales,De fibras artificiales,10,UNIDAD,U,true
61031020,De algodón,De algodón,10,UNIDAD,U,true
61031090,Los demás,Los demás,10,UNIDAD,U,true
61032200,De algodón,De algodón,10,UNIDAD,U,true
61032300,De fibras sintéticas,De fibras sintéticas,10,UNIDAD,U,true
61032910,De fibras artificiales,De fibras artificiales,10,UNIDAD,U,true
61032990,Los demás,Los demás,10,UNIDAD,U,true
61033100,De lana o pelo fino,De lana o pelo fino,10,UNIDAD,U,true
61033200,De algodón,De algodón,10,UNIDAD,U,true
61033300,De fibras sintéticas,De fibras sintéticas,10,UNIDAD,U,true
61033910,De fibras artificiales,De fibras artificiales,10,UNIDAD,U,true
61033990,Los demás,Los demás,10,UNIDAD,U,true
61034100,De lana o pelo fino,De lana o pelo fino,10,UNIDAD,U,true
61034211,Pantalones largos,Pantalones largos,10,UNIDAD,U,true
61034212,Pantalones con peto,Pantalones con peto,10,UNIDAD,U,true
61034213,Pantalones cortos (calzones),Pantalones cortos (calzones),10,UNIDAD,U,true
61034214,Shorts,Shorts,10,UNIDAD,U,true
61034221,Pantalones largos,Pantalones largos,10,UNIDAD,U,true
61034222,Pantalones con peto,Pantalones con peto,10,UNIDAD,U,true
61034223,Pantalones cortos (calzones),Pantalones cortos (calzones),10,UNIDAD,U,true
61034224,Shorts,Shorts,10,UNIDAD,U,true
61034300,De fibras sintéticas,De fibras sintéticas,10,UNIDAD,U,true
61034910,De fibras artificiales,De fibras artificiales,10,UNIDAD,U,true
61034990,Los demás,Los demás,10,UNIDAD,U,true
61041300,De fibras sintéticas,De fibras sintéticas,10,UNIDAD,U,true
61041910,De fibras artificiales,De fibras artificiales,10,UNIDAD,U,true
61041990,Los demás,Los demás,10,UNIDAD,U,true
61042200,De algodón,De algodón,10,UNIDAD,U,true
61042300,De fibras sintéticas,De fibras sintéticas,10,UNIDAD,U,true
61042910,De fibras artificiales,De fibras artificiales,10,UNIDAD,U,true
61042990,Los demás,Los demás,10,UNIDAD,U,true
61043100,De lana o pelo fino,De lana o pelo fino,10,UNIDAD,U,true
61043200,De algodón,De algodón,10,UNIDAD,U,true
61043300,De fibras sintéticas,De fibras sintéticas,10,UNIDAD,U,true
61043910,De fibras artificiales,De fibras artificiales,10,UNIDAD,U,true
61043990,Las demás,Las demás,10,UNIDAD,U,true
61044100,De lana o pelo fino,De lana o pelo fino,10,UNIDAD,U,true
61044200,De algodón,De algodón,10,UNIDAD,U,true
61044300,De fibras sintéticas,De fibras sintéticas,10,UNIDAD,U,true
61044400,De fibras artificiales,De fibras artificiales,10,UNIDAD,U,true
61044900,De las demás materias textiles,De las demás materias textiles,10,UNIDAD,U,true
61045100,De lana o pelo fino,De lana o pelo fino,10,UNIDAD,U,true
61045200,De algodón,De algodón,10,UNIDAD,U,true
61045300,De fibras sintéticas,De fibras sintéticas,10,UNIDAD,U,true
61045910,De fibras artificiales,De fibras artificiales,10,UNIDAD,U,true
61045990,Las demás,Las demás,10,UNIDAD,U,true
61046100,De lana o pelo fino,De lana o pelo fino,10,UNIDAD,U,true
61046211,Pantalones largos,Pantalones largos,10,UNIDAD,U,true
61046212,Pantalones con peto,Pantalones con peto,10,UNIDAD,U,true
61046213,Pantalones cortos (calzones),Pantalones cortos (calzones),10,UNIDAD,U,true
61046214,Shorts,Shorts,10,UNIDAD,U,true
61046221,Pantalones largos,Pantalones largos,10,UNIDAD,U,true
61046222,Pantalones con peto,Pantalones con peto,10,UNIDAD,U,true
61046223,Pantalones cortos (calzones),Pantalones cortos (calzones),10,UNIDAD,U,true
61046224,Shorts,Shorts,10,UNIDAD,U,true
61046300,De fibras sintéticas,De fibras sintéticas,10,UNIDAD,U,true
61046900,De las demás materias textiles,De las demás materias textiles,10,UNIDAD,U,true
61051011,Para hombres,Para hombres,10,UNIDAD,U,true
61051012,Para niños,Para niños,10,UNIDAD,U,true
61051091,Para hombres,Para hombres,10,UNIDAD,U,true
61051092,Para niños,Para niños,10,UNIDAD,U,true
61052010,Para hombres,Para hombres,10,UNIDAD,U,true
61052020,Para niños,Para niños,10,UNIDAD,U,true
61059000,De las demás materias textiles,De las demás materias textiles,10,UNIDAD,U,true
61061000,De algodón,De algodón,10,UNIDAD,U,true
61062000,De fibras sintéticas o artificiales,De fibras sintéticas o artificiales,10,UNIDAD,U,true
61069000,De las demás materias textiles,De las demás materias textiles,10,UNIDAD,U,true
61071100,De algodón,De algodón,10,UNIDAD,U,true
61071200,De fibras sintéticas o artificiales,De fibras sintéticas o artificiales,10,UNIDAD,U,true
61071900,De las demás materias textiles,De las demás materias textiles,10,UNIDAD,U,true
61072110,Para hombres,Para hombres,10,UNIDAD,U,true
61072120,Para niños,Para niños,10,UNIDAD,U,true
61072200,De fibras sintéticas o artificiales,De fibras sintéticas o artificiales,10,UNIDAD,U,true
61072900,De las demás materias textiles,De las demás materias textiles,10,UNIDAD,U,true
61079100,De algodón,De algodón,10,UNIDAD,U,true
61079900,De las demás materias textiles,De las demás materias textiles,10,UNIDAD,U,true
61081100,De fibras sintéticas o artificiales,De fibras sintéticas o artificiales,10,UNIDAD,U,true
61081900,De las demás materias textiles,De las demás materias textiles,10,UNIDAD,U,true
61082110,Para mujeres,Para mujeres,10,UNIDAD,U,true
61082120,Para niñas,Para niñas,10,UNIDAD,U,true
61082211,Para mujeres,Para mujeres,10,UNIDAD,U,true
61082212,Para niñas,Para niñas,10,UNIDAD,U,true
61082221,Para mujeres,Para mujeres,10,UNIDAD,U,true
61082222,Para niñas,Para niñas,10,UNIDAD,U,true
61082231,Para mujeres,Para mujeres,10,UNIDAD,U,true
61082232,Para niñas,Para niñas,10,UNIDAD,U,true
61082900,De las demás materias textiles,De las demás materias textiles,10,UNIDAD,U,true
61083110,Para mujeres,Para mujeres,10,UNIDAD,U,true
61083120,Para niñas,Para niñas,10,UNIDAD,U,true
61083200,De fibras sintéticas o artificiales,De fibras sintéticas o artificiales,10,UNIDAD,U,true
61083900,De las demás materias textiles,De las demás materias textiles,10,UNIDAD,U,true
61089100,De algodón,De algodón,10,UNIDAD,U,true
61089200,De fibras sintéticas o artificiales,De fibras sintéticas o artificiales,10,UNIDAD,U,true
61089900,De las demás materias textiles,De las demás materias textiles,10,UNIDAD,U,true
61091011,Para hombres y mujeres,Para hombres y mujeres,10,UNIDAD,U,true
61091012,Para niños y niñas,Para niños y niñas,10,UNIDAD,U,true
61091091,Para hombres y mujeres,Para hombres y mujeres,10,UNIDAD,U,true
61091092,Para niños y niñas,Para niños y niñas,10,UNIDAD,U,true
61099011,Para hombres y mujeres,Para hombres y mujeres,10,UNIDAD,U,true
61099012,Para niños y niñas,Para niños y niñas,10,UNIDAD,U,true
61099021,Para hombres y mujeres,Para hombres y mujeres,10,UNIDAD,U,true
61099022,Para niños y niñas,Para niños y niñas,10,UNIDAD,U,true
61099031,Para hombres y mujeres,Para hombres y mujeres,10,UNIDAD,U,true
61099032,Para niños y niñas,Para niños y niñas,10,UNIDAD,U,true
61099091,Para hombres y mujeres,Para hombres y mujeres,10,UNIDAD,U,true
61099092,Para niños y niñas,Para niños y niñas,10,UNIDAD,U,true
61101100,De lana,De lana,10,UNIDAD,U,true
61101200,De cabra de Cachemira,De cabra de Cachemira,10,UNIDAD,U,true
61101900,Los demás,Los demás,10,UNIDAD,U,true
61102000,De algodón,De algodón,10,UNIDAD,U,true
61103010,Suéteres (jerseys),Suéteres (jerseys),10,UNIDAD,U,true
61103020,«Pullovers»,«Pullovers»,10,UNIDAD,U,true
61103030,Chalecos,Chalecos,10,UNIDAD,U,true
61103090,Los demás,Los demás,10,UNIDAD,U,true
61109000,De las demás materias textiles,De las demás materias textiles,10,UNIDAD,U,true
61112000,De algodón,De algodón,6,KILOGRAMO NETO,KN,true
61113000,De fibras sintéticas,De fibras sintéticas,6,KILOGRAMO NETO,KN,true
61119010,De fibras artificiales,De fibras artificiales,6,KILOGRAMO NETO,KN,true
61119090,Las demás,Las demás,6,KILOGRAMO NETO,KN,true
61121100,De algodón,De algodón,10,UNIDAD,U,true
61121200,De fibras sintéticas,De fibras sintéticas,10,UNIDAD,U,true
61121910,De fibras artificiales,De fibras artificiales,10,UNIDAD,U,true
61121990,Los demás,Los demás,10,UNIDAD,U,true
61122000,Monos (overoles) y conjuntos de esquí,Monos (overoles) y conjuntos de esquí,10,UNIDAD,U,true
61123100,De fibras sintéticas,De fibras sintéticas,10,UNIDAD,U,true
61123910,De fibras artificiales,De fibras artificiales,10,UNIDAD,U,true
61123990,Los demás,Los demás,10,UNIDAD,U,true
61124111,Para mujeres,Para mujeres,10,UNIDAD,U,true
61124112,Para niñas,Para niñas,10,UNIDAD,U,true
61124191,Para mujeres,Para mujeres,10,UNIDAD,U,true
61124192,Para niñas,Para niñas,10,UNIDAD,U,true
61124910,De fibras artificiales,De fibras artificiales,10,UNIDAD,U,true
61124990,Los demás,Los demás,10,UNIDAD,U,true
61130000,"Prendas de vestir confeccionadas con tejidos de punto de las partidas 59.03, 59.06 ó 59.07.","Prendas de vestir confeccionadas con tejidos de punto de las partidas 59.03, 59.06 ó 59.07.",6,KILOGRAMO NETO,KN,true
61142000,De algodón,De algodón,6,KILOGRAMO NETO,KN,true
61143010,De fibras sintéticas,De fibras sintéticas,6,KILOGRAMO NETO,KN,true
61143020,De fibras artificiales,De fibras artificiales,6,KILOGRAMO NETO,KN,true
61149000,De las demás materias textiles,De las demás materias textiles,6,KILOGRAMO NETO,KN,true
61151010,De algodón,De algodón,6,KILOGRAMO NETO,KN,true
61151020,De nailon,De nailon,6,KILOGRAMO NETO,KN,true
61151030,De fibras acrílicas,De fibras acrílicas,6,KILOGRAMO NETO,KN,true
61151040,De poliéster,De poliéster,6,KILOGRAMO NETO,KN,true
61151090,Las demás,Las demás,6,KILOGRAMO NETO,KN,true
61152110,De nailon,De nailon,6,KILOGRAMO NETO,KN,true
61152120,De fibras acrílicas,De fibras acrílicas,6,KILOGRAMO NETO,KN,true
61152130,De poliéster,De poliéster,6,KILOGRAMO NETO,KN,true
61152190,Las demás,Las demás,6,KILOGRAMO NETO,KN,true
61152200,"De fibras sintéticas, de título superior o igual a 67 decitex por hilo sencillo","De fibras sintéticas, de título superior o igual a 67 decitex por hilo sencillo",6,KILOGRAMO NETO,KN,true
61152900,De las demás materias textiles,De las demás materias textiles,6,KILOGRAMO NETO,KN,true
61153000,"Las demás medias de mujer, de título inferior a 67 decitex por hilo sencillo","Las demás medias de mujer, de título inferior a 67 decitex por hilo sencillo",6,KILOGRAMO NETO,KN,true
61159400,De lana o pelo fino,De lana o pelo fino,6,KILOGRAMO NETO,KN,true
61159510,Para deporte,Para deporte,6,KILOGRAMO NETO,KN,true
61159590,Los demás,Los demás,6,KILOGRAMO NETO,KN,true
61159610,De nailon,De nailon,6,KILOGRAMO NETO,KN,true
61159620,De fibras acrílicas,De fibras acrílicas,6,KILOGRAMO NETO,KN,true
61159630,De poliéster,De poliéster,6,KILOGRAMO NETO,KN,true
61159690,Las demás,Las demás,6,KILOGRAMO NETO,KN,true
61159910,De fibras artificiales,De fibras artificiales,6,KILOGRAMO NETO,KN,true
61159990,Los demás,Los demás,6,KILOGRAMO NETO,KN,true
61161000,"Impregnados, recubiertos o revestidos con plástico o caucho","Impregnados, recubiertos o revestidos con plástico o caucho",6,KILOGRAMO NETO,KN,true
61169100,De lana o pelo fino,De lana o pelo fino,6,KILOGRAMO NETO,KN,true
61169200,De algodón,De algodón,6,KILOGRAMO NETO,KN,true
61169300,De fibras sintéticas,De fibras sintéticas,6,KILOGRAMO NETO,KN,true
61169900,De las demás materias textiles,De las demás materias textiles,6,KILOGRAMO NETO,KN,true
61171010,De lana o pelo fino,De lana o pelo fino,10,UNIDAD,U,true
61171020,De algodón,De algodón,10,UNIDAD,U,true
61171030,De fibras sintéticas o artificiales,De fibras sintéticas o artificiales,10,UNIDAD,U,true
61171090,Los demás,Los demás,10,UNIDAD,U,true
61178000,Los demás complementos (accesorios) de vestir,Los demás complementos (accesorios) de vestir,6,KILOGRAMO NETO,KN,true
61179000,Partes,Partes,6,KILOGRAMO NETO,KN,true
62011100,De lana o pelo fino,De lana o pelo fino,10,UNIDAD,U,true
62011200,De algodón,De algodón,10,UNIDAD,U,true
62011311,Abrigos,Abrigos,10,UNIDAD,U,true
62011312,Chaquetones,Chaquetones,10,UNIDAD,U,true
62011313,Impermeables,Impermeables,10,UNIDAD,U,true
62011319,Los demás,Los demás,10,UNIDAD,U,true
62011321,Abrigos,Abrigos,10,UNIDAD,U,true
62011322,Chaquetones,Chaquetones,10,UNIDAD,U,true
62011323,Impermeables,Impermeables,10,UNIDAD,U,true
62011329,Los demás,Los demás,10,UNIDAD,U,true
62011900,De las demás materias textiles,De las demás materias textiles,10,UNIDAD,U,true
62019100,De lana o pelo fino,De lana o pelo fino,10,UNIDAD,U,true
62019211,Para hombres,Para hombres,10,UNIDAD,U,true
62019212,Para niños,Para niños,10,UNIDAD,U,true
62019221,Para hombres,Para hombres,10,UNIDAD,U,true
62019222,Para niños,Para niños,10,UNIDAD,U,true
62019291,Para hombres,Para hombres,10,UNIDAD,U,true
62019292,Para niños,Para niños,10,UNIDAD,U,true
62019311,Para hombres,Para hombres,10,UNIDAD,U,true
62019312,Para niños,Para niños,10,UNIDAD,U,true
62019321,Para hombres,Para hombres,10,UNIDAD,U,true
62019322,Para niños,Para niños,10,UNIDAD,U,true
62019391,Para hombres,Para hombres,10,UNIDAD,U,true
62019392,Para niños,Para niños,10,UNIDAD,U,true
62019900,De las demás materias textiles,De las demás materias textiles,10,UNIDAD,U,true
62021111,Abrigos,Abrigos,10,UNIDAD,U,true
62021112,Chaquetones,Chaquetones,10,UNIDAD,U,true
62021113,Impermeables,Impermeables,10,UNIDAD,U,true
62021119,Los demás,Los demás,10,UNIDAD,U,true
62021121,Abrigos,Abrigos,10,UNIDAD,U,true
62021122,Chaquetones,Chaquetones,10,UNIDAD,U,true
62021123,Impermeables,Impermeables,10,UNIDAD,U,true
62021129,Los demás,Los demás,10,UNIDAD,U,true
62021200,De algodón,De algodón,10,UNIDAD,U,true
62021311,Abrigos,Abrigos,10,UNIDAD,U,true
62021312,Chaquetones,Chaquetones,10,UNIDAD,U,true
62021313,Impermeables,Impermeables,10,UNIDAD,U,true
62021319,Los demás,Los demás,10,UNIDAD,U,true
62021321,Abrigos,Abrigos,10,UNIDAD,U,true
62021322,Chaquetones,Chaquetones,10,UNIDAD,U,true
62021323,Impermeables,Impermeables,10,UNIDAD,U,true
62021329,Los demás,Los demás,10,UNIDAD,U,true
62021900,De las demás materias textiles,De las demás materias textiles,10,UNIDAD,U,true
62029100,De lana o pelo fino,De lana o pelo fino,10,UNIDAD,U,true
62029200,De algodón,De algodón,10,UNIDAD,U,true
62029310,Casacas,Casacas,10,UNIDAD,U,true
62029320,Parcas,Parcas,10,UNIDAD,U,true
62029390,Los demás,Los demás,10,UNIDAD,U,true
62029900,De las demás materias textiles,De las demás materias textiles,10,UNIDAD,U,true
62031110,Para hombres,Para hombres,10,UNIDAD,U,true
62031120,Para niños,Para niños,10,UNIDAD,U,true
62031200,De fibras sintéticas,De fibras sintéticas,10,UNIDAD,U,true
62031910,De algodón,De algodón,10,UNIDAD,U,true
62031920,De fibras artificiales,De fibras artificiales,10,UNIDAD,U,true
62031990,Las demás,Las demás,10,UNIDAD,U,true
62032200,De algodón,De algodón,10,UNIDAD,U,true
62032300,De fibras sintéticas,De fibras sintéticas,10,UNIDAD,U,true
62032910,De fibras artificiales,De fibras artificiales,10,UNIDAD,U,true
62032990,Las demás,Las demás,10,UNIDAD,U,true
62033100,De lana o pelo fino,De lana o pelo fino,10,UNIDAD,U,true
62033200,De algodón,De algodón,10,UNIDAD,U,true
62033300,De fibras sintéticas,De fibras sintéticas,10,UNIDAD,U,true
62033910,De fibras artificiales,De fibras artificiales,10,UNIDAD,U,true
62033990,Las demás,Las demás,10,UNIDAD,U,true
62034100,De lana o pelo fino,De lana o pelo fino,10,UNIDAD,U,true
62034210,Pantalones de mezclilla (Denim),Pantalones de mezclilla (Denim),10,UNIDAD,U,true
62034291,Pantalones largos,Pantalones largos,10,UNIDAD,U,true
62034292,Pantalones con peto,Pantalones con peto,10,UNIDAD,U,true
62034293,Pantalones cortos (calzones),Pantalones cortos (calzones),10,UNIDAD,U,true
62034299,Shorts,Shorts,10,UNIDAD,U,true
62034311,Pantalones largos,Pantalones largos,10,UNIDAD,U,true
62034312,Pantalones con peto,Pantalones con peto,10,UNIDAD,U,true
62034313,Pantalones cortos (calzones),Pantalones cortos (calzones),10,UNIDAD,U,true
62034314,Shorts,Shorts,10,UNIDAD,U,true
62034321,Pantalones largos,Pantalones largos,10,UNIDAD,U,true
62034322,Pantalones con peto,Pantalones con peto,10,UNIDAD,U,true
62034323,Pantalones cortos (calzones),Pantalones cortos (calzones),10,UNIDAD,U,true
62034324,Shorts,Shorts,10,UNIDAD,U,true
62034910,De fibras artificiales,De fibras artificiales,10,UNIDAD,U,true
62034990,Las demás,Las demás,10,UNIDAD,U,true
62041100,De lana o pelo fino,De lana o pelo fino,10,UNIDAD,U,true
62041200,De algodón,De algodón,10,UNIDAD,U,true
62041300,De fibras sintéticas,De fibras sintéticas,10,UNIDAD,U,true
62041910,De fibras artificiales,De fibras artificiales,10,UNIDAD,U,true
62041990,Las demás,Las demás,10,UNIDAD,U,true
62042100,De lana o pelo fino,De lana o pelo fino,10,UNIDAD,U,true
62042200,De algodón,De algodón,10,UNIDAD,U,true
62042300,De fibras sintéticas,De fibras sintéticas,10,UNIDAD,U,true
62042910,De fibras artificiales,De fibras artificiales,10,UNIDAD,U,true
62042990,Las demás,Las demás,10,UNIDAD,U,true
62043100,De lana o pelo fino,De lana o pelo fino,10,UNIDAD,U,true
62043200,De algodón,De algodón,10,UNIDAD,U,true
62043300,De fibras sintéticas,De fibras sintéticas,10,UNIDAD,U,true
62043910,De fibras artificiales,De fibras artificiales,10,UNIDAD,U,true
62043990,Las demás,Las demás,10,UNIDAD,U,true
62044100,De lana o pelo fino,De lana o pelo fino,10,UNIDAD,U,true
62044200,De algodón,De algodón,10,UNIDAD,U,true
62044300,De fibras sintéticas,De fibras sintéticas,10,UNIDAD,U,true
62044400,De fibras artificiales,De fibras artificiales,10,UNIDAD,U,true
62044900,De las demás materias textiles,De las demás materias textiles,10,UNIDAD,U,true
62045100,De lana o pelo fino,De lana o pelo fino,10,UNIDAD,U,true
62045200,De algodón,De algodón,10,UNIDAD,U,true
62045300,De fibras sintéticas,De fibras sintéticas,10,UNIDAD,U,true
62045910,De fibras artificiales,De fibras artificiales,10,UNIDAD,U,true
62045990,Las demás,Las demás,10,UNIDAD,U,true
62046100,De lana o pelo fino,De lana o pelo fino,10,UNIDAD,U,true
62046210,Pantalones de mezclilla (Denim),Pantalones de mezclilla (Denim),10,UNIDAD,U,true
62046291,Pantalones largos,Pantalones largos,10,UNIDAD,U,true
62046292,Pantalones con peto,Pantalones con peto,10,UNIDAD,U,true
62046293,Pantalones cortos (calzones),Pantalones cortos (calzones),10,UNIDAD,U,true
62046294,Shorts,Shorts,10,UNIDAD,U,true
62046311,Pantalones largos,Pantalones largos,10,UNIDAD,U,true
62046312,Pantalones con peto,Pantalones con peto,10,UNIDAD,U,true
62046313,Pantalones cortos (calzones),Pantalones cortos (calzones),10,UNIDAD,U,true
62046314,Shorts,Shorts,10,UNIDAD,U,true
62046321,Pantalones largos,Pantalones largos,10,UNIDAD,U,true
62046322,Pantalones con peto,Pantalones con peto,10,UNIDAD,U,true
62046323,Pantalones cortos (calzones),Pantalones cortos (calzones),10,UNIDAD,U,true
62046324,Shorts,Shorts,10,UNIDAD,U,true
62046910,De fibras artificiales,De fibras artificiales,10,UNIDAD,U,true
62046990,Las demás,Las demás,10,UNIDAD,U,true
62052010,Para hombres,Para hombres,10,UNIDAD,U,true
62052020,Para niños,Para niños,10,UNIDAD,U,true
62053011,Para hombres,Para hombres,10,UNIDAD,U,true
62053012,Para niños,Para niños,10,UNIDAD,U,true
62053021,Para hombres,Para hombres,10,UNIDAD,U,true
62053022,Para niños,Para niños,10,UNIDAD,U,true
62053031,Para hombres,Para hombres,10,UNIDAD,U,true
62053032,Para niños,Para niños,10,UNIDAD,U,true
62059000,De las demás materias textiles,De las demás materias textiles,10,UNIDAD,U,true
62061000,De seda o desperdicios de seda,De seda o desperdicios de seda,10,UNIDAD,U,true
62062000,De lana o pelo fino,De lana o pelo fino,10,UNIDAD,U,true
62063000,De algodón,De algodón,10,UNIDAD,U,true
62064011,Para mujeres,Para mujeres,10,UNIDAD,U,true
62064012,Para niñas,Para niñas,10,UNIDAD,U,true
62064021,Para mujeres,Para mujeres,10,UNIDAD,U,true
62064022,Para niñas,Para niñas,10,UNIDAD,U,true
62069000,De las demás materias textiles,De las demás materias textiles,10,UNIDAD,U,true
62071100,De algodón,De algodón,10,UNIDAD,U,true
62071910,De fibras sintéticas o artificiales,De fibras sintéticas o artificiales,10,UNIDAD,U,true
62071990,Los demás,Los demás,10,UNIDAD,U,true
62072100,De algodón,De algodón,10,UNIDAD,U,true
62072200,De fibras sintéticas o artificiales,De fibras sintéticas o artificiales,10,UNIDAD,U,true
62072900,De las demás materias textiles,De las demás materias textiles,10,UNIDAD,U,true
62079100,De algodón,De algodón,6,KILOGRAMO NETO,KN,true
62079900,De las demás materias textiles,De las demás materias textiles,6,KILOGRAMO NETO,KN,true
62081100,De fibras sintéticas o artificiales,De fibras sintéticas o artificiales,10,UNIDAD,U,true
62081910,De algodón,De algodón,10,UNIDAD,U,true
62081990,Las demás,Las demás,10,UNIDAD,U,true
62082100,De algodón,De algodón,10,UNIDAD,U,true
62082200,De fibras sintéticas o artificiales,De fibras sintéticas o artificiales,10,UNIDAD,U,true
62082900,De las demás materias textiles,De las demás materias textiles,10,UNIDAD,U,true
62089100,De algodón,De algodón,6,KILOGRAMO NETO,KN,true
62089200,De fibras sintéticas o artificiales,De fibras sintéticas o artificiales,6,KILOGRAMO NETO,KN,true
62089900,De las demás materias textiles,De las demás materias textiles,6,KILOGRAMO NETO,KN,true
62092000,De algodón,De algodón,6,KILOGRAMO NETO,KN,true
62093000,De fibras sintéticas,De fibras sintéticas,6,KILOGRAMO NETO,KN,true
62099010,De fibras artificiales,De fibras artificiales,6,KILOGRAMO NETO,KN,true
62099090,Las demás,Las demás,6,KILOGRAMO NETO,KN,true
62101010,De algodón,De algodón,6,KILOGRAMO NETO,KN,true
62101020,De fibras sintéticas o artificiales,De fibras sintéticas o artificiales,6,KILOGRAMO NETO,KN,true
62101090,Las demás,Las demás,6,KILOGRAMO NETO,KN,true
62102000,Las demás prendas de vestir del tipo de las citadas en las subpartidas 6201.11 a 6201.19,Las demás prendas de vestir del tipo de las citadas en las subpartidas 6201.11 a 6201.19,10,UNIDAD,U,true
62103000,Las demás prendas de vestir del tipo de las citadas en las subpartidas 6202.11 a 6202.19,Las demás prendas de vestir del tipo de las citadas en las subpartidas 6202.11 a 6202.19,10,UNIDAD,U,true
62104000,Las demás prendas de vestir para hombres o niños,Las demás prendas de vestir para hombres o niños,6,KILOGRAMO NETO,KN,true
62105000,Las demás prendas de vestir para mujeres o niñas,Las demás prendas de vestir para mujeres o niñas,6,KILOGRAMO NETO,KN,true
62111110,De algodón,De algodón,10,UNIDAD,U,true
62111121,De fibra sintéticas,De fibra sintéticas,10,UNIDAD,U,true
62111122,De fibras artificiales,De fibras artificiales,10,UNIDAD,U,true
62111190,Las demás,Las demás,10,UNIDAD,U,true
62111210,De algodón,De algodón,10,UNIDAD,U,true
62111220,De fibras sintéticas o artificiales,De fibras sintéticas o artificiales,10,UNIDAD,U,true
62111290,Las demás,Las demás,10,UNIDAD,U,true
62112010,De algodón,De algodón,10,UNIDAD,U,true
62112020,De fibras sintéticas o artificiales,De fibras sintéticas o artificiales,10,UNIDAD,U,true
62112090,Las demás,Las demás,10,UNIDAD,U,true
62113200,De algodón,De algodón,6,KILOGRAMO NETO,KN,true
62113300,De fibras sintéticas o artificiales,De fibras sintéticas o artificiales,6,KILOGRAMO NETO,KN,true
62113900,De las demás materias textiles,De las demás materias textiles,6,KILOGRAMO NETO,KN,true
62114100,De lana o pelo fino,De lana o pelo fino,6,KILOGRAMO NETO,KN,true
62114200,De algodón,De algodón,6,KILOGRAMO NETO,KN,true
62114300,De fibras sintéticas o artificiales,De fibras sintéticas o artificiales,6,KILOGRAMO NETO,KN,true
62114900,De las demás materias textiles,De las demás materias textiles,6,KILOGRAMO NETO,KN,true
62121010,De algodón,De algodón,6,KILOGRAMO NETO,KN,true
62121020,De fibras sintéticas o artificiales,De fibras sintéticas o artificiales,6,KILOGRAMO NETO,KN,true
62121090,De las demás materias textiles,De las demás materias textiles,6,KILOGRAMO NETO,KN,true
62122010,De algodón,De algodón,6,KILOGRAMO NETO,KN,true
62122020,De fibras sintéticas,De fibras sintéticas,6,KILOGRAMO NETO,KN,true
62122030,De fibras artificiales,De fibras artificiales,6,KILOGRAMO NETO,KN,true
62122090,Las demás,Las demás,6,KILOGRAMO NETO,KN,true
62123000,Fajas sostén (fajas corpiño),Fajas sostén (fajas corpiño),6,KILOGRAMO NETO,KN,true
62129000,Los demás,Los demás,6,KILOGRAMO NETO,KN,true
62132000,De algodón,De algodón,6,KILOGRAMO NETO,KN,true
62139000,De las demás materias textiles,De las demás materias textiles,6,KILOGRAMO NETO,KN,true
62141000,De seda o desperdicios de seda,De seda o desperdicios de seda,10,UNIDAD,U,true
62142000,De lana o pelo fino,De lana o pelo fino,10,UNIDAD,U,true
62143000,De fibras sintéticas,De fibras sintéticas,10,UNIDAD,U,true
62144000,De fibras artificiales,De fibras artificiales,10,UNIDAD,U,true
62149000,De las demás materias textiles,De las demás materias textiles,10,UNIDAD,U,true
62151000,De seda o desperdicios de seda,De seda o desperdicios de seda,6,KILOGRAMO NETO,KN,true
62152000,De fibras sintéticas o artificiales,De fibras sintéticas o artificiales,6,KILOGRAMO NETO,KN,true
62159000,De las demás materias textiles,De las demás materias textiles,6,KILOGRAMO NETO,KN,true
62160000,"Guantes, mitones y manoplas.","Guantes, mitones y manoplas.",6,KILOGRAMO NETO,KN,true
62171000,Complementos (accesorios) de vestir,Complementos (accesorios) de vestir,6,KILOGRAMO NETO,KN,true
62179000,Partes,Partes,6,KILOGRAMO NETO,KN,true
63011000,Mantas eléctricas,Mantas eléctricas,10,UNIDAD,U,true
63012000,Mantas de lana o pelo fino (excepto las eléctricas),Mantas de lana o pelo fino (excepto las eléctricas),6,KILOGRAMO NETO,KN,true
63013000,Mantas de algodón (excepto las eléctricas),Mantas de algodón (excepto las eléctricas),6,KILOGRAMO NETO,KN,true
63014000,Mantas de fibras sintéticas (excepto las eléctricas),Mantas de fibras sintéticas (excepto las eléctricas),6,KILOGRAMO NETO,KN,true
63019000,Las demás mantas,Las demás mantas,6,KILOGRAMO NETO,KN,true
63021000,"Ropa de cama, de punto","Ropa de cama, de punto",6,KILOGRAMO NETO,KN,true
63022110,Sábanas y fundas,Sábanas y fundas,6,KILOGRAMO NETO,KN,true
63022190,Las demás,Las demás,6,KILOGRAMO NETO,KN,true
63022210,Sábanas y fundas,Sábanas y fundas,6,KILOGRAMO NETO,KN,true
63022290,Las demás,Las demás,6,KILOGRAMO NETO,KN,true
63022910,Sábanas y fundas,Sábanas y fundas,6,KILOGRAMO NETO,KN,true
63022990,Las demás,Las demás,6,KILOGRAMO NETO,KN,true
63023110,Sábanas y fundas,Sábanas y fundas,6,KILOGRAMO NETO,KN,true
63023190,Las demás,Las demás,6,KILOGRAMO NETO,KN,true
63023210,Sábanas y fundas,Sábanas y fundas,6,KILOGRAMO NETO,KN,true
63023290,Las demás,Las demás,6,KILOGRAMO NETO,KN,true
63023910,Sábanas y fundas,Sábanas y fundas,6,KILOGRAMO NETO,KN,true
63023990,Las demás,Las demás,6,KILOGRAMO NETO,KN,true
63024000,"Ropa de mesa, de punto","Ropa de mesa, de punto",6,KILOGRAMO NETO,KN,true
63025100,De algodón,De algodón,6,KILOGRAMO NETO,KN,true
63025300,De fibras sintéticas o artificiales,De fibras sintéticas o artificiales,6,KILOGRAMO NETO,KN,true
63025900,De las demás materias textiles,De las demás materias textiles,6,KILOGRAMO NETO,KN,true
63026011,"Juegos o surtidos de toallas de diferentes dimensiones, acondicionados para la venta al por menor","Juegos o surtidos de toallas de diferentes dimensiones, acondicionados para la venta al por menor",6,KILOGRAMO NETO,KN,true
63026012,Toallas cuya mayor dimensión sea inferior o igual a 50 cms,Toallas cuya mayor dimensión sea inferior o igual a 50 cms,6,KILOGRAMO NETO,KN,true
63026013,Toallas cuya mayor dimensión sea superior a 50 cms pero inferior o igual a 60 cms,Toallas cuya mayor dimensión sea superior a 50 cms pero inferior o igual a 60 cms,6,KILOGRAMO NETO,KN,true
63026014,Toallas cuya mayor dimensión sea superior a 60 cms pero inferior o igual a 160 cms,Toallas cuya mayor dimensión sea superior a 60 cms pero inferior o igual a 160 cms,6,KILOGRAMO NETO,KN,true
63026019,Las demás toallas,Las demás toallas,6,KILOGRAMO NETO,KN,true
63026091,Ropa de cocina,Ropa de cocina,6,KILOGRAMO NETO,KN,true
63026099,Las demás,Las demás,6,KILOGRAMO NETO,KN,true
63029110,Ropa de cocina,Ropa de cocina,6,KILOGRAMO NETO,KN,true
63029190,Las demás,Las demás,6,KILOGRAMO NETO,KN,true
63029310,Toallas,Toallas,6,KILOGRAMO NETO,KN,true
63029390,Las demás,Las demás,6,KILOGRAMO NETO,KN,true
63029910,Toallas,Toallas,6,KILOGRAMO NETO,KN,true
63029990,Las demás,Las demás,6,KILOGRAMO NETO,KN,true
63031200,De fibras sintéticas,De fibras sintéticas,6,KILOGRAMO NETO,KN,true
63031900,De las demás materias textiles,De las demás materias textiles,6,KILOGRAMO NETO,KN,true
63039100,De algodón,De algodón,6,KILOGRAMO NETO,KN,true
63039200,De fibras sintéticas,De fibras sintéticas,6,KILOGRAMO NETO,KN,true
63039900,De las demás materias textiles,De las demás materias textiles,6,KILOGRAMO NETO,KN,true
63041100,De punto,De punto,6,KILOGRAMO NETO,KN,true
63041900,Las demás,Las demás,6,KILOGRAMO NETO,KN,true
63049100,De punto,De punto,6,KILOGRAMO NETO,KN,true
63049200,"De algodón, excepto de punto","De algodón, excepto de punto",6,KILOGRAMO NETO,KN,true
63049300,"De fibras sintéticas, excepto de punto","De fibras sintéticas, excepto de punto",6,KILOGRAMO NETO,KN,true
63049900,"De las demás materias textiles, excepto de punto","De las demás materias textiles, excepto de punto",6,KILOGRAMO NETO,KN,true
63051000,De yute o demás fibras textiles del líber de la partida 53.03,De yute o demás fibras textiles del líber de la partida 53.03,6,KILOGRAMO NETO,KN,true
63052000,De algodón,De algodón,6,KILOGRAMO NETO,KN,true
63053200,Continentes intermedios flexibles para productos a granel,Continentes intermedios flexibles para productos a granel,6,KILOGRAMO NETO,KN,true
63053310,De polietileno,De polietileno,6,KILOGRAMO NETO,KN,true
63053321,Con capacidad de carga inferior o igual a 50 kilos neto,Con capacidad de carga inferior o igual a 50 kilos neto,6,KILOGRAMO NETO,KN,true
63053322,Con capacidad de carga superior a 50 kilos neto pero inferior o,Con capacidad de carga superior a 50 kilos neto pero inferior o,6,KILOGRAMO NETO,KN,true
63053329,Los demás,Los demás,6,KILOGRAMO NETO,KN,true
63053900,Los demás,Los demás,6,KILOGRAMO NETO,KN,true
63059000,De las demás materias textiles,De las demás materias textiles,6,KILOGRAMO NETO,KN,true
63061200,De fibras sintéticas,De fibras sintéticas,6,KILOGRAMO NETO,KN,true
63061900,De las demás materias textiles,De las demás materias textiles,6,KILOGRAMO NETO,KN,true
63062210,De nailon,De nailon,6,KILOGRAMO NETO,KN,true
63062290,Las demás,Las demás,6,KILOGRAMO NETO,KN,true
63062900,De las demás materias textiles,De las demás materias textiles,6,KILOGRAMO NETO,KN,true
63063000,Velas,Velas,6,KILOGRAMO NETO,KN,true
63064000,Colchones neumáticos,Colchones neumáticos,6,KILOGRAMO NETO,KN,true
63069100,De algodón,De algodón,6,KILOGRAMO NETO,KN,true
63069900,De las demás materias textiles,De las demás materias textiles,6,KILOGRAMO NETO,KN,true
63071000,"Paños para fregar o lavar (bayetas, paños rejilla), franelas y artÍculos similares para limpieza","Paños para fregar o lavar (bayetas, paños rejilla), franelas y artÍculos similares para limpieza",6,KILOGRAMO NETO,KN,true
63072000,Cinturones y chalecos salvavidas,Cinturones y chalecos salvavidas,6,KILOGRAMO NETO,KN,true
63079000,Los demás,Los demás,6,KILOGRAMO NETO,KN,true
63080000,"Juegos constituidos por piezas de tejido e hilados, incluso con accesorios, para la confección de al","Juegos constituidos por piezas de tejido e hilados, incluso con accesorios, para la confección de alfombras, tapicería, manteles o servilletas bordados o de artículos textiles similares, en envases pa",6,KILOGRAMO NETO,KN,true
63090010,"Abrigos, chaquetones e impermeables","Abrigos, chaquetones e impermeables",6,KILOGRAMO NETO,KN,true
63090020,Chaquetas y parkas,Chaquetas y parkas,6,KILOGRAMO NETO,KN,true
63090030,Trajes (ternos) y trajes sastre,Trajes (ternos) y trajes sastre,6,KILOGRAMO NETO,KN,true
63090040,Pantalones,Pantalones,6,KILOGRAMO NETO,KN,true
63090050,Faldas y vestidos,Faldas y vestidos,6,KILOGRAMO NETO,KN,true
63090060,Conjuntos incluso los de deporte y recreación,Conjuntos incluso los de deporte y recreación,6,KILOGRAMO NETO,KN,true
63090070,Camisas y blusas,Camisas y blusas,6,KILOGRAMO NETO,KN,true
63090080,Ropa interior,Ropa interior,6,KILOGRAMO NETO,KN,true
63090091,Ropa de cama,Ropa de cama,6,KILOGRAMO NETO,KN,true
63090092,Calzado,Calzado,6,KILOGRAMO NETO,KN,true
63090093,"Medias, calcetines y similares","Medias, calcetines y similares",6,KILOGRAMO NETO,KN,true
63090094,"Suéteres, jerseys, pullovers","Suéteres, jerseys, pullovers",6,KILOGRAMO NETO,KN,true
63090099,Los demás,Los demás,6,KILOGRAMO NETO,KN,true
63101000,Clasificados,Clasificados,6,KILOGRAMO NETO,KN,true
63109000,Los demás,Los demás,6,KILOGRAMO NETO,KN,true
64011000,Calzado con puntera metálica de protección,Calzado con puntera metálica de protección,17,PAR,2U,true
64019200,Que cubran el tobillo sin cubrir la rodilla,Que cubran el tobillo sin cubrir la rodilla,17,PAR,2U,true
64019910,Utilizado sobre otro calzado,Utilizado sobre otro calzado,17,PAR,2U,true
64019990,Los demás,Los demás,17,PAR,2U,true
64021210,Calzado de esquí,Calzado de esquí,17,PAR,2U,true
64021220,Calzado para la práctica de «snowboard» (tabla para nieve),Calzado para la práctica de «snowboard» (tabla para nieve),17,PAR,2U,true
64021910,"Para golf, caminata, trote o curling","Para golf, caminata, trote o curling",17,PAR,2U,true
64021920,"Para soccer, otro tipo de football, baseball o bowling","Para soccer, otro tipo de football, baseball o bowling",17,PAR,2U,true
64021990,Los demás,Los demás,17,PAR,2U,true
64022010,Con parte superior y suela de caucho,Con parte superior y suela de caucho,17,PAR,2U,true
64022020,Con parte superior y suela de plástico,Con parte superior y suela de plástico,17,PAR,2U,true
64022030,Con parte superior de caucho y suela de plástico,Con parte superior de caucho y suela de plástico,17,PAR,2U,true
64022090,Los demás,Los demás,17,PAR,2U,true
64029110,Con parte superior y suela de caucho,Con parte superior y suela de caucho,17,PAR,2U,true
64029120,Con parte superior y suela de plástico,Con parte superior y suela de plástico,17,PAR,2U,true
64029130,Con parte superior de caucho y suela de plástico,Con parte superior de caucho y suela de plástico,17,PAR,2U,true
64029190,Los demás,Los demás,17,PAR,2U,true
64029911,Con plantilla de longitud inferior a 24 cm,Con plantilla de longitud inferior a 24 cm,17,PAR,2U,true
64029912,"Para hombres, con plantilla de longitud superior o igual a 24 cm","Para hombres, con plantilla de longitud superior o igual a 24 cm",17,PAR,2U,true
64029913,"Para mujeres, con plantilla de longitud superior o igual a 24 cm","Para mujeres, con plantilla de longitud superior o igual a 24 cm",17,PAR,2U,true
64029991,Con plantilla de longitud inferior a 24 cm,Con plantilla de longitud inferior a 24 cm,17,PAR,2U,true
64029992,"Para hombres, con plantilla de longitud superior o igual a 24 cm","Para hombres, con plantilla de longitud superior o igual a 24 cm",17,PAR,2U,true
64029993,"Para mujeres, con plantilla de longitud superior o igual a 24 cm","Para mujeres, con plantilla de longitud superior o igual a 24 cm",17,PAR,2U,true
64031200,Calzado de esquí y calzado para la práctica de «snowboard» (tabla para nieve),Calzado de esquí y calzado para la práctica de «snowboard» (tabla para nieve),17,PAR,2U,true
64031910,"Para cabalgata, golf, caminata, montañismo, curling, bowling, skating o training","Para cabalgata, golf, caminata, montañismo, curling, bowling, skating o training",17,PAR,2U,true
64031920,"Para soccer, otro tipo de football o baseball","Para soccer, otro tipo de football o baseball",17,PAR,2U,true
64031990,Los demás,Los demás,17,PAR,2U,true
64032000,Calzado con suela de cuero natural y parte superior de tiras de cuero natural que pasan por el empei,Calzado con suela de cuero natural y parte superior de tiras de cuero natural que pasan por el empeine y rodean el dedo gordo,17,PAR,2U,true
64034000,"Los demás calzados, con puntera metálica de protección","Los demás calzados, con puntera metálica de protección",17,PAR,2U,true
64035110,Con plantilla de longitud inferior a 24 cm,Con plantilla de longitud inferior a 24 cm,17,PAR,2U,true
64035121,Para hombres,Para hombres,17,PAR,2U,true
64035122,Para mujeres,Para mujeres,17,PAR,2U,true
64035911,Con plantilla de longitud inferior a 24 cm,Con plantilla de longitud inferior a 24 cm,17,PAR,2U,true
64035912,"Para hombres, con plantilla de longitud superior o igual a 24 cm","Para hombres, con plantilla de longitud superior o igual a 24 cm",17,PAR,2U,true
64035913,"Para mujeres, con plantilla de longitud superior o igual a 24 cm","Para mujeres, con plantilla de longitud superior o igual a 24 cm",17,PAR,2U,true
64035991,Con plantilla de longitud inferior a 24 cm,Con plantilla de longitud inferior a 24 cm,17,PAR,2U,true
64035992,"Para hombres, con plantilla de longitud superior o igual a 24 cm","Para hombres, con plantilla de longitud superior o igual a 24 cm",17,PAR,2U,true
64035993,"Para mujeres, con plantilla de longitud superior o igual a 24 cm","Para mujeres, con plantilla de longitud superior o igual a 24 cm",17,PAR,2U,true
64039111,Con plantilla de longitud inferior a 24 cm,Con plantilla de longitud inferior a 24 cm,17,PAR,2U,true
64039112,"Para hombres, con plantilla de longitud superior o igual a 24 cm","Para hombres, con plantilla de longitud superior o igual a 24 cm",17,PAR,2U,true
64039113,"Para mujeres, con plantilla de longitud superior o igual a 24 cm","Para mujeres, con plantilla de longitud superior o igual a 24 cm",17,PAR,2U,true
64039121,Con plantilla de longitud inferior a 24 cm,Con plantilla de longitud inferior a 24 cm,17,PAR,2U,true
64039122,"Para hombres, con plantilla de longitud superior o igual a 24 cm","Para hombres, con plantilla de longitud superior o igual a 24 cm",17,PAR,2U,true
64039123,"Para mujeres, con plantilla de longitud superior o igual a 24 cm","Para mujeres, con plantilla de longitud superior o igual a 24 cm",17,PAR,2U,true
64039191,Con plantilla de longitud inferior a 24 cm,Con plantilla de longitud inferior a 24 cm,17,PAR,2U,true
64039192,"Para hombres, con plantilla de longitud superior o igual a 24 cm","Para hombres, con plantilla de longitud superior o igual a 24 cm",17,PAR,2U,true
64039193,"Para mujeres, con plantilla de longitud superior o igual a 24 cm","Para mujeres, con plantilla de longitud superior o igual a 24 cm",17,PAR,2U,true
64039911,Con plantilla de longitud inferior a 24 cm,Con plantilla de longitud inferior a 24 cm,17,PAR,2U,true
64039912,"Para hombres, con plantilla de longitud superior o igual a 24 cm","Para hombres, con plantilla de longitud superior o igual a 24 cm",17,PAR,2U,true
64039913,"Para mujeres, con plantilla de longitud superior o igual a 24 cm","Para mujeres, con plantilla de longitud superior o igual a 24 cm",17,PAR,2U,true
64039991,Con plantilla de longitud inferior a 24 cm,Con plantilla de longitud inferior a 24 cm,17,PAR,2U,true
64039992,"Para hombres, con plantilla de longitud superior o igual a 24 cm","Para hombres, con plantilla de longitud superior o igual a 24 cm",17,PAR,2U,true
64039993,"Para mujeres, con plantilla de longitud superior o igual a 24 cm","Para mujeres, con plantilla de longitud superior o igual a 24 cm",17,PAR,2U,true
64041110,"Para caminata, con suela de caucho y parte superior de materia textil","Para caminata, con suela de caucho y parte superior de materia textil",17,PAR,2U,true
64041120,"Para caminata, con suela de plástico y parte superior de materia textil","Para caminata, con suela de plástico y parte superior de materia textil",17,PAR,2U,true
64041130,"Para soccer, training o tenis, con suela de caucho y parte superior de materia textil","Para soccer, training o tenis, con suela de caucho y parte superior de materia textil",17,PAR,2U,true
64041140,"Para soccer, training o tenis, con suela de plástico y parte superior de materia textil","Para soccer, training o tenis, con suela de plástico y parte superior de materia textil",17,PAR,2U,true
64041190,Los demás,Los demás,17,PAR,2U,true
64041910,Zapatos y sandalias con suela de plástico y parte superior de materia textil,Zapatos y sandalias con suela de plástico y parte superior de materia textil,17,PAR,2U,true
64041920,Zapatos y sandalias con suela de caucho y parte superior de materia textil,Zapatos y sandalias con suela de caucho y parte superior de materia textil,17,PAR,2U,true
64041990,Los demás,Los demás,17,PAR,2U,true
64042011,Con plantilla de longitud inferior a 24 cm,Con plantilla de longitud inferior a 24 cm,17,PAR,2U,true
64042012,"Para hombres, con plantilla de longitud superior o igual a 24 cm","Para hombres, con plantilla de longitud superior o igual a 24 cm",17,PAR,2U,true
64042013,"Para mujeres, con plantilla de longitud superior o igual a 24 cm","Para mujeres, con plantilla de longitud superior o igual a 24 cm",17,PAR,2U,true
64042091,Con plantilla de longitud inferior a 24 cm,Con plantilla de longitud inferior a 24 cm,17,PAR,2U,true
64042092,"Para hombres, con plantilla de longitud superior o igual a 24 cm","Para hombres, con plantilla de longitud superior o igual a 24 cm",17,PAR,2U,true
64042093,"Para mujeres, con plantilla de longitud superior o igual a 24 cm","Para mujeres, con plantilla de longitud superior o igual a 24 cm",17,PAR,2U,true
64051010,Con plantilla de longitud inferior a 24 cm,Con plantilla de longitud inferior a 24 cm,17,PAR,2U,true
64051021,Para hombres,Para hombres,17,PAR,2U,true
64051022,Para mujeres,Para mujeres,17,PAR,2U,true
64052010,Con plantilla de longitud inferior a 24 cm,Con plantilla de longitud inferior a 24 cm,17,PAR,2U,true
64052021,Para hombres,Para hombres,17,PAR,2U,true
64052022,Para mujeres,Para mujeres,17,PAR,2U,true
64059010,Con plantilla de longitud inferior a 24 cm,Con plantilla de longitud inferior a 24 cm,17,PAR,2U,true
64059021,Para hombres,Para hombres,17,PAR,2U,true
64059022,Para mujeres,Para mujeres,17,PAR,2U,true
64061000,"Partes superiores de calzado y sus partes, excepto los contrafuertes y punteras duras","Partes superiores de calzado y sus partes, excepto los contrafuertes y punteras duras",6,KILOGRAMO NETO,KN,true
64062010,Suelas de caucho,Suelas de caucho,6,KILOGRAMO NETO,KN,true
64062020,Suelas de plástico,Suelas de plástico,6,KILOGRAMO NETO,KN,true
64062030,"Tacones (tacos)*, de caucho","Tacones (tacos)*, de caucho",6,KILOGRAMO NETO,KN,true
64062040,"Tacones (tacos)*, de plástico","Tacones (tacos)*, de plástico",6,KILOGRAMO NETO,KN,true
64069100,De madera,De madera,6,KILOGRAMO NETO,KN,true
64069900,De las demás materias,De las demás materias,6,KILOGRAMO NETO,KN,true
65010000,"Cascos sin ahormado ni perfilado del ala, platos (discos) y cilindros aunque estén cortados en el se","Cascos sin ahormado ni perfilado del ala, platos (discos) y cilindros aunque estén cortados en el sentido de la altura, de fieltro, para sombreros.",6,KILOGRAMO NETO,KN,true
65020000,"Cascos para sombreros, trenzados o fabricados por unión de tiras de cualquier materia, sin ahormado","Cascos para sombreros, trenzados o fabricados por unión de tiras de cualquier materia, sin ahormado ni perfilado del ala y sin guarnecer.",6,KILOGRAMO NETO,KN,true
65040000,"Sombreros y demás tocados, trenzados o fabricados por unión de tiras de cualquier materia, incluso g","Sombreros y demás tocados, trenzados o fabricados por unión de tiras de cualquier materia, incluso guarnecidos.",6,KILOGRAMO NETO,KN,true
65051000,Redecillas para el cabello,Redecillas para el cabello,6,KILOGRAMO NETO,KN,true
65059000,Los demás,Los demás,6,KILOGRAMO NETO,KN,true
65061000,Cascos de seguridad,Cascos de seguridad,10,UNIDAD,U,true
65069100,De caucho o plástico,De caucho o plástico,6,KILOGRAMO NETO,KN,true
65069900,De las demás materias,De las demás materias,6,KILOGRAMO NETO,KN,true
65070000,"Desudadores, forros, fundas, armaduras, viseras y barboquejos (barbijos), para sombreros y demás toc","Desudadores, forros, fundas, armaduras, viseras y barboquejos (barbijos), para sombreros y demás tocados.",6,KILOGRAMO NETO,KN,true
66011000,Quitasoles toldo y artículos similares,Quitasoles toldo y artículos similares,10,UNIDAD,U,true
66019110,Paraguas,Paraguas,10,UNIDAD,U,true
66019190,Los demás,Los demás,10,UNIDAD,U,true
66019910,Paraguas,Paraguas,10,UNIDAD,U,true
66019990,Los demás,Los demás,10,UNIDAD,U,true
66020000,"Bastones, bastones asiento, látigos, fustas y artículos similares.","Bastones, bastones asiento, látigos, fustas y artículos similares.",10,UNIDAD,U,true
66032000,"Monturas ensambladas, incluso con el astil o mango, para paraguas, sombrillas o quitasoles","Monturas ensambladas, incluso con el astil o mango, para paraguas, sombrillas o quitasoles",6,KILOGRAMO NETO,KN,true
66039000,Los demás,Los demás,6,KILOGRAMO NETO,KN,true
67010010,Artículos de pluma o plumón,Artículos de pluma o plumón,6,KILOGRAMO NETO,KN,true
67010090,Los demás,Los demás,6,KILOGRAMO NETO,KN,true
67021000,De plástico,De plástico,6,KILOGRAMO NETO,KN,true
67029000,De las demás materias,De las demás materias,6,KILOGRAMO NETO,KN,true
67030000,"Cabello peinado, afinado, blanqueado o preparado de otra forma; lana, pelo u otra materia textil, pr","Cabello peinado, afinado, blanqueado o preparado de otra forma; lana, pelo u otra materia textil, preparados para la fabricación de pelucas o artículos similares.",6,KILOGRAMO NETO,KN,true
67041100,Pelucas que cubran toda la cabeza,Pelucas que cubran toda la cabeza,6,KILOGRAMO NETO,KN,true
67041900,Los demás,Los demás,6,KILOGRAMO NETO,KN,true
67042000,De cabello,De cabello,6,KILOGRAMO NETO,KN,true
67049000,De las demás materias,De las demás materias,6,KILOGRAMO NETO,KN,true
68010000,"Adoquines, encintados (bordillos)* y losas para pavimentos, de piedra natural (excepto la pizarra).","Adoquines, encintados (bordillos)* y losas para pavimentos, de piedra natural (excepto la pizarra).",6,KILOGRAMO NETO,KN,true
68021000,"Losetas, cubos, dados y artículos similares, incluso de forma distinta a la cuadrada o rectangular,","Losetas, cubos, dados y artículos similares, incluso de forma distinta a la cuadrada o rectangular, en los que la superficie mayor pueda inscribirse en un cuadrado de lado inferior a 7 cm; gránulos, t",6,KILOGRAMO NETO,KN,true
68022100,"Mármol, travertinos y alabastro","Mármol, travertinos y alabastro",6,KILOGRAMO NETO,KN,true
68022300,Granito,Granito,6,KILOGRAMO NETO,KN,true
68022900,Las demás piedras,Las demás piedras,6,KILOGRAMO NETO,KN,true
68029100,"Mármol, travertinos y alabastro","Mármol, travertinos y alabastro",6,KILOGRAMO NETO,KN,true
68029200,Las demás piedras calizas,Las demás piedras calizas,6,KILOGRAMO NETO,KN,true
68029300,Granito,Granito,6,KILOGRAMO NETO,KN,true
68029900,Las demás piedras,Las demás piedras,6,KILOGRAMO NETO,KN,true
68030000,Pizarra natural trabajada y manufacturas de pizarra natural o aglomerada.,Pizarra natural trabajada y manufacturas de pizarra natural o aglomerada.,6,KILOGRAMO NETO,KN,true
68041010,De piedras naturales,De piedras naturales,6,KILOGRAMO NETO,KN,true
68041090,Las demás,Las demás,6,KILOGRAMO NETO,KN,true
68042100,"De diamante natural o sintético, aglomerado","De diamante natural o sintético, aglomerado",6,KILOGRAMO NETO,KN,true
68042210,Obtenidos por aglomerado con resinas sintéticas,Obtenidos por aglomerado con resinas sintéticas,6,KILOGRAMO NETO,KN,true
68042220,Muelas de abrasivos naturales o artificiales aglomerados,Muelas de abrasivos naturales o artificiales aglomerados,6,KILOGRAMO NETO,KN,true
68042290,Los demás,Los demás,6,KILOGRAMO NETO,KN,true
68042300,De piedras naturales,De piedras naturales,6,KILOGRAMO NETO,KN,true
68043010,De piedras naturales,De piedras naturales,6,KILOGRAMO NETO,KN,true
68043090,Las demás,Las demás,6,KILOGRAMO NETO,KN,true
68051000,Con soporte constituido solamente por tejido de materia textil,Con soporte constituido solamente por tejido de materia textil,6,KILOGRAMO NETO,KN,true
68052000,Con soporte constituido solamente por papel o cartón,Con soporte constituido solamente por papel o cartón,6,KILOGRAMO NETO,KN,true
68053000,Con soporte de otras materias,Con soporte de otras materias,6,KILOGRAMO NETO,KN,true
68061000,"Lana de escoria, de roca y lanas minerales similares, incluso mezcladas entre sí, en masa, hojas o e","Lana de escoria, de roca y lanas minerales similares, incluso mezcladas entre sí, en masa, hojas o enrolladas",6,KILOGRAMO NETO,KN,true
68062000,"Vermiculita dilatada, arcilla dilatada, espuma de escoria y productos minerales similares dilatados","Vermiculita dilatada, arcilla dilatada, espuma de escoria y productos minerales similares dilatados, incluso mezclados entre sí",6,KILOGRAMO NETO,KN,true
68069010,Manufacturas de fibras refractarias de aluminosilicatos,Manufacturas de fibras refractarias de aluminosilicatos,6,KILOGRAMO NETO,KN,true
68069020,"Hojas que contengan fibras vegetales, en rollos","Hojas que contengan fibras vegetales, en rollos",6,KILOGRAMO NETO,KN,true
68069090,Los demás,Los demás,6,KILOGRAMO NETO,KN,true
68071000,En rollos,En rollos,6,KILOGRAMO NETO,KN,true
68079000,Las demás,Las demás,6,KILOGRAMO NETO,KN,true
68080000,"Paneles, placas, losetas, bloques y artículos similares, de fibra vegetal, paja o viruta, de plaquit","Paneles, placas, losetas, bloques y artículos similares, de fibra vegetal, paja o viruta, de plaquitas o partículas, o de aserrín o demás desperdicios de madera, aglomerados con cemento, yeso fraguabl",6,KILOGRAMO NETO,KN,true
68091110,Placas revestidas o reforzadas con papel,Placas revestidas o reforzadas con papel,6,KILOGRAMO NETO,KN,true
68091190,Los demás,Los demás,6,KILOGRAMO NETO,KN,true
68091900,Los demás,Los demás,6,KILOGRAMO NETO,KN,true
68099000,Las demás manufacturas,Las demás manufacturas,6,KILOGRAMO NETO,KN,true
68101100,Bloques y ladrillos para la construcción,Bloques y ladrillos para la construcción,6,KILOGRAMO NETO,KN,true
68101900,Los demás,Los demás,6,KILOGRAMO NETO,KN,true
68109100,Elementos prefabricados para la construcción o ingeniería civil,Elementos prefabricados para la construcción o ingeniería civil,6,KILOGRAMO NETO,KN,true
68109900,Las demás,Las demás,6,KILOGRAMO NETO,KN,true
68114000,Que contengan amianto (asbesto),Que contengan amianto (asbesto),6,KILOGRAMO NETO,KN,true
68118100,Placas onduladas,Placas onduladas,6,KILOGRAMO NETO,KN,true
68118200,"Las demás placas, paneles, losetas, tejas y artículos similares","Las demás placas, paneles, losetas, tejas y artículos similares",6,KILOGRAMO NETO,KN,true
68118300,"Tubos, fundas y accesorios de tubería","Tubos, fundas y accesorios de tubería",6,KILOGRAMO NETO,KN,true
68118900,Las demás manufacturas,Las demás manufacturas,6,KILOGRAMO NETO,KN,true
68128000,De crocidolita,De crocidolita,6,KILOGRAMO NETO,KN,true
68129100,"Prendas y complementos (accesorios), de vestir, calzado, sombreros y demás tocados","Prendas y complementos (accesorios), de vestir, calzado, sombreros y demás tocados",6,KILOGRAMO NETO,KN,true
68129200,"Papel, cartón y fieltro","Papel, cartón y fieltro",6,KILOGRAMO NETO,KN,true
68129300,"Amianto (asbesto) y elastómeros comprimidos, para juntas o empaquetaduras, en hojas o rollos","Amianto (asbesto) y elastómeros comprimidos, para juntas o empaquetaduras, en hojas o rollos",6,KILOGRAMO NETO,KN,true
68129900,Las demás,Las demás,6,KILOGRAMO NETO,KN,true
68132011,En rollos,En rollos,6,KILOGRAMO NETO,KN,true
68132019,Las demás,Las demás,6,KILOGRAMO NETO,KN,true
68132090,Las demás,Las demás,6,KILOGRAMO NETO,KN,true
68138110,En rollos,En rollos,6,KILOGRAMO NETO,KN,true
68138190,Las demás,Las demás,6,KILOGRAMO NETO,KN,true
68138900,Las demás,Las demás,6,KILOGRAMO NETO,KN,true
68141000,"Placas, hojas y tiras de mica aglomerada o reconstituida, incluso con soporte","Placas, hojas y tiras de mica aglomerada o reconstituida, incluso con soporte",6,KILOGRAMO NETO,KN,true
68149000,Las demás,Las demás,6,KILOGRAMO NETO,KN,true
68151000,"Manufacturas de grafito o de otros carbonos, para usos distintos de los eléctricos","Manufacturas de grafito o de otros carbonos, para usos distintos de los eléctricos",6,KILOGRAMO NETO,KN,true
68152000,Manufacturas de turba,Manufacturas de turba,6,KILOGRAMO NETO,KN,true
68159100,"Que contengan magnesita, dolomita o cromita","Que contengan magnesita, dolomita o cromita",6,KILOGRAMO NETO,KN,true
68159900,Las demás,Las demás,6,KILOGRAMO NETO,KN,true
69010000,"Ladrillos, placas, baldosas y demás piezas cerámicas de harinas silíceas fósiles (por ejemplo: «Kies","Ladrillos, placas, baldosas y demás piezas cerámicas de harinas silíceas fósiles (por ejemplo: «Kieselguhr», tripolita, diatomita) o de tierras silíceas análogas.",6,KILOGRAMO NETO,KN,true
69021000,"Con un contenido de los elementos Mg (magnesio), Ca (calcio) o Cr (cromo), considerados aislada o co","Con un contenido de los elementos Mg (magnesio), Ca (calcio) o Cr (cromo), considerados aislada o conjuntamente, superior al 50 % en peso, expresados en MgO (óxido de magnesio), CaO (óxido de calcio",6,KILOGRAMO NETO,KN,true
69022000,"Con un contenido de alúmina (Al2O3 ), de sílice SiO2) o de una mezcla o combinación de estos produc","Con un contenido de alúmina (Al2O3 ), de sílice SiO2) o de una mezcla o combinación de estos productos, superior al 50 % en peso",6,KILOGRAMO NETO,KN,true
69029000,Los demás,Los demás,6,KILOGRAMO NETO,KN,true
69031010,Retortas y crisoles,Retortas y crisoles,6,KILOGRAMO NETO,KN,true
69031090,Los demás,Los demás,6,KILOGRAMO NETO,KN,true
69032010,Retortas y crisoles,Retortas y crisoles,6,KILOGRAMO NETO,KN,true
69032090,Los demás,Los demás,6,KILOGRAMO NETO,KN,true
69039010,Retortas y crisoles,Retortas y crisoles,6,KILOGRAMO NETO,KN,true
69039090,Los demás,Los demás,6,KILOGRAMO NETO,KN,true
69041000,Ladrillos de construcción,Ladrillos de construcción,13,1000 UNIDADES,MU,true
69049000,Los demás,Los demás,6,KILOGRAMO NETO,KN,true
69051000,Tejas,Tejas,6,KILOGRAMO NETO,KN,true
69059000,Los demás,Los demás,6,KILOGRAMO NETO,KN,true
69060000,"Tubos, canalones y accesorios de tubería, de cerámica.","Tubos, canalones y accesorios de tubería, de cerámica.",6,KILOGRAMO NETO,KN,true
69071000,"Plaquitas, cubos, dados y artículos similares, incluso de forma distinta de la cuadrada o rectangul","Plaquitas, cubos, dados y artículos similares, incluso de forma distinta de la cuadrada o rectangular, en los que la superficie mayor pueda inscribirse en un cuadrado de lado inferior a 7 cm",15,METRO CUADRADO,MT2,true
69079000,Los demás,Los demás,15,METRO CUADRADO,MT2,true
69081000,"Plaquitas, cubos, dados y artículos similares, incluso de forma distinta de la cuadrada o rectangula","Plaquitas, cubos, dados y artículos similares, incluso de forma distinta de la cuadrada o rectangular, en los que la superficie mayor pueda inscribirse en un cuadrado de lado inferior a 7 cm",15,METRO CUADRADO,MT2,true
69089011,"Baldosas, incluso de forma distinta de la cuadrada o rectangular, en las que la superficie mayor pu","Baldosas, incluso de forma distinta de la cuadrada o rectangular, en las que la superficie mayor pueda inscribirse en un cuadrado de lado superior o igual a 7 cm pero inferior a 15 cm",15,METRO CUADRADO,MT2,true
69089012,"Baldosas, incluso de forma distinta de la cuadrada o rectangular, en las que la superficie mayor pu","Baldosas, incluso de forma distinta de la cuadrada o rectangular, en las que la superficie mayor pueda inscribirse en un cuadrado de lado superior o igual a 15 cm pero inferior a 30 cm",15,METRO CUADRADO,MT2,true
69089013,"Baldosas, incluso de forma distinta de la cuadrada o rectangular, en las que la superficie mayor pue","Baldosas, incluso de forma distinta de la cuadrada o rectangular, en las que la superficie mayor pueda inscribirse en un cuadrado de lado superior o igual a 30 cm pero inferior a 50 cm",15,METRO CUADRADO,MT2,true
69089019,Las demás,Las demás,15,METRO CUADRADO,MT2,true
69089021,"Baldosas, incluso de forma distinta de la cuadrada o rectangular, en las que la superficie mayor pue","Baldosas, incluso de forma distinta de la cuadrada o rectangular, en las que la superficie mayor pueda inscribirse en un cuadrado de lado superior o igual a 7 cm pero inferior a 20 cm",15,METRO CUADRADO,MT2,true
69089029,Las demás,Las demás,15,METRO CUADRADO,MT2,true
69089090,Los demás,Los demás,15,METRO CUADRADO,MT2,true
69091100,De porcelana,De porcelana,6,KILOGRAMO NETO,KN,true
69091200,Artículos con una dureza equivalente a 9 o superior en la escala de Mohs,Artículos con una dureza equivalente a 9 o superior en la escala de Mohs,6,KILOGRAMO NETO,KN,true
69091900,Los demás,Los demás,6,KILOGRAMO NETO,KN,true
69099000,Los demás,Los demás,6,KILOGRAMO NETO,KN,true
69101000,De porcelana,De porcelana,10,UNIDAD,U,true
69109020,Tazas de retretes con estanque de agua incorporado,Tazas de retretes con estanque de agua incorporado,10,UNIDAD,U,true
69109030,Tazas de retretes,Tazas de retretes,10,UNIDAD,U,true
69109040,Estanques para retretes,Estanques para retretes,10,UNIDAD,U,true
69109050,"Fregaderos, lavabos y pedestales","Fregaderos, lavabos y pedestales",10,UNIDAD,U,true
69109060,Bañeras,Bañeras,10,UNIDAD,U,true
69109090,Los demás,Los demás,10,UNIDAD,U,true
69111010,De porcelana de huesos,De porcelana de huesos,6,KILOGRAMO NETO,KN,true
69111090,Los demás,Los demás,6,KILOGRAMO NETO,KN,true
69119000,Los demás,Los demás,6,KILOGRAMO NETO,KN,true
69120010,De gres,De gres,6,KILOGRAMO NETO,KN,true
69120020,De loza o barro,De loza o barro,6,KILOGRAMO NETO,KN,true
69120090,Los demás,Los demás,6,KILOGRAMO NETO,KN,true
69131000,De porcelana,De porcelana,6,KILOGRAMO NETO,KN,true
69139000,Los demás,Los demás,6,KILOGRAMO NETO,KN,true
69141000,De porcelana,De porcelana,6,KILOGRAMO NETO,KN,true
69149000,Las demás,Las demás,6,KILOGRAMO NETO,KN,true
70010000,Desperdicios y desechos de vidrio; vidrio en masa.,Desperdicios y desechos de vidrio; vidrio en masa.,6,KILOGRAMO NETO,KN,true
70021000,Bolas,Bolas,6,KILOGRAMO NETO,KN,true
70022000,Barras o varillas,Barras o varillas,6,KILOGRAMO NETO,KN,true
70023100,De cuarzo o demás sílices fundidos,De cuarzo o demás sílices fundidos,6,KILOGRAMO NETO,KN,true
70023200,"De otro vidrio con un coeficiente de dilatación lineal inferior o igual a 5x10-6 por Kelvin, entre","De otro vidrio con un coeficiente de dilatación lineal inferior o igual a 5x10-6 por Kelvin, entre O ° C y 300 ° C",6,KILOGRAMO NETO,KN,true
70023900,Los demás,Los demás,6,KILOGRAMO NETO,KN,true
70031200,"Coloreadas en la masa, opacificadas, chapadas o con capa absorbente, reflectante o antirreflectante","Coloreadas en la masa, opacificadas, chapadas o con capa absorbente, reflectante o antirreflectante",15,METRO CUADRADO,MT2,true
70031900,Las demás,Las demás,15,METRO CUADRADO,MT2,true
70032000,"Placas y hojas, armadas","Placas y hojas, armadas",15,METRO CUADRADO,MT2,true
70033000,Perfiles,Perfiles,15,METRO CUADRADO,MT2,true
70042000,"Vidrio coloreado en la masa, opacificado, chapado o con capa absorbente, reflectante o antirreflect","Vidrio coloreado en la masa, opacificado, chapado o con capa absorbente, reflectante o antirreflectante",15,METRO CUADRADO,MT2,true
70049000,Los demás vidrios,Los demás vidrios,15,METRO CUADRADO,MT2,true
70051000,"Vidrio sin armar con capa absorbente, reflectante o antirreflectante","Vidrio sin armar con capa absorbente, reflectante o antirreflectante",15,METRO CUADRADO,MT2,true
70052110,"De espesor inferior o igual a 3,5 mm","De espesor inferior o igual a 3,5 mm",15,METRO CUADRADO,MT2,true
70052120,"De espesor superior a 3,5 mm pero inferior o igual a 4,5 mm","De espesor superior a 3,5 mm pero inferior o igual a 4,5 mm",15,METRO CUADRADO,MT2,true
70052190,Los demás,Los demás,15,METRO CUADRADO,MT2,true
70052910,"Flotado, de espesor inferior o igual a 3,5 mm","Flotado, de espesor inferior o igual a 3,5 mm",15,METRO CUADRADO,MT2,true
70052920,"Flotado, de espesor superior a 3,5 mm pero inferior o igual a 4,5 mm","Flotado, de espesor superior a 3,5 mm pero inferior o igual a 4,5 mm",15,METRO CUADRADO,MT2,true
70052930,"Flotado de espesor superior a 4,5 mm","Flotado de espesor superior a 4,5 mm",15,METRO CUADRADO,MT2,true
70052990,Los demás,Los demás,15,METRO CUADRADO,MT2,true
70053000,Vidrio armado,Vidrio armado,15,METRO CUADRADO,MT2,true
70060000,"Vidrio de las partidas 70.03, 70.04 ó 70.05, curvado, biselado, grabado, taladrado, esmaltado o trab","Vidrio de las partidas 70.03, 70.04 ó 70.05, curvado, biselado, grabado, taladrado, esmaltado o trabajado de otro modo, pero sin enmarcar ni combinar con otras materias.",6,KILOGRAMO NETO,KN,true
70071100,"De dimensiones y formatos que permitan su empleo en automóviles, aeronaves, barcos u otros vehícul","De dimensiones y formatos que permitan su empleo en automóviles, aeronaves, barcos u otros vehículos",6,KILOGRAMO NETO,KN,true
70071900,Los demás,Los demás,15,METRO CUADRADO,MT2,true
70072100,"De dimensiones y formatos que permitan su empleo en automóviles, aeronaves, barcos u otros vehículo","De dimensiones y formatos que permitan su empleo en automóviles, aeronaves, barcos u otros vehículos",6,KILOGRAMO NETO,KN,true
70072900,Los demás,Los demás,15,METRO CUADRADO,MT2,true
70080000,Vidrieras aislantes de paredes múltiples.,Vidrieras aislantes de paredes múltiples.,6,KILOGRAMO NETO,KN,true
70091000,Espejos retrovisores para vehículos,Espejos retrovisores para vehículos,6,KILOGRAMO NETO,KN,true
70099110,Con superficie reflectora inferior o igual a 1.000 cm2,Con superficie reflectora inferior o igual a 1.000 cm2,6,KILOGRAMO NETO,KN,true
70099120,Con superficie reflectora superior a 1.000 cm2,Con superficie reflectora superior a 1.000 cm2,6,KILOGRAMO NETO,KN,true
70099200,Enmarcados,Enmarcados,6,KILOGRAMO NETO,KN,true
70101000,Ampollas,Ampollas,6,KILOGRAMO NETO,KN,true
70102000,"Tapones, tapas y demás dispositivos de cierre","Tapones, tapas y demás dispositivos de cierre",6,KILOGRAMO NETO,KN,true
70109010,"Botellas para bebidas, de capacidad superior a 1 l","Botellas para bebidas, de capacidad superior a 1 l",6,KILOGRAMO NETO,KN,true
70109020,"Botellas para bebidas, de capacidad superior a 0,33 l pero inferior o igual a 1 l","Botellas para bebidas, de capacidad superior a 0,33 l pero inferior o igual a 1 l",6,KILOGRAMO NETO,KN,true
70109030,"Botellas para bebidas, de capacidad superior a 0,15 l pero inferior o igual a 0,33 l","Botellas para bebidas, de capacidad superior a 0,15 l pero inferior o igual a 0,33 l",6,KILOGRAMO NETO,KN,true
70109040,"Botellas para bebidas de capacidad inferior o igual a 0,15 l","Botellas para bebidas de capacidad inferior o igual a 0,15 l",6,KILOGRAMO NETO,KN,true
70109050,Frascos,Frascos,6,KILOGRAMO NETO,KN,true
70109090,Los demás,Los demás,6,KILOGRAMO NETO,KN,true
70111000,Para alumbrado eléctrico,Para alumbrado eléctrico,6,KILOGRAMO NETO,KN,true
70112010,Conos,Conos,6,KILOGRAMO NETO,KN,true
70112090,Los demás,Los demás,6,KILOGRAMO NETO,KN,true
70119000,Las demás,Las demás,6,KILOGRAMO NETO,KN,true
70131000,Artículos de vitrocerámica,Artículos de vitrocerámica,6,KILOGRAMO NETO,KN,true
70132200,De cristal al plomo,De cristal al plomo,6,KILOGRAMO NETO,KN,true
70132810,De vidrio templado,De vidrio templado,6,KILOGRAMO NETO,KN,true
70132891,"Hechos a mano, tallados o decorados de otro modo","Hechos a mano, tallados o decorados de otro modo",6,KILOGRAMO NETO,KN,true
70132899,Los demás,Los demás,6,KILOGRAMO NETO,KN,true
70133300,De cristal al plomo,De cristal al plomo,6,KILOGRAMO NETO,KN,true
70133710,De vidrio templado,De vidrio templado,6,KILOGRAMO NETO,KN,true
70133791,"Hechos a mano, tallados o decorados de otro modo","Hechos a mano, tallados o decorados de otro modo",6,KILOGRAMO NETO,KN,true
70133799,Los demás,Los demás,6,KILOGRAMO NETO,KN,true
70134100,De cristal al plomo,De cristal al plomo,6,KILOGRAMO NETO,KN,true
70134200,"De vidrio con un coeficiente de dilatación lineal inferior o igual 5x10-6 por Kelvin, entre 0 ° C","De vidrio con un coeficiente de dilatación lineal inferior o igual 5x10-6 por Kelvin, entre 0 ° C y 300 ° C",6,KILOGRAMO NETO,KN,true
70134910,De vidrio templado,De vidrio templado,6,KILOGRAMO NETO,KN,true
70134990,Los demás,Los demás,6,KILOGRAMO NETO,KN,true
70139100,De cristal al plomo,De cristal al plomo,6,KILOGRAMO NETO,KN,true
70139900,Los demás,Los demás,6,KILOGRAMO NETO,KN,true
70140000,"Vidrio para señalización y elementos de óptica de vidrio (excepto los de la partida 70.15), sin tra","Vidrio para señalización y elementos de óptica de vidrio (excepto los de la partida 70.15), sin trabajar ópticamente.",6,KILOGRAMO NETO,KN,true
70151000,Cristales correctores para gafas (anteojos),Cristales correctores para gafas (anteojos),6,KILOGRAMO NETO,KN,true
70159000,Los demás,Los demás,6,KILOGRAMO NETO,KN,true
70161000,"Cubos, dados y demás artículos similares, de vidrio, incluso con soporte, para mosaicos o decoracion","Cubos, dados y demás artículos similares, de vidrio, incluso con soporte, para mosaicos o decoraciones similares",6,KILOGRAMO NETO,KN,true
70169000,Los demás,Los demás,6,KILOGRAMO NETO,KN,true
70171000,De cuarzo o demás sílices fundidos,De cuarzo o demás sílices fundidos,6,KILOGRAMO NETO,KN,true
70172000,"De otro vidrio con un coeficiente de dilatación lineal inferior o igual a 5x10-6 por Kelvin, entre","De otro vidrio con un coeficiente de dilatación lineal inferior o igual a 5x10-6 por Kelvin, entre 0 ° C y 300 ° C",6,KILOGRAMO NETO,KN,true
70179000,Los demás,Los demás,6,KILOGRAMO NETO,KN,true
70181000,"Cuentas de vidrio, imitaciones de perlas, de piedras preciosas o semipreciosas y artículos similares","Cuentas de vidrio, imitaciones de perlas, de piedras preciosas o semipreciosas y artículos similares de abalorio",6,KILOGRAMO NETO,KN,true
70182000,Microesferas de vidrio con un diámetro inferior o igual a 1 mm,Microesferas de vidrio con un diámetro inferior o igual a 1 mm,6,KILOGRAMO NETO,KN,true
70189000,Los demás,Los demás,6,KILOGRAMO NETO,KN,true
70191100,"Hilados cortados («chopped strands»), de longitud inferior o igual a 50 mm","Hilados cortados («chopped strands»), de longitud inferior o igual a 50 mm",6,KILOGRAMO NETO,KN,true
70191200,«Rovings»,«Rovings»,6,KILOGRAMO NETO,KN,true
70191900,Los demás,Los demás,6,KILOGRAMO NETO,KN,true
70193100,«Mats»,«Mats»,6,KILOGRAMO NETO,KN,true
70193200,Velos,Velos,6,KILOGRAMO NETO,KN,true
70193900,Los demás,Los demás,6,KILOGRAMO NETO,KN,true
70194000,Tejidos de «rovings»,Tejidos de «rovings»,6,KILOGRAMO NETO,KN,true
70195100,De anchura inferior o igual a 30 cm,De anchura inferior o igual a 30 cm,6,KILOGRAMO NETO,KN,true
70195200,"De anchura superior a 30 cm, de ligamento tafetán, con peso inferior a 250 g/m², de filamentos de tí","De anchura superior a 30 cm, de ligamento tafetán, con peso inferior a 250 g/m², de filamentos de título inferior o igual a 136 tex por hilo sencillo",6,KILOGRAMO NETO,KN,true
70195900,Los demás,Los demás,6,KILOGRAMO NETO,KN,true
70199000,Las demás,Las demás,6,KILOGRAMO NETO,KN,true
70200000,Las demás manufacturas de vidrio.,Las demás manufacturas de vidrio.,6,KILOGRAMO NETO,KN,true
71011010,Enfiladas temporalmente para facilitar el transporte,Enfiladas temporalmente para facilitar el transporte,6,KILOGRAMO NETO,KN,true
71011090,Las demás,Las demás,6,KILOGRAMO NETO,KN,true
71012100,En bruto:,En bruto:,6,KILOGRAMO NETO,KN,true
71012210,Enfiladas temporalmente para facilitar el transporte,Enfiladas temporalmente para facilitar el transporte,6,KILOGRAMO NETO,KN,true
71012290,Las demás,Las demás,6,KILOGRAMO NETO,KN,true
71021000,Sin clasificar,Sin clasificar,5,KILATE,KLT,true
71022100,"En bruto o simplemente aserrados, exfoliados o desbastados","En bruto o simplemente aserrados, exfoliados o desbastados",5,KILATE,KLT,true
71022900,Los demás,Los demás,5,KILATE,KLT,true
71023100,"En bruto o simplemente aserrados, exfoliados o desbastados","En bruto o simplemente aserrados, exfoliados o desbastados",5,KILATE,KLT,true
71023900,Los demás,Los demás,5,KILATE,KLT,true
71031010,Lapislázuli,Lapislázuli,6,KILOGRAMO NETO,KN,true
71031090,Las demás,Las demás,6,KILOGRAMO NETO,KN,true
71039100,"Rubíes, zafiros y esmeraldas","Rubíes, zafiros y esmeraldas",5,KILATE,KLT,true
71039900,Las demás,Las demás,5,KILATE,KLT,true
71041000,Cuarzo piezoeléctrico,Cuarzo piezoeléctrico,6,KILOGRAMO NETO,KN,true
71042000,"Las demás, en bruto o simplemente aserradas o desbastadas","Las demás, en bruto o simplemente aserradas o desbastadas",6,KILOGRAMO NETO,KN,true
71049000,Las demás,Las demás,6,KILOGRAMO NETO,KN,true
71051000,De diamante,De diamante,5,KILATE,KLT,true
71059000,Los demás,Los demás,6,KILOGRAMO NETO,KN,true
71061000,Polvo,Polvo,6,KILOGRAMO NETO,KN,true
71069110,Sin alear,Sin alear,6,KILOGRAMO NETO,KN,true
71069120,Aleada,Aleada,6,KILOGRAMO NETO,KN,true
71069200,Semilabrada,Semilabrada,6,KILOGRAMO NETO,KN,true
71070000,"Chapado (plaqué) de plata sobre metal común, en bruto o semilabrado.","Chapado (plaqué) de plata sobre metal común, en bruto o semilabrado.",6,KILOGRAMO NETO,KN,true
71081100,Polvo,Polvo,6,KILOGRAMO NETO,KN,true
71081200,Las demás formas en bruto,Las demás formas en bruto,6,KILOGRAMO NETO,KN,true
71081300,Las demás formas semilabradas,Las demás formas semilabradas,6,KILOGRAMO NETO,KN,true
71082000,Para uso monetario,Para uso monetario,6,KILOGRAMO NETO,KN,true
71090000,"Chapado (plaqué) de oro sobre metal común o sobre plata, en bruto o semilabrado.","Chapado (plaqué) de oro sobre metal común o sobre plata, en bruto o semilabrado.",6,KILOGRAMO NETO,KN,true
71101100,En bruto o en polvo,En bruto o en polvo,6,KILOGRAMO NETO,KN,true
71101900,Los demás,Los demás,6,KILOGRAMO NETO,KN,true
71102100,En bruto o en polvo,En bruto o en polvo,6,KILOGRAMO NETO,KN,true
71102900,Los demás,Los demás,6,KILOGRAMO NETO,KN,true
71103100,En bruto o en polvo,En bruto o en polvo,6,KILOGRAMO NETO,KN,true
71103900,Los demás,Los demás,6,KILOGRAMO NETO,KN,true
71104100,En bruto o en polvo,En bruto o en polvo,6,KILOGRAMO NETO,KN,true
71104900,Los demás,Los demás,6,KILOGRAMO NETO,KN,true
71110000,"Chapado (plaqué) de platino sobre metal común, plata u oro, en bruto o semilabrado.","Chapado (plaqué) de platino sobre metal común, plata u oro, en bruto o semilabrado.",6,KILOGRAMO NETO,KN,true
71123000,Cenizas que contengan metal precioso o compuestos de metal precioso,Cenizas que contengan metal precioso o compuestos de metal precioso,6,KILOGRAMO NETO,KN,true
71129100,"De oro o de chapado (plaqué) de oro, excepto las barreduras que contengan otro metal precioso","De oro o de chapado (plaqué) de oro, excepto las barreduras que contengan otro metal precioso",6,KILOGRAMO NETO,KN,true
71129210,"Catalizadores sobre soporte, agotados, con platino o sus compuestos como materia activa","Catalizadores sobre soporte, agotados, con platino o sus compuestos como materia activa",6,KILOGRAMO NETO,KN,true
71129290,Los demás,Los demás,6,KILOGRAMO NETO,KN,true
71129900,Los demás,Los demás,6,KILOGRAMO NETO,KN,true
71131100,"De plata, incluso revestida o chapada de otro metal precioso (plaqué)","De plata, incluso revestida o chapada de otro metal precioso (plaqué)",6,KILOGRAMO NETO,KN,true
71131900,"De los demás metales preciosos, incluso revestidos o chapados de metal precioso (plaqué)","De los demás metales preciosos, incluso revestidos o chapados de metal precioso (plaqué)",6,KILOGRAMO NETO,KN,true
71132000,De chapado de metal precioso (plaqué) sobre metal común,De chapado de metal precioso (plaqué) sobre metal común,6,KILOGRAMO NETO,KN,true
71141100,"De plata, incluso revestida o chapada de otro metal precioso (plaqué)","De plata, incluso revestida o chapada de otro metal precioso (plaqué)",6,KILOGRAMO NETO,KN,true
71141900,"De los demás metales preciosos, incluso revestidos o chapados de metal precioso (plaqué)","De los demás metales preciosos, incluso revestidos o chapados de metal precioso (plaqué)",6,KILOGRAMO NETO,KN,true
71142000,De chapado de metal precioso (plaqué) sobre metal común,De chapado de metal precioso (plaqué) sobre metal común,6,KILOGRAMO NETO,KN,true
71151000,Catalizadores de platino en forma de tela o enrejado,Catalizadores de platino en forma de tela o enrejado,6,KILOGRAMO NETO,KN,true
71159000,Las demás,Las demás,6,KILOGRAMO NETO,KN,true
71161000,De perlas finas (naturales)* o cultivadas,De perlas finas (naturales)* o cultivadas,6,KILOGRAMO NETO,KN,true
71162000,"De piedras preciosas o semipreciosas (naturales, sintéticas o reconstituidas)","De piedras preciosas o semipreciosas (naturales, sintéticas o reconstituidas)",6,KILOGRAMO NETO,KN,true
71171100,Gemelos y pasadores similares,Gemelos y pasadores similares,6,KILOGRAMO NETO,KN,true
71171910,Dorados o platinados con partes de vidrio,Dorados o platinados con partes de vidrio,6,KILOGRAMO NETO,KN,true
71171920,Dorados o platinados sin partes de vidrio,Dorados o platinados sin partes de vidrio,6,KILOGRAMO NETO,KN,true
71171990,Las demás,Las demás,6,KILOGRAMO NETO,KN,true
71179000,Las demás,Las demás,6,KILOGRAMO NETO,KN,true
71181000,"Monedas sin curso legal, excepto las de oro","Monedas sin curso legal, excepto las de oro",6,KILOGRAMO NETO,KN,true
71189000,Las demás,Las demás,6,KILOGRAMO NETO,KN,true
72011000,"Fundición en bruto sin alear con un contenido de fósforo inferior o igual al 0,5 % en peso","Fundición en bruto sin alear con un contenido de fósforo inferior o igual al 0,5 % en peso",6,KILOGRAMO NETO,KN,true
72012000,"Fundición en bruto sin alear con un contenido de fósforo superior al 0,5 % en peso","Fundición en bruto sin alear con un contenido de fósforo superior al 0,5 % en peso",6,KILOGRAMO NETO,KN,true
72015000,Fundición en bruto aleada; fundición especular,Fundición en bruto aleada; fundición especular,6,KILOGRAMO NETO,KN,true
72021100,Con un contenido de carbono superior al 2 % en peso,Con un contenido de carbono superior al 2 % en peso,6,KILOGRAMO NETO,KN,true
72021900,Los demás,Los demás,6,KILOGRAMO NETO,KN,true
72022110,"Con un contenido de silicio superior al 55 % pero inferior o igual al 80 %, en peso","Con un contenido de silicio superior al 55 % pero inferior o igual al 80 %, en peso",6,KILOGRAMO NETO,KN,true
72022120,Con un contenido de silicio superior a 80 % en peso,Con un contenido de silicio superior a 80 % en peso,6,KILOGRAMO NETO,KN,true
72022900,Los demás,Los demás,6,KILOGRAMO NETO,KN,true
72023000,Ferro-sílico-manganeso,Ferro-sílico-manganeso,6,KILOGRAMO NETO,KN,true
72024100,Con un contenido de carbono superior al 4 % en peso,Con un contenido de carbono superior al 4 % en peso,6,KILOGRAMO NETO,KN,true
72024900,Los demás,Los demás,6,KILOGRAMO NETO,KN,true
72025000,Ferro-sílico-cromo,Ferro-sílico-cromo,6,KILOGRAMO NETO,KN,true
72026000,Ferroníquel,Ferroníquel,6,KILOGRAMO NETO,KN,true
72027000,Ferromolibdeno,Ferromolibdeno,6,KILOGRAMO NETO,KN,true
72028000,Ferrovolframio y ferro-sílico-volframio,Ferrovolframio y ferro-sílico-volframio,6,KILOGRAMO NETO,KN,true
72029100,Ferrotitanio y ferro-sílico-titanio,Ferrotitanio y ferro-sílico-titanio,6,KILOGRAMO NETO,KN,true
72029200,Ferrovanadio,Ferrovanadio,6,KILOGRAMO NETO,KN,true
72029300,Ferroniobio,Ferroniobio,6,KILOGRAMO NETO,KN,true
72029900,Las demás,Las demás,6,KILOGRAMO NETO,KN,true
72031000,Productos férreos obtenidos por reducción directa de minerales de hierro,Productos férreos obtenidos por reducción directa de minerales de hierro,6,KILOGRAMO NETO,KN,true
72039000,Los demás,Los demás,6,KILOGRAMO NETO,KN,true
72041000,"Desperdicios y desechos, de fundición","Desperdicios y desechos, de fundición",6,KILOGRAMO NETO,KN,true
72042100,De acero inoxidable,De acero inoxidable,6,KILOGRAMO NETO,KN,true
72042900,Los demás,Los demás,6,KILOGRAMO NETO,KN,true
72043000,"Desperdicios y desechos, de hierro o acero estañados","Desperdicios y desechos, de hierro o acero estañados",6,KILOGRAMO NETO,KN,true
72044100,"Torneaduras, virutas, esquirlas, limaduras (de amolado, aserrado, limado) y recortes de estampado o","Torneaduras, virutas, esquirlas, limaduras (de amolado, aserrado, limado) y recortes de estampado o de corte, incluso en paquetes",6,KILOGRAMO NETO,KN,true
72044900,Los demás,Los demás,6,KILOGRAMO NETO,KN,true
72045000,Lingotes de chatarra,Lingotes de chatarra,6,KILOGRAMO NETO,KN,true
72051000,Granallas,Granallas,6,KILOGRAMO NETO,KN,true
72052100,De aceros aleados,De aceros aleados,6,KILOGRAMO NETO,KN,true
72052900,Los demás,Los demás,6,KILOGRAMO NETO,KN,true
72061000,Lingotes,Lingotes,6,KILOGRAMO NETO,KN,true
72069000,Las demás,Las demás,6,KILOGRAMO NETO,KN,true
72071100,"De sección transversal cuadrada o rectangular, cuya anchura sea inferior al doble del espesor","De sección transversal cuadrada o rectangular, cuya anchura sea inferior al doble del espesor",6,KILOGRAMO NETO,KN,true
72071200,"Los demás, de sección transversal rectangular","Los demás, de sección transversal rectangular",6,KILOGRAMO NETO,KN,true
72071900,Los demás,Los demás,6,KILOGRAMO NETO,KN,true
72072000,"Con un contenido de carbono superior o igual al 0,25 % en peso","Con un contenido de carbono superior o igual al 0,25 % en peso",6,KILOGRAMO NETO,KN,true
72081000,"Enrollados, simplemente laminados en caliente, con motivos en relieve","Enrollados, simplemente laminados en caliente, con motivos en relieve",6,KILOGRAMO NETO,KN,true
72082500,"De espesor superior o igual a 4,75 mm","De espesor superior o igual a 4,75 mm",6,KILOGRAMO NETO,KN,true
72082600,"De espesor superior o igual a 3 mm pero inferior a 4,75 mm","De espesor superior o igual a 3 mm pero inferior a 4,75 mm",6,KILOGRAMO NETO,KN,true
72082700,De espesor inferior a 3 mm,De espesor inferior a 3 mm,6,KILOGRAMO NETO,KN,true
72083600,De espesor superior a 10 mm,De espesor superior a 10 mm,6,KILOGRAMO NETO,KN,true
72083700,"De espesor superior o igual a 4,75 mm pero inferior o igual a 10 mm","De espesor superior o igual a 4,75 mm pero inferior o igual a 10 mm",6,KILOGRAMO NETO,KN,true
72083800,"De espesor superior o igual a 3 mm pero inferior a 4,75 mm","De espesor superior o igual a 3 mm pero inferior a 4,75 mm",6,KILOGRAMO NETO,KN,true
72083900,De espesor inferior a 3 mm,De espesor inferior a 3 mm,6,KILOGRAMO NETO,KN,true
72084000,"Sin enrollar, simplemente laminados en caliente, con motivos en relieve","Sin enrollar, simplemente laminados en caliente, con motivos en relieve",6,KILOGRAMO NETO,KN,true
72085100,De espesor superior a 10 mm,De espesor superior a 10 mm,6,KILOGRAMO NETO,KN,true
72085200,"De espesor superior o igual a 4,75 mm pero inferior o igual a 10 mm","De espesor superior o igual a 4,75 mm pero inferior o igual a 10 mm",6,KILOGRAMO NETO,KN,true
72085300,"De espesor superior o igual a 3 mm pero inferior a 4,75 mm","De espesor superior o igual a 3 mm pero inferior a 4,75 mm",6,KILOGRAMO NETO,KN,true
72085400,De espesor inferior a 3 mm,De espesor inferior a 3 mm,6,KILOGRAMO NETO,KN,true
72089000,Los demás,Los demás,6,KILOGRAMO NETO,KN,true
72091500,De espesor superior o igual a 3 mm,De espesor superior o igual a 3 mm,6,KILOGRAMO NETO,KN,true
72091600,De espesor superior a 1 mm pero inferior a 3 mm,De espesor superior a 1 mm pero inferior a 3 mm,6,KILOGRAMO NETO,KN,true
72091700,"De espesor superior o igual a 0,5 mm pero inferior o igual a 1 mm","De espesor superior o igual a 0,5 mm pero inferior o igual a 1 mm",6,KILOGRAMO NETO,KN,true
72091800,"De espesor inferior a 0,5 mm","De espesor inferior a 0,5 mm",6,KILOGRAMO NETO,KN,true
72092500,De espesor superior o igual a 3 mm,De espesor superior o igual a 3 mm,6,KILOGRAMO NETO,KN,true
72092600,De espesor superior a 1 mm pero inferior a 3 mm,De espesor superior a 1 mm pero inferior a 3 mm,6,KILOGRAMO NETO,KN,true
72092700,"De espesor superior o igual a 0,5 mm pero inferior o igual a 1 mm","De espesor superior o igual a 0,5 mm pero inferior o igual a 1 mm",6,KILOGRAMO NETO,KN,true
72092800,"De espesor inferior a 0,5 mm","De espesor inferior a 0,5 mm",6,KILOGRAMO NETO,KN,true
72099000,Los demás,Los demás,6,KILOGRAMO NETO,KN,true
72101110,De hasta 1mm (hojalata),De hasta 1mm (hojalata),6,KILOGRAMO NETO,KN,true
72101190,Los demás,Los demás,6,KILOGRAMO NETO,KN,true
72101200,"De espesor inferior a 0,5 mm","De espesor inferior a 0,5 mm",6,KILOGRAMO NETO,KN,true
72102000,"Emplomados, incluidos los revestidos con una aleación de plomo y estaño","Emplomados, incluidos los revestidos con una aleación de plomo y estaño",6,KILOGRAMO NETO,KN,true
72103000,Cincados electrolíticamente,Cincados electrolíticamente,6,KILOGRAMO NETO,KN,true
72104100,Ondulados,Ondulados,6,KILOGRAMO NETO,KN,true
72104900,Los demás,Los demás,6,KILOGRAMO NETO,KN,true
72105000,Revestidos de óxidos de cromo o de cromo y óxidos de cromo,Revestidos de óxidos de cromo o de cromo y óxidos de cromo,6,KILOGRAMO NETO,KN,true
72106100,Revestidos de aleaciones de aluminio y cinc,Revestidos de aleaciones de aluminio y cinc,6,KILOGRAMO NETO,KN,true
72106900,Los demás,Los demás,6,KILOGRAMO NETO,KN,true
72107000,"Pintados, barnizados o revestidos de plástico","Pintados, barnizados o revestidos de plástico",6,KILOGRAMO NETO,KN,true
72109000,Los demás,Los demás,6,KILOGRAMO NETO,KN,true
72111300,"Laminados en las cuatro caras o en acanaladuras cerradas, de anchura superior a 150 mm y espesor sup","Laminados en las cuatro caras o en acanaladuras cerradas, de anchura superior a 150 mm y espesor superior o igual a 4 mm, sin enrollar y sin motivos en relieve",6,KILOGRAMO NETO,KN,true
72111400,"Los demás, de espesor superior o igual a 4,75 mm","Los demás, de espesor superior o igual a 4,75 mm",6,KILOGRAMO NETO,KN,true
72111900,Los demás,Los demás,6,KILOGRAMO NETO,KN,true
72112300,"Con un contenido de carbono inferior al 0,25 % en peso","Con un contenido de carbono inferior al 0,25 % en peso",6,KILOGRAMO NETO,KN,true
72112910,"Con un contenido de carbono superior o igual al 0,60 % en peso","Con un contenido de carbono superior o igual al 0,60 % en peso",6,KILOGRAMO NETO,KN,true
72112990,Los demás,Los demás,6,KILOGRAMO NETO,KN,true
72119000,Los demás,Los demás,6,KILOGRAMO NETO,KN,true
72121010,De hasta 1mm de espesor (hojalata),De hasta 1mm de espesor (hojalata),6,KILOGRAMO NETO,KN,true
72121090,Los demás,Los demás,6,KILOGRAMO NETO,KN,true
72122000,Cincados electrolíticamente,Cincados electrolíticamente,6,KILOGRAMO NETO,KN,true
72123000,Cincados de otro modo,Cincados de otro modo,6,KILOGRAMO NETO,KN,true
72124000,"Pintados, barnizados o revestidos de plástico","Pintados, barnizados o revestidos de plástico",6,KILOGRAMO NETO,KN,true
72125000,Revestidos de otro modo,Revestidos de otro modo,6,KILOGRAMO NETO,KN,true
72126000,Chapados,Chapados,6,KILOGRAMO NETO,KN,true
72131000,"Con muescas, cordones, surcos o relieves, producidos en el laminado","Con muescas, cordones, surcos o relieves, producidos en el laminado",6,KILOGRAMO NETO,KN,true
72132000,"Los demás, de acero de fácil mecanización","Los demás, de acero de fácil mecanización",6,KILOGRAMO NETO,KN,true
72139110,Con diámetro inferior a 14 mm pero superior o igual a 10 mm,Con diámetro inferior a 14 mm pero superior o igual a 10 mm,6,KILOGRAMO NETO,KN,true
72139120,Con diámetro inferior a 10 mm pero superior o igual a 7 mm,Con diámetro inferior a 10 mm pero superior o igual a 7 mm,6,KILOGRAMO NETO,KN,true
72139190,Los demás,Los demás,6,KILOGRAMO NETO,KN,true
72139900,Los demás,Los demás,6,KILOGRAMO NETO,KN,true
72141000,Forjadas,Forjadas,6,KILOGRAMO NETO,KN,true
72142000,"Con muescas, cordones, surcos o relieves, producidos en el laminado o sometidas a torsión después d","Con muescas, cordones, surcos o relieves, producidos en el laminado o sometidas a torsión después del laminado",6,KILOGRAMO NETO,KN,true
72143000,"Las demás, de acero de fácil mecanización","Las demás, de acero de fácil mecanización",6,KILOGRAMO NETO,KN,true
72149100,De sección transversal rectangular,De sección transversal rectangular,6,KILOGRAMO NETO,KN,true
72149900,Las demás,Las demás,6,KILOGRAMO NETO,KN,true
72151000,"De acero de fácil mecanización, simplemente obtenidas o acabadas en frío","De acero de fácil mecanización, simplemente obtenidas o acabadas en frío",6,KILOGRAMO NETO,KN,true
72155000,"Las demás, simplemente obtenidas o acabadas en frío","Las demás, simplemente obtenidas o acabadas en frío",6,KILOGRAMO NETO,KN,true
72159000,Las demás,Las demás,6,KILOGRAMO NETO,KN,true
72161000,"Perfiles en U, en I o en H, simplemente laminados o extrudidos en caliente, de altura inferior a 80","Perfiles en U, en I o en H, simplemente laminados o extrudidos en caliente, de altura inferior a 80 mm",6,KILOGRAMO NETO,KN,true
72162100,Perfiles en L,Perfiles en L,6,KILOGRAMO NETO,KN,true
72162200,Perfiles en T,Perfiles en T,6,KILOGRAMO NETO,KN,true
72163100,Perfiles en U,Perfiles en U,6,KILOGRAMO NETO,KN,true
72163200,Perfiles en I,Perfiles en I,6,KILOGRAMO NETO,KN,true
72163300,Perfiles en H,Perfiles en H,6,KILOGRAMO NETO,KN,true
72164000,"Perfiles en L o en T, simplemente laminados o extrudidos en caliente, de altura superior o igual a","Perfiles en L o en T, simplemente laminados o extrudidos en caliente, de altura superior o igual a 80 mm",6,KILOGRAMO NETO,KN,true
72165000,"Los demás perfiles, simplemente laminados o extrudidos en caliente","Los demás perfiles, simplemente laminados o extrudidos en caliente",6,KILOGRAMO NETO,KN,true
72166100,Obtenidos a partir de productos laminados planos,Obtenidos a partir de productos laminados planos,6,KILOGRAMO NETO,KN,true
72166900,Los demás,Los demás,6,KILOGRAMO NETO,KN,true
72169100,"Obtenidos o acabados en frío, a partir de productos laminados planos","Obtenidos o acabados en frío, a partir de productos laminados planos",6,KILOGRAMO NETO,KN,true
72169900,Los demás,Los demás,6,KILOGRAMO NETO,KN,true
72171000,"Sin revestir, incluso pulido","Sin revestir, incluso pulido",6,KILOGRAMO NETO,KN,true
72172000,Cincado,Cincado,6,KILOGRAMO NETO,KN,true
72173000,Revestido de otro metal común,Revestido de otro metal común,6,KILOGRAMO NETO,KN,true
72179000,Los demás,Los demás,6,KILOGRAMO NETO,KN,true
72181000,Lingotes o demás formas primarias,Lingotes o demás formas primarias,6,KILOGRAMO NETO,KN,true
72189100,De sección tranversal rectangular,De sección tranversal rectangular,6,KILOGRAMO NETO,KN,true
72189900,Los demás,Los demás,6,KILOGRAMO NETO,KN,true
72191100,De espesor superior a 10 mm,De espesor superior a 10 mm,6,KILOGRAMO NETO,KN,true
72191200,"De espesor superior o igual a 4,75 mm pero inferior o igual a","De espesor superior o igual a 4,75 mm pero inferior o igual a",6,KILOGRAMO NETO,KN,true
72191300,"De espesor superior o igual a 3 mm pero inferior a 4,75 mm","De espesor superior o igual a 3 mm pero inferior a 4,75 mm",6,KILOGRAMO NETO,KN,true
72191400,De espesor inferior a 3 mm,De espesor inferior a 3 mm,6,KILOGRAMO NETO,KN,true
72192100,De espesor superior a 10 mm,De espesor superior a 10 mm,6,KILOGRAMO NETO,KN,true
72192200,"De espesor superior o igual a 4,75 mm pero inferior o igual a 10 mm","De espesor superior o igual a 4,75 mm pero inferior o igual a 10 mm",6,KILOGRAMO NETO,KN,true
72192300,"De espesor superior o igual a 3 mm pero inferior a 4,75 mm","De espesor superior o igual a 3 mm pero inferior a 4,75 mm",6,KILOGRAMO NETO,KN,true
72192400,De espesor inferior a 3 mm,De espesor inferior a 3 mm,6,KILOGRAMO NETO,KN,true
72193100,"De espesor superior o igual a 4,75 mm","De espesor superior o igual a 4,75 mm",6,KILOGRAMO NETO,KN,true
72193200,"De espesor superior o igual a 3 mm pero inferior a 4,75 mm","De espesor superior o igual a 3 mm pero inferior a 4,75 mm",6,KILOGRAMO NETO,KN,true
72193300,De espesor superior a 1 mm pero inferior a 3 mm,De espesor superior a 1 mm pero inferior a 3 mm,6,KILOGRAMO NETO,KN,true
72193400,"De espesor superior o igual a 0,5 mm pero inferior o igual a 1 mm","De espesor superior o igual a 0,5 mm pero inferior o igual a 1 mm",6,KILOGRAMO NETO,KN,true
72193500,"De espesor inferior a 0,5 mm","De espesor inferior a 0,5 mm",6,KILOGRAMO NETO,KN,true
72199000,Los demás,Los demás,6,KILOGRAMO NETO,KN,true
72201100,"De espesor superior o igual a 4,75 mm","De espesor superior o igual a 4,75 mm",6,KILOGRAMO NETO,KN,true
72201200,"De espesor inferior a 4,75 mm","De espesor inferior a 4,75 mm",6,KILOGRAMO NETO,KN,true
72202000,Simplemente laminados en frío,Simplemente laminados en frío,6,KILOGRAMO NETO,KN,true
72209000,Los demás,Los demás,6,KILOGRAMO NETO,KN,true
72210000,Alambrón de acero inoxidable.,Alambrón de acero inoxidable.,6,KILOGRAMO NETO,KN,true
72221100,De sección circular,De sección circular,6,KILOGRAMO NETO,KN,true
72221900,Las demás,Las demás,6,KILOGRAMO NETO,KN,true
72222000,Barras simplemente obtenidas o acabadas en frío,Barras simplemente obtenidas o acabadas en frío,6,KILOGRAMO NETO,KN,true
72223000,Las demás barras,Las demás barras,6,KILOGRAMO NETO,KN,true
72224000,Perfiles,Perfiles,6,KILOGRAMO NETO,KN,true
72230000,Alambre de acero inoxidable.,Alambre de acero inoxidable.,6,KILOGRAMO NETO,KN,true
72241000,Lingotes o demás formas primarias,Lingotes o demás formas primarias,6,KILOGRAMO NETO,KN,true
72249000,Los demás,Los demás,6,KILOGRAMO NETO,KN,true
72251100,De grano orientado,De grano orientado,6,KILOGRAMO NETO,KN,true
72251900,Los demás,Los demás,6,KILOGRAMO NETO,KN,true
72253000,"Los demás, simplemente laminados en caliente, enrollados","Los demás, simplemente laminados en caliente, enrollados",6,KILOGRAMO NETO,KN,true
72254000,"Los demás, simplemente laminados en caliente, sin enrollar","Los demás, simplemente laminados en caliente, sin enrollar",6,KILOGRAMO NETO,KN,true
72255000,"Los demás, simplemente laminados en frío","Los demás, simplemente laminados en frío",6,KILOGRAMO NETO,KN,true
72259100,Cincados electrolíticamente,Cincados electrolíticamente,6,KILOGRAMO NETO,KN,true
72259200,Cincados de otro modo,Cincados de otro modo,6,KILOGRAMO NETO,KN,true
72259900,Los demás,Los demás,6,KILOGRAMO NETO,KN,true
72261100,De grano orientado,De grano orientado,6,KILOGRAMO NETO,KN,true
72261900,Los demás,Los demás,6,KILOGRAMO NETO,KN,true
72262000,De acero rápido,De acero rápido,6,KILOGRAMO NETO,KN,true
72269100,Simplemente laminados en caliente,Simplemente laminados en caliente,6,KILOGRAMO NETO,KN,true
72269200,Simplemente laminados en frío,Simplemente laminados en frío,6,KILOGRAMO NETO,KN,true
72269900,Los demás,Los demás,6,KILOGRAMO NETO,KN,true
72271000,De acero rápido,De acero rápido,6,KILOGRAMO NETO,KN,true
72272000,De acero silicomanganeso,De acero silicomanganeso,6,KILOGRAMO NETO,KN,true
72279000,Los demás,Los demás,6,KILOGRAMO NETO,KN,true
72281000,Barras de acero rápido,Barras de acero rápido,6,KILOGRAMO NETO,KN,true
72282000,Barras de acero silicomanganeso,Barras de acero silicomanganeso,6,KILOGRAMO NETO,KN,true
72283000,"Las demás barras, simplemente laminadas o extrudidas en caliente","Las demás barras, simplemente laminadas o extrudidas en caliente",6,KILOGRAMO NETO,KN,true
72284000,"Las demás barras, simplemente forjadas","Las demás barras, simplemente forjadas",6,KILOGRAMO NETO,KN,true
72285000,"Las demás barras, simplemente obtenidas o acabadas en frío","Las demás barras, simplemente obtenidas o acabadas en frío",6,KILOGRAMO NETO,KN,true
72286000,Las demás barras,Las demás barras,6,KILOGRAMO NETO,KN,true
72287000,Perfiles,Perfiles,6,KILOGRAMO NETO,KN,true
72288010,De aceros aleados,De aceros aleados,6,KILOGRAMO NETO,KN,true
72288020,De aceros sin alear,De aceros sin alear,6,KILOGRAMO NETO,KN,true
72292000,De acero silicomanganeso,De acero silicomanganeso,6,KILOGRAMO NETO,KN,true
72299000,Los demás,Los demás,6,KILOGRAMO NETO,KN,true
73011000,Tablestacas,Tablestacas,6,KILOGRAMO NETO,KN,true
73012000,Perfiles,Perfiles,6,KILOGRAMO NETO,KN,true
73021000,Carriles (rieles),Carriles (rieles),6,KILOGRAMO NETO,KN,true
73023000,"Agujas, puntas de corazón, varillas para mando de agujas y otros elementos para cruce o cambio de ví","Agujas, puntas de corazón, varillas para mando de agujas y otros elementos para cruce o cambio de vías",6,KILOGRAMO NETO,KN,true
73024000,Bridas y placas de asiento,Bridas y placas de asiento,6,KILOGRAMO NETO,KN,true
73029000,Los demás,Los demás,6,KILOGRAMO NETO,KN,true
73030000,"Tubos y perfiles huecos, de fundición.","Tubos y perfiles huecos, de fundición.",6,KILOGRAMO NETO,KN,true
73041100,De acero inoxidable,De acero inoxidable,6,KILOGRAMO NETO,KN,true
73041900,Los demás,Los demás,6,KILOGRAMO NETO,KN,true
73042200,Tubos de perforación de acero inoxidable,Tubos de perforación de acero inoxidable,6,KILOGRAMO NETO,KN,true
73042300,Los demás tubos de perforación,Los demás tubos de perforación,6,KILOGRAMO NETO,KN,true
73042400,"Los demás, de acero inoxidable","Los demás, de acero inoxidable",6,KILOGRAMO NETO,KN,true
73042900,Los demás,Los demás,6,KILOGRAMO NETO,KN,true
73043100,Estirados o laminados en frío,Estirados o laminados en frío,6,KILOGRAMO NETO,KN,true
73043900,Los demás,Los demás,6,KILOGRAMO NETO,KN,true
73044110,De diámetro exterior inferior a 19 mm,De diámetro exterior inferior a 19 mm,6,KILOGRAMO NETO,KN,true
73044190,Los demás,Los demás,6,KILOGRAMO NETO,KN,true
73044900,Los demás,Los demás,6,KILOGRAMO NETO,KN,true
73045100,Estirados o laminados en frío,Estirados o laminados en frío,6,KILOGRAMO NETO,KN,true
73045900,Los demás,Los demás,6,KILOGRAMO NETO,KN,true
73049000,Los demás,Los demás,6,KILOGRAMO NETO,KN,true
73051100,Soldados longitudinalmente con arco sumergido,Soldados longitudinalmente con arco sumergido,6,KILOGRAMO NETO,KN,true
73051200,"Los demás, soldados longitudinalmente","Los demás, soldados longitudinalmente",6,KILOGRAMO NETO,KN,true
73051900,Los demás,Los demás,6,KILOGRAMO NETO,KN,true
73052000,Tubos de entubación («casing») de los tipos utilizados para la extracción de petróleo o gas,Tubos de entubación («casing») de los tipos utilizados para la extracción de petróleo o gas,6,KILOGRAMO NETO,KN,true
73053100,Soldados longitudinalmente,Soldados longitudinalmente,6,KILOGRAMO NETO,KN,true
73053900,Los demás,Los demás,6,KILOGRAMO NETO,KN,true
73059000,Los demás,Los demás,6,KILOGRAMO NETO,KN,true
73061100,"Soldados, de acero inoxidable","Soldados, de acero inoxidable",6,KILOGRAMO NETO,KN,true
73061900,Los demás,Los demás,6,KILOGRAMO NETO,KN,true
73062100,"Soldados, de acero inoxidable","Soldados, de acero inoxidable",6,KILOGRAMO NETO,KN,true
73062900,Los demás,Los demás,6,KILOGRAMO NETO,KN,true
73063000,"Los demás, soldados, de sección circular, de hierro o acero sin alear","Los demás, soldados, de sección circular, de hierro o acero sin alear",6,KILOGRAMO NETO,KN,true
73064000,"Los demás, soldados, de sección circular, de acero inoxidable","Los demás, soldados, de sección circular, de acero inoxidable",6,KILOGRAMO NETO,KN,true
73065000,"Los demás, soldados, de sección circular, de los demás aceros aleados","Los demás, soldados, de sección circular, de los demás aceros aleados",6,KILOGRAMO NETO,KN,true
73066100,De sección cuadrada o rectangular,De sección cuadrada o rectangular,6,KILOGRAMO NETO,KN,true
73066900,Los demás,Los demás,6,KILOGRAMO NETO,KN,true
73069000,Los demás,Los demás,6,KILOGRAMO NETO,KN,true
73071100,De fundición no maleable,De fundición no maleable,6,KILOGRAMO NETO,KN,true
73071900,Los demás,Los demás,6,KILOGRAMO NETO,KN,true
73072100,Bridas,Bridas,6,KILOGRAMO NETO,KN,true
73072200,"Codos, curvas y manguitos, roscados","Codos, curvas y manguitos, roscados",6,KILOGRAMO NETO,KN,true
73072300,Accesorios para soldar a tope,Accesorios para soldar a tope,6,KILOGRAMO NETO,KN,true
73072900,Los demás,Los demás,6,KILOGRAMO NETO,KN,true
73079100,Bridas,Bridas,6,KILOGRAMO NETO,KN,true
73079200,"Codos, curvas y manguitos, roscados","Codos, curvas y manguitos, roscados",6,KILOGRAMO NETO,KN,true
73079300,Accesorios para soldar a tope,Accesorios para soldar a tope,6,KILOGRAMO NETO,KN,true
73079900,Los demás,Los demás,6,KILOGRAMO NETO,KN,true
73081000,Puentes y sus partes,Puentes y sus partes,6,KILOGRAMO NETO,KN,true
73082000,Torres y castilletes,Torres y castilletes,6,KILOGRAMO NETO,KN,true
73083000,"Puertas y ventanas y sus marcos, contramarcos y umbrales","Puertas y ventanas y sus marcos, contramarcos y umbrales",6,KILOGRAMO NETO,KN,true
73084000,"Material de andamiaje, encofrado, apeo o apuntalamiento","Material de andamiaje, encofrado, apeo o apuntalamiento",6,KILOGRAMO NETO,KN,true
73089000,Los demás,Los demás,6,KILOGRAMO NETO,KN,true
73090010,"Para gases, excluidos los gases comprimidos o licuados","Para gases, excluidos los gases comprimidos o licuados",6,KILOGRAMO NETO,KN,true
73090021,Con revestimiento interior o calorífugo,Con revestimiento interior o calorífugo,6,KILOGRAMO NETO,KN,true
73090022,"Sin revestimiento interior o calorífugo, con capacidad superior a 100.000 l","Sin revestimiento interior o calorífugo, con capacidad superior a 100.000 l",6,KILOGRAMO NETO,KN,true
73090023,"Sin revestimiento interior o calorífugo, con capacidad inferior o igual a 100.000 l","Sin revestimiento interior o calorífugo, con capacidad inferior o igual a 100.000 l",6,KILOGRAMO NETO,KN,true
73090090,Los demás,Los demás,6,KILOGRAMO NETO,KN,true
73101010,"Barriles, tambores y bidones","Barriles, tambores y bidones",6,KILOGRAMO NETO,KN,true
73101090,Los demás,Los demás,6,KILOGRAMO NETO,KN,true
73102100,Latas o botes para ser cerrados por soldadura o rebordeado,Latas o botes para ser cerrados por soldadura o rebordeado,6,KILOGRAMO NETO,KN,true
73102910,"Barriles, tambores y bidones","Barriles, tambores y bidones",6,KILOGRAMO NETO,KN,true
73102990,Los demás,Los demás,6,KILOGRAMO NETO,KN,true
73110010,De capacidad inferior o igual a 100 litros,De capacidad inferior o igual a 100 litros,6,KILOGRAMO NETO,KN,true
73110020,De capacidad superior a 100 litros pero inferior o igual a 500 litros,De capacidad superior a 100 litros pero inferior o igual a 500 litros,6,KILOGRAMO NETO,KN,true
73110030,De capacidad superior a 500 litros pero inferior o igual a 1.000 litros,De capacidad superior a 500 litros pero inferior o igual a 1.000 litros,6,KILOGRAMO NETO,KN,true
73110090,Los demás,Los demás,6,KILOGRAMO NETO,KN,true
73121010,De alambre de sección circular de diámetro superior o igual a 1 mm pero inferior o igual a 80 mm.,De alambre de sección circular de diámetro superior o igual a 1 mm pero inferior o igual a 80 mm.,6,KILOGRAMO NETO,KN,true
73121090,Los demás,Los demás,6,KILOGRAMO NETO,KN,true
73129000,Los demás,Los demás,6,KILOGRAMO NETO,KN,true
73130000,"Alambre de púas, de hierro o acero; alambre (simple o doble) y fleje, torcidos, incluso con púas, de","Alambre de púas, de hierro o acero; alambre (simple o doble) y fleje, torcidos, incluso con púas, de hierro o acero, de los tipos utilizados para cercar.",6,KILOGRAMO NETO,KN,true
73141200,"Telas metálicas continuas o sin fin, de acero inoxidable, para máquinas","Telas metálicas continuas o sin fin, de acero inoxidable, para máquinas",6,KILOGRAMO NETO,KN,true
73141400,"Las demás telas metálicas tejidas, de acero inoxidable","Las demás telas metálicas tejidas, de acero inoxidable",6,KILOGRAMO NETO,KN,true
73141900,Las demás,Las demás,6,KILOGRAMO NETO,KN,true
73142000,"Redes y rejas, soldadas en los puntos de cruce, de alambre cuya mayor dimensión de la sección transv","Redes y rejas, soldadas en los puntos de cruce, de alambre cuya mayor dimensión de la sección transversal sea superior o igual a 3 mm y con malla de superficie superior o igual a 100 cm²",6,KILOGRAMO NETO,KN,true
73143100,Cincadas,Cincadas,6,KILOGRAMO NETO,KN,true
73143900,Las demás,Las demás,6,KILOGRAMO NETO,KN,true
73144110,"Gaviones de alambre de acero galvanizado, incluso","Gaviones de alambre de acero galvanizado, incluso",6,KILOGRAMO NETO,KN,true
73144190,Los demás,Los demás,6,KILOGRAMO NETO,KN,true
73144200,Revestidas de plástico,Revestidas de plástico,6,KILOGRAMO NETO,KN,true
73144900,Las demás,Las demás,6,KILOGRAMO NETO,KN,true
73145000,"Chapas y tiras, extendidas (desplegadas)","Chapas y tiras, extendidas (desplegadas)",6,KILOGRAMO NETO,KN,true
73151100,Cadenas de rodillo,Cadenas de rodillo,6,KILOGRAMO NETO,KN,true
73151200,Las demás cadenas,Las demás cadenas,6,KILOGRAMO NETO,KN,true
73151900,Partes,Partes,6,KILOGRAMO NETO,KN,true
73152000,Cadenas antideslizantes,Cadenas antideslizantes,6,KILOGRAMO NETO,KN,true
73158100,Cadenas de eslabones con contrete (travesaño),Cadenas de eslabones con contrete (travesaño),6,KILOGRAMO NETO,KN,true
73158200,"Las demás cadenas, de eslabones soldados","Las demás cadenas, de eslabones soldados",6,KILOGRAMO NETO,KN,true
73158910,Para transmisión,Para transmisión,6,KILOGRAMO NETO,KN,true
73158990,Las demás,Las demás,6,KILOGRAMO NETO,KN,true
73159000,Las demás partes,Las demás partes,6,KILOGRAMO NETO,KN,true
73160000,"Anclas, rezones y sus partes, de fundición, hierro o acero.","Anclas, rezones y sus partes, de fundición, hierro o acero.",6,KILOGRAMO NETO,KN,true
73170010,Puntas y clavos,Puntas y clavos,6,KILOGRAMO NETO,KN,true
73170090,Los demás,Los demás,6,KILOGRAMO NETO,KN,true
73181100,Tirafondos,Tirafondos,6,KILOGRAMO NETO,KN,true
73181200,Los demás tornillos para madera,Los demás tornillos para madera,6,KILOGRAMO NETO,KN,true
73181300,"Escarpias y armellas, roscadas","Escarpias y armellas, roscadas",6,KILOGRAMO NETO,KN,true
73181400,Tornillos taladradores,Tornillos taladradores,6,KILOGRAMO NETO,KN,true
73181500,"Los demás tornillos y pernos, incluso con sus tuercas y arandelas","Los demás tornillos y pernos, incluso con sus tuercas y arandelas",6,KILOGRAMO NETO,KN,true
73181600,Tuercas,Tuercas,6,KILOGRAMO NETO,KN,true
73181900,Los demás,Los demás,6,KILOGRAMO NETO,KN,true
73182100,Arandelas de muelle (resorte) y las demás de seguridad,Arandelas de muelle (resorte) y las demás de seguridad,6,KILOGRAMO NETO,KN,true
73182200,Las demás arandelas,Las demás arandelas,6,KILOGRAMO NETO,KN,true
73182300,Remaches,Remaches,6,KILOGRAMO NETO,KN,true
73182400,"Pasadores, clavijas y chavetas","Pasadores, clavijas y chavetas",6,KILOGRAMO NETO,KN,true
73182900,Los demás,Los demás,6,KILOGRAMO NETO,KN,true
73192000,Alfileres de gancho (imperdibles),Alfileres de gancho (imperdibles),6,KILOGRAMO NETO,KN,true
73193000,Los demás alfileres,Los demás alfileres,6,KILOGRAMO NETO,KN,true
73199000,Los demás,Los demás,6,KILOGRAMO NETO,KN,true
73201000,Ballestas y sus hojas,Ballestas y sus hojas,6,KILOGRAMO NETO,KN,true
73202000,Muelles (resortes) helicoidales,Muelles (resortes) helicoidales,6,KILOGRAMO NETO,KN,true
73209000,Los demás,Los demás,6,KILOGRAMO NETO,KN,true
73211110,Cocinas (excepto las portátiles),Cocinas (excepto las portátiles),10,UNIDAD,U,true
73211120,Estufas (excepto las portátiles),Estufas (excepto las portátiles),10,UNIDAD,U,true
73211190,Los demás,Los demás,10,UNIDAD,U,true
73211210,Cocinas,Cocinas,10,UNIDAD,U,true
73211290,Los demás,Los demás,10,UNIDAD,U,true
73211910,Cocinas,Cocinas,10,UNIDAD,U,true
73211990,Los demás,Los demás,10,UNIDAD,U,true
73218110,De combustibles gaseosos,De combustibles gaseosos,10,UNIDAD,U,true
73218120,De gas y otros combustibles,De gas y otros combustibles,10,UNIDAD,U,true
73218200,De combustibles líquidos,De combustibles líquidos,10,UNIDAD,U,true
73218900,"Los demás, incluidos los aparatos de combustibles sólidos","Los demás, incluidos los aparatos de combustibles sólidos",10,UNIDAD,U,true
73219000,Partes,Partes,6,KILOGRAMO NETO,KN,true
73221100,De fundición,De fundición,6,KILOGRAMO NETO,KN,true
73221900,Los demás,Los demás,6,KILOGRAMO NETO,KN,true
73229000,Los demás,Los demás,6,KILOGRAMO NETO,KN,true
73231000,"Lana de hierro o acero; esponjas, estropajos, guantes y artículos similares para fregar, lustrar o","Lana de hierro o acero; esponjas, estropajos, guantes y artículos similares para fregar, lustrar o usos análogos",6,KILOGRAMO NETO,KN,true
73239100,"De fundición, sin esmaltar","De fundición, sin esmaltar",6,KILOGRAMO NETO,KN,true
73239200,"De fundición, esmaltados","De fundición, esmaltados",6,KILOGRAMO NETO,KN,true
73239300,De acero inoxidable,De acero inoxidable,6,KILOGRAMO NETO,KN,true
73239400,"De hierro o acero, esmaltados","De hierro o acero, esmaltados",6,KILOGRAMO NETO,KN,true
73239900,Los demás,Los demás,6,KILOGRAMO NETO,KN,true
73241000,"Fregaderos (piletas de lavar) y lavabos, de acero inoxidable","Fregaderos (piletas de lavar) y lavabos, de acero inoxidable",6,KILOGRAMO NETO,KN,true
73242100,"De fundición, incluso esmaltadas","De fundición, incluso esmaltadas",6,KILOGRAMO NETO,KN,true
73242900,Las demás,Las demás,6,KILOGRAMO NETO,KN,true
73249000,"Los demás, incluidas las partes","Los demás, incluidas las partes",6,KILOGRAMO NETO,KN,true
73251000,De fundición no maleable,De fundición no maleable,6,KILOGRAMO NETO,KN,true
73259110,Para molienda de minerales,Para molienda de minerales,6,KILOGRAMO NETO,KN,true
73259190,Las demás,Las demás,6,KILOGRAMO NETO,KN,true
73259900,Las demás,Las demás,6,KILOGRAMO NETO,KN,true
73261110,Para molienda de minerales,Para molienda de minerales,6,KILOGRAMO NETO,KN,true
73261190,Las demás,Las demás,6,KILOGRAMO NETO,KN,true
73261900,Las demás,Las demás,6,KILOGRAMO NETO,KN,true
73262000,Manufacturas de alambre de hierro o acero,Manufacturas de alambre de hierro o acero,6,KILOGRAMO NETO,KN,true
73269000,Las demás,Las demás,6,KILOGRAMO NETO,KN,true
74010000,Matas de cobre; cobre de cementación (cobre precipitado).,Matas de cobre; cobre de cementación (cobre precipitado).,6,KILOGRAMO NETO,KN,true
74020010,Cobre para el afino,Cobre para el afino,6,KILOGRAMO NETO,KN,true
74020090,Los demás,Los demás,6,KILOGRAMO NETO,KN,true
74031100,Cátodos y secciones de cátodos,Cátodos y secciones de cátodos,6,KILOGRAMO NETO,KN,true
74031200,Barras para alambrón («wire-bars»),Barras para alambrón («wire-bars»),6,KILOGRAMO NETO,KN,true
74031300,Tochos,Tochos,6,KILOGRAMO NETO,KN,true
74031900,Los demás,Los demás,6,KILOGRAMO NETO,KN,true
74032100,A base de cobre-cinc (latón),A base de cobre-cinc (latón),6,KILOGRAMO NETO,KN,true
74032200,A base de cobre-estaño (bronce),A base de cobre-estaño (bronce),6,KILOGRAMO NETO,KN,true
74032900,Las demás aleaciones de cobre (excepto las aleaciones madre de la partida 74.05),Las demás aleaciones de cobre (excepto las aleaciones madre de la partida 74.05),6,KILOGRAMO NETO,KN,true
74040011,Anodos gastados; desperdicios y desechos con contenido de cobre inferior al 94 % en peso,Anodos gastados; desperdicios y desechos con contenido de cobre inferior al 94 % en peso,6,KILOGRAMO NETO,KN,true
74040019,Los demás,Los demás,6,KILOGRAMO NETO,KN,true
74040021,A base de cobre-cinc (latón),A base de cobre-cinc (latón),6,KILOGRAMO NETO,KN,true
74040029,Los demás,Los demás,6,KILOGRAMO NETO,KN,true
74040090,Los demás,Los demás,6,KILOGRAMO NETO,KN,true
74050000,Aleaciones madre de cobre.,Aleaciones madre de cobre.,6,KILOGRAMO NETO,KN,true
74061000,Polvo de estructura no laminar,Polvo de estructura no laminar,6,KILOGRAMO NETO,KN,true
74062000,Polvo de estructura laminar; escamillas,Polvo de estructura laminar; escamillas,6,KILOGRAMO NETO,KN,true
74071010,Perfiles huecos,Perfiles huecos,6,KILOGRAMO NETO,KN,true
74071090,Los demás,Los demás,6,KILOGRAMO NETO,KN,true
74072110,Perfiles huecos,Perfiles huecos,6,KILOGRAMO NETO,KN,true
74072190,Los demás,Los demás,6,KILOGRAMO NETO,KN,true
74072911,Perfiles huecos,Perfiles huecos,6,KILOGRAMO NETO,KN,true
74072919,Los demás,Los demás,6,KILOGRAMO NETO,KN,true
74072991,Perfiles huecos,Perfiles huecos,6,KILOGRAMO NETO,KN,true
74072999,Los demás,Los demás,6,KILOGRAMO NETO,KN,true
74081110,"De sección transversal inferior o igual a 9,5 mm","De sección transversal inferior o igual a 9,5 mm",6,KILOGRAMO NETO,KN,true
74081190,Los demás,Los demás,6,KILOGRAMO NETO,KN,true
74081900,Los demás,Los demás,6,KILOGRAMO NETO,KN,true
74082110,En los que la mayor sección transversal sea superior a 6 mm,En los que la mayor sección transversal sea superior a 6 mm,6,KILOGRAMO NETO,KN,true
74082190,Los demás,Los demás,6,KILOGRAMO NETO,KN,true
74082210,En los que la mayor sección transversal sea superior a 6 mm,En los que la mayor sección transversal sea superior a 6 mm,6,KILOGRAMO NETO,KN,true
74082290,Los demás,Los demás,6,KILOGRAMO NETO,KN,true
74082910,En los que la mayor sección transversal sea superior a 6 mm,En los que la mayor sección transversal sea superior a 6 mm,6,KILOGRAMO NETO,KN,true
74082990,Los demás,Los demás,6,KILOGRAMO NETO,KN,true
74091100,Enrolladas,Enrolladas,6,KILOGRAMO NETO,KN,true
74091900,Las demás,Las demás,6,KILOGRAMO NETO,KN,true
74092100,Enrolladas,Enrolladas,6,KILOGRAMO NETO,KN,true
74092900,Las demás,Las demás,6,KILOGRAMO NETO,KN,true
74093100,Enrolladas,Enrolladas,6,KILOGRAMO NETO,KN,true
74093900,Las demás,Las demás,6,KILOGRAMO NETO,KN,true
74094000,De aleaciones a base de cobre-níquel (cuproníquel) o de cobre-níquel-cinc (alpaca),De aleaciones a base de cobre-níquel (cuproníquel) o de cobre-níquel-cinc (alpaca),6,KILOGRAMO NETO,KN,true
74099000,De las demás aleaciones de cobre,De las demás aleaciones de cobre,6,KILOGRAMO NETO,KN,true
74101100,De cobre refinado,De cobre refinado,6,KILOGRAMO NETO,KN,true
74101200,De aleaciones de cobre,De aleaciones de cobre,6,KILOGRAMO NETO,KN,true
74102100,De cobre refinado,De cobre refinado,6,KILOGRAMO NETO,KN,true
74102200,De aleaciones de cobre,De aleaciones de cobre,6,KILOGRAMO NETO,KN,true
74111000,De cobre refinado,De cobre refinado,6,KILOGRAMO NETO,KN,true
74112100,A base de cobre-cinc (latón),A base de cobre-cinc (latón),6,KILOGRAMO NETO,KN,true
74112200,A base de cobre-níquel (cuproníquel) o de cobre-níquel-cinc (alpaca),A base de cobre-níquel (cuproníquel) o de cobre-níquel-cinc (alpaca),6,KILOGRAMO NETO,KN,true
74112900,Los demás,Los demás,6,KILOGRAMO NETO,KN,true
74121000,De cobre refinado,De cobre refinado,6,KILOGRAMO NETO,KN,true
74122000,De aleaciones de cobre,De aleaciones de cobre,6,KILOGRAMO NETO,KN,true
74130000,"Cables, trenzas y artículos similares, de cobre, sin aislar para electricidad.","Cables, trenzas y artículos similares, de cobre, sin aislar para electricidad.",6,KILOGRAMO NETO,KN,true
74151000,"Puntas y clavos, chinchetas (chinches), grapas apuntadas y artículos similares","Puntas y clavos, chinchetas (chinches), grapas apuntadas y artículos similares",6,KILOGRAMO NETO,KN,true
74152100,Arandelas (incluidas las arandelas de muelle (resorte),Arandelas (incluidas las arandelas de muelle (resorte),6,KILOGRAMO NETO,KN,true
74152900,Los demás,Los demás,6,KILOGRAMO NETO,KN,true
74153300,Tornillos; pernos y tuercas,Tornillos; pernos y tuercas,6,KILOGRAMO NETO,KN,true
74153900,Los demás,Los demás,6,KILOGRAMO NETO,KN,true
74181100,"Esponjas, estropajos, guantes y artículos similares para fregar, lustrar o usos análogos","Esponjas, estropajos, guantes y artículos similares para fregar, lustrar o usos análogos",6,KILOGRAMO NETO,KN,true
74181900,Los demás,Los demás,6,KILOGRAMO NETO,KN,true
74182000,"Artículos de higiene o tocador, y sus partes","Artículos de higiene o tocador, y sus partes",6,KILOGRAMO NETO,KN,true
74191000,Cadenas y sus partes,Cadenas y sus partes,6,KILOGRAMO NETO,KN,true
74199100,"Coladas, moldeadas, estampadas o forjadas, pero sin trabajar de otro modo","Coladas, moldeadas, estampadas o forjadas, pero sin trabajar de otro modo",6,KILOGRAMO NETO,KN,true
74199911,"De aleaciones a base de cobre, aluminio, níquel","De aleaciones a base de cobre, aluminio, níquel",6,KILOGRAMO NETO,KN,true
74199919,Los demás,Los demás,6,KILOGRAMO NETO,KN,true
74199990,Las demás,Las demás,6,KILOGRAMO NETO,KN,true
75011000,Matas de níquel,Matas de níquel,6,KILOGRAMO NETO,KN,true
75012000,«Sinters» de óxidos de níquel y demás productos intermedios de la metalurgia del níquel,«Sinters» de óxidos de níquel y demás productos intermedios de la metalurgia del níquel,6,KILOGRAMO NETO,KN,true
75021000,Níquel sin alear,Níquel sin alear,6,KILOGRAMO NETO,KN,true
75022000,Aleaciones de níquel,Aleaciones de níquel,6,KILOGRAMO NETO,KN,true
75030000,"Desperdicios y desechos, de níquel.","Desperdicios y desechos, de níquel.",6,KILOGRAMO NETO,KN,true
75040000,"Polvo y escamillas, de níquel.","Polvo y escamillas, de níquel.",6,KILOGRAMO NETO,KN,true
75051100,De níquel sin alear,De níquel sin alear,6,KILOGRAMO NETO,KN,true
75051200,De aleaciones de níquel,De aleaciones de níquel,6,KILOGRAMO NETO,KN,true
75052100,De níquel sin alear,De níquel sin alear,6,KILOGRAMO NETO,KN,true
75052200,De aleaciones de níquel,De aleaciones de níquel,6,KILOGRAMO NETO,KN,true
75061010,"Hojas con espesor inferior o igual a 0,15 mm","Hojas con espesor inferior o igual a 0,15 mm",6,KILOGRAMO NETO,KN,true
75061090,Las demás,Las demás,6,KILOGRAMO NETO,KN,true
75062010,"Hojas con espesor inferior o igual a 0,15 mm","Hojas con espesor inferior o igual a 0,15 mm",6,KILOGRAMO NETO,KN,true
75062090,Las demás,Las demás,6,KILOGRAMO NETO,KN,true
75071100,De níquel sin alear,De níquel sin alear,6,KILOGRAMO NETO,KN,true
75071200,De aleaciones de níquel,De aleaciones de níquel,6,KILOGRAMO NETO,KN,true
75072000,Accesorios de tubería,Accesorios de tubería,6,KILOGRAMO NETO,KN,true
75081000,"Telas metálicas, redes y rejas, de alambre de níquel","Telas metálicas, redes y rejas, de alambre de níquel",6,KILOGRAMO NETO,KN,true
75089000,Las demás,Las demás,6,KILOGRAMO NETO,KN,true
76011000,Aluminio sin alear,Aluminio sin alear,6,KILOGRAMO NETO,KN,true
76012000,Aleaciones de aluminio,Aleaciones de aluminio,6,KILOGRAMO NETO,KN,true
76020000,"Desperdicios y desechos, de aluminio.","Desperdicios y desechos, de aluminio.",6,KILOGRAMO NETO,KN,true
76031000,Polvo de estructura no laminar,Polvo de estructura no laminar,6,KILOGRAMO NETO,KN,true
76032000,Polvo de estructura laminar; escamillas,Polvo de estructura laminar; escamillas,6,KILOGRAMO NETO,KN,true
76041000,De aluminio sin alear,De aluminio sin alear,6,KILOGRAMO NETO,KN,true
76042100,Perfiles huecos,Perfiles huecos,6,KILOGRAMO NETO,KN,true
76042900,Los demás,Los demás,6,KILOGRAMO NETO,KN,true
76051100,Con la mayor dimensión de la sección transversal superior a 7 mm,Con la mayor dimensión de la sección transversal superior a 7 mm,6,KILOGRAMO NETO,KN,true
76051900,Los demás,Los demás,6,KILOGRAMO NETO,KN,true
76052100,Con la mayor dimensión de la sección transversal superior a 7 mm,Con la mayor dimensión de la sección transversal superior a 7 mm,6,KILOGRAMO NETO,KN,true
76052900,Los demás,Los demás,6,KILOGRAMO NETO,KN,true
76061100,De aluminio sin alear,De aluminio sin alear,6,KILOGRAMO NETO,KN,true
76061200,De aleaciones de aluminio,De aleaciones de aluminio,6,KILOGRAMO NETO,KN,true
76069100,De aluminio sin alear,De aluminio sin alear,6,KILOGRAMO NETO,KN,true
76069200,De aleaciones de aluminio,De aleaciones de aluminio,6,KILOGRAMO NETO,KN,true
76071100,Simplemente laminadas,Simplemente laminadas,6,KILOGRAMO NETO,KN,true
76071900,Las demás,Las demás,6,KILOGRAMO NETO,KN,true
76072010,"Complejo de aluminio, impreso, fijado sobre papel couché y soporte de materia plástica","Complejo de aluminio, impreso, fijado sobre papel couché y soporte de materia plástica",6,KILOGRAMO NETO,KN,true
76072090,Los demás,Los demás,6,KILOGRAMO NETO,KN,true
76081000,De aluminio sin alear,De aluminio sin alear,6,KILOGRAMO NETO,KN,true
76082000,De aleaciones de aluminio,De aleaciones de aluminio,6,KILOGRAMO NETO,KN,true
76090000,"Accesorios de tubería (por ejemplo: empalmes (racores), codos, manguitos) de cobre.","Accesorios de tubería (por ejemplo: empalmes (racores), codos, manguitos) de cobre.",6,KILOGRAMO NETO,KN,true
76101000,"Puertas y ventanas, y sus marcos, contramarcos y umbrales","Puertas y ventanas, y sus marcos, contramarcos y umbrales",6,KILOGRAMO NETO,KN,true
76109000,Los demás,Los demás,6,KILOGRAMO NETO,KN,true
76110000,"Depósitos, cisternas, cubas y recipientes similares para cualquier materia (excepto gas comprimido o","Depósitos, cisternas, cubas y recipientes similares para cualquier materia (excepto gas comprimido o licuado), de aluminio, de capacidad superior a 300 l, sin dispositivos mecánicos ni térmicos, inclu",6,KILOGRAMO NETO,KN,true
76121000,Envases tubulares flexibles,Envases tubulares flexibles,6,KILOGRAMO NETO,KN,true
76129000,Los demás,Los demás,6,KILOGRAMO NETO,KN,true
76130000,"Recipientes para gas comprimido o licuado, de aluminio.","Recipientes para gas comprimido o licuado, de aluminio.",6,KILOGRAMO NETO,KN,true
76141000,Con alma de acero,Con alma de acero,6,KILOGRAMO NETO,KN,true
76149000,Los demás,Los demás,6,KILOGRAMO NETO,KN,true
76151100,"Esponjas, estropajos, guantes y artículos similares para fregar, lustrar o usos análogos","Esponjas, estropajos, guantes y artículos similares para fregar, lustrar o usos análogos",6,KILOGRAMO NETO,KN,true
76151900,Los demás,Los demás,6,KILOGRAMO NETO,KN,true
76152000,"Artículos de higiene o tocador, y sus partes","Artículos de higiene o tocador, y sus partes",6,KILOGRAMO NETO,KN,true
76161000,"Puntas, clavos, grapas apuntadas, tornillos, pernos, tuercas, escarpias roscadas, remaches, pasadore","Puntas, clavos, grapas apuntadas, tornillos, pernos, tuercas, escarpias roscadas, remaches, pasadores, clavijas, chavetas, arandelas y artículos similares",6,KILOGRAMO NETO,KN,true
76169100,"Telas metálicas, redes y rejas, de alambre de aluminio","Telas metálicas, redes y rejas, de alambre de aluminio",6,KILOGRAMO NETO,KN,true
76169910,Discos para la fabricación de tubos colapsibles,Discos para la fabricación de tubos colapsibles,6,KILOGRAMO NETO,KN,true
76169991,Agujas de coser,Agujas de coser,6,KILOGRAMO NETO,KN,true
76169992,Punzones para bordar,Punzones para bordar,6,KILOGRAMO NETO,KN,true
76169993,Imperdibles,Imperdibles,6,KILOGRAMO NETO,KN,true
76169999,Las demás,Las demás,6,KILOGRAMO NETO,KN,true
78011000,Plomo refinado,Plomo refinado,6,KILOGRAMO NETO,KN,true
78019100,Con antimonio como el otro elemento predominante en peso,Con antimonio como el otro elemento predominante en peso,6,KILOGRAMO NETO,KN,true
78019900,Los demás,Los demás,6,KILOGRAMO NETO,KN,true
78020000,"Desperdicios y desechos, de plomo.","Desperdicios y desechos, de plomo.",6,KILOGRAMO NETO,KN,true
78041100,"Hojas y tiras, de espesor inferior o igual a 0,2 mm (sin incluir el soporte)","Hojas y tiras, de espesor inferior o igual a 0,2 mm (sin incluir el soporte)",6,KILOGRAMO NETO,KN,true
78041900,Las demás,Las demás,6,KILOGRAMO NETO,KN,true
78042000,Polvo y escamillas,Polvo y escamillas,6,KILOGRAMO NETO,KN,true
78060000,Las demás manufacturas de plomo.,Las demás manufacturas de plomo.,6,KILOGRAMO NETO,KN,true
79011100,"Con un contenido de cinc superior o igual al 99,99 % en peso","Con un contenido de cinc superior o igual al 99,99 % en peso",6,KILOGRAMO NETO,KN,true
79011200,"Con un contenido de cinc inferior al 99,99 % en peso","Con un contenido de cinc inferior al 99,99 % en peso",6,KILOGRAMO NETO,KN,true
79012000,Aleaciones de cinc,Aleaciones de cinc,6,KILOGRAMO NETO,KN,true
79020000,"Desperdicios y desechos, de cinc.","Desperdicios y desechos, de cinc.",6,KILOGRAMO NETO,KN,true
79031000,Polvo de condensación,Polvo de condensación,6,KILOGRAMO NETO,KN,true
79039000,Los demás,Los demás,6,KILOGRAMO NETO,KN,true
79040000,"Barras, perfiles y alambre, de cinc.","Barras, perfiles y alambre, de cinc.",6,KILOGRAMO NETO,KN,true
79050000,"Chapas, hojas y tiras, de cinc.","Chapas, hojas y tiras, de cinc.",6,KILOGRAMO NETO,KN,true
79070000,Las demás manufacturas de cinc.,Las demás manufacturas de cinc.,6,KILOGRAMO NETO,KN,true
80011000,Estaño sin alear,Estaño sin alear,6,KILOGRAMO NETO,KN,true
80012000,Aleaciones de estaño,Aleaciones de estaño,6,KILOGRAMO NETO,KN,true
80020000,"Desperdicios y desechos, de estaño.","Desperdicios y desechos, de estaño.",6,KILOGRAMO NETO,KN,true
80030000,"Barras, perfiles y alambre, de estaño","Barras, perfiles y alambre, de estaño",6,KILOGRAMO NETO,KN,true
80070000,Las demás manufacturas de estaño.,Las demás manufacturas de estaño.,6,KILOGRAMO NETO,KN,true
81011000,Polvo,Polvo,6,KILOGRAMO NETO,KN,true
81019400,"Volframio (tungsteno) en bruto, incluidas las barras simplemente obtenidas por sinterizado","Volframio (tungsteno) en bruto, incluidas las barras simplemente obtenidas por sinterizado",6,KILOGRAMO NETO,KN,true
81019600,Alambre,Alambre,6,KILOGRAMO NETO,KN,true
81019700,Desperdicios y desechos,Desperdicios y desechos,6,KILOGRAMO NETO,KN,true
81019900,Los demás,Los demás,6,KILOGRAMO NETO,KN,true
81021000,Polvo,Polvo,6,KILOGRAMO NETO,KN,true
81029400,"Molibdeno en bruto, incluidas las barras simplemente obtenidas por sinterizado","Molibdeno en bruto, incluidas las barras simplemente obtenidas por sinterizado",6,KILOGRAMO NETO,KN,true
81029510,Barras y varillas,Barras y varillas,6,KILOGRAMO NETO,KN,true
81029590,Los demás,Los demás,6,KILOGRAMO NETO,KN,true
81029600,Alambre,Alambre,6,KILOGRAMO NETO,KN,true
81029700,Desperdicios y desechos,Desperdicios y desechos,6,KILOGRAMO NETO,KN,true
81029900,Los demás,Los demás,6,KILOGRAMO NETO,KN,true
81032000,"Tantalio en bruto, incluidas las barras simplemente obtenidas por sinterizado; polvo","Tantalio en bruto, incluidas las barras simplemente obtenidas por sinterizado; polvo",6,KILOGRAMO NETO,KN,true
81033000,Desperdicios y desechos,Desperdicios y desechos,6,KILOGRAMO NETO,KN,true
81039000,Los demás,Los demás,6,KILOGRAMO NETO,KN,true
81041100,"Con un contenido de magnesio superior o igual al 99,8 % en peso","Con un contenido de magnesio superior o igual al 99,8 % en peso",6,KILOGRAMO NETO,KN,true
81041900,Los demás,Los demás,6,KILOGRAMO NETO,KN,true
81042000,Desperdicios y desechos,Desperdicios y desechos,6,KILOGRAMO NETO,KN,true
81043000,"Virutas, torneaduras y gránulos calibrados; polvo","Virutas, torneaduras y gránulos calibrados; polvo",6,KILOGRAMO NETO,KN,true
81049000,Los demás,Los demás,6,KILOGRAMO NETO,KN,true
81052000,Matas de cobalto y demás productos intermedios de la metalurgia del cobalto; cobalto en bruto; polv,Matas de cobalto y demás productos intermedios de la metalurgia del cobalto; cobalto en bruto; polvo,6,KILOGRAMO NETO,KN,true
81053000,Desperdicios y desechos,Desperdicios y desechos,6,KILOGRAMO NETO,KN,true
81059000,Los demás,Los demás,6,KILOGRAMO NETO,KN,true
81060000,"Bismuto y sus manufacturas, incluidos los desperdicios y desechos.","Bismuto y sus manufacturas, incluidos los desperdicios y desechos.",6,KILOGRAMO NETO,KN,true
81072000,Cadmio en bruto; polvo,Cadmio en bruto; polvo,6,KILOGRAMO NETO,KN,true
81073000,Desperdicios y desechos,Desperdicios y desechos,6,KILOGRAMO NETO,KN,true
81079000,Los demás,Los demás,6,KILOGRAMO NETO,KN,true
81082000,Titanio en bruto; polvo,Titanio en bruto; polvo,6,KILOGRAMO NETO,KN,true
81083000,Desperdicios y desechos,Desperdicios y desechos,6,KILOGRAMO NETO,KN,true
81089000,Los demás,Los demás,6,KILOGRAMO NETO,KN,true
81092000,Circonio en bruto; polvo,Circonio en bruto; polvo,6,KILOGRAMO NETO,KN,true
81093000,Desperdicios y desechos,Desperdicios y desechos,6,KILOGRAMO NETO,KN,true
81099000,Los demás,Los demás,6,KILOGRAMO NETO,KN,true
81101000,Antimonio en bruto; polvo,Antimonio en bruto; polvo,6,KILOGRAMO NETO,KN,true
81102000,Desperdicios y desechos,Desperdicios y desechos,6,KILOGRAMO NETO,KN,true
81109000,Los demás,Los demás,6,KILOGRAMO NETO,KN,true
81110010,Polvos de manganeso y manufacturas de manganeso,Polvos de manganeso y manufacturas de manganeso,6,KILOGRAMO NETO,KN,true
81110090,Los demás,Los demás,6,KILOGRAMO NETO,KN,true
81121200,En bruto; polvo,En bruto; polvo,6,KILOGRAMO NETO,KN,true
81121300,Desperdicios y desechos,Desperdicios y desechos,6,KILOGRAMO NETO,KN,true
81121900,Los demás,Los demás,6,KILOGRAMO NETO,KN,true
81122100,En bruto; polvo,En bruto; polvo,6,KILOGRAMO NETO,KN,true
81122200,Desperdicios y desechos,Desperdicios y desechos,6,KILOGRAMO NETO,KN,true
81122900,Los demás,Los demás,6,KILOGRAMO NETO,KN,true
81125100,En bruto; polvo,En bruto; polvo,6,KILOGRAMO NETO,KN,true
81125200,Desperdicios y desechos,Desperdicios y desechos,6,KILOGRAMO NETO,KN,true
81125900,Los demás,Los demás,6,KILOGRAMO NETO,KN,true
81129200,En bruto; desperdicios y desechos; polvo,En bruto; desperdicios y desechos; polvo,6,KILOGRAMO NETO,KN,true
81129900,Los demás,Los demás,6,KILOGRAMO NETO,KN,true
81130000,"Cermet y sus manufacturas, incluidos los desperdicios y desechos.","Cermet y sus manufacturas, incluidos los desperdicios y desechos.",6,KILOGRAMO NETO,KN,true
82011000,Layas y palas,Layas y palas,6,KILOGRAMO NETO,KN,true
82012000,Horcas de labranza,Horcas de labranza,6,KILOGRAMO NETO,KN,true
82013000,"Azadas, picos, binaderas, rastrillos y raederas","Azadas, picos, binaderas, rastrillos y raederas",6,KILOGRAMO NETO,KN,true
82014000,"Hachas, hocinos y herramientas similares con filo","Hachas, hocinos y herramientas similares con filo",6,KILOGRAMO NETO,KN,true
82015000,Tijeras de podar (incluidas las de trinchar aves) para usar con una sola mano,Tijeras de podar (incluidas las de trinchar aves) para usar con una sola mano,6,KILOGRAMO NETO,KN,true
82016000,"Cizallas para setos, tijeras de podar y herramientas similares, para usar con las dos manos","Cizallas para setos, tijeras de podar y herramientas similares, para usar con las dos manos",6,KILOGRAMO NETO,KN,true
82019000,"Las demás herramientas de mano, agrícolas, hortícolas o forestales","Las demás herramientas de mano, agrícolas, hortícolas o forestales",6,KILOGRAMO NETO,KN,true
82021000,Sierras de mano,Sierras de mano,6,KILOGRAMO NETO,KN,true
82022000,Hojas de sierra de cinta,Hojas de sierra de cinta,6,KILOGRAMO NETO,KN,true
82023100,Con parte operante de acero,Con parte operante de acero,6,KILOGRAMO NETO,KN,true
82023900,"Las demás, incluidas las partes","Las demás, incluidas las partes",6,KILOGRAMO NETO,KN,true
82024000,Cadenas cortantes,Cadenas cortantes,6,KILOGRAMO NETO,KN,true
82029100,Hojas de sierra rectas para trabajar metal,Hojas de sierra rectas para trabajar metal,6,KILOGRAMO NETO,KN,true
82029900,Las demás,Las demás,6,KILOGRAMO NETO,KN,true
82031010,Limas y escofinas,Limas y escofinas,6,KILOGRAMO NETO,KN,true
82031090,Los demás,Los demás,6,KILOGRAMO NETO,KN,true
82032000,"Alicates (incluso cortantes), tenazas, pinzas y herramientas similares","Alicates (incluso cortantes), tenazas, pinzas y herramientas similares",6,KILOGRAMO NETO,KN,true
82033000,Cizallas para metales y herramientas similares,Cizallas para metales y herramientas similares,6,KILOGRAMO NETO,KN,true
82034000,"Cortatubos, cortapernos, sacabocados y herramientas similares","Cortatubos, cortapernos, sacabocados y herramientas similares",6,KILOGRAMO NETO,KN,true
82041100,No ajustables,No ajustables,6,KILOGRAMO NETO,KN,true
82041200,Ajustables,Ajustables,6,KILOGRAMO NETO,KN,true
82042000,"Cubos (vasos)* de ajuste intercambiables, incluso con mango","Cubos (vasos)* de ajuste intercambiables, incluso con mango",6,KILOGRAMO NETO,KN,true
82051000,Herramientas de taladrar o roscar (incluidas las terrajas),Herramientas de taladrar o roscar (incluidas las terrajas),6,KILOGRAMO NETO,KN,true
82052000,Martillos y mazas,Martillos y mazas,6,KILOGRAMO NETO,KN,true
82053000,"Cepillos, formones, gubias y herramientas cortantes similares para trabajar madera","Cepillos, formones, gubias y herramientas cortantes similares para trabajar madera",6,KILOGRAMO NETO,KN,true
82054000,Destornilladores,Destornilladores,6,KILOGRAMO NETO,KN,true
82055100,De uso doméstico,De uso doméstico,6,KILOGRAMO NETO,KN,true
82055900,Las demás,Las demás,6,KILOGRAMO NETO,KN,true
82056000,Lámparas de soldar y similares,Lámparas de soldar y similares,6,KILOGRAMO NETO,KN,true
82057000,"Tornillos de banco, prensas de carpintero y similares","Tornillos de banco, prensas de carpintero y similares",6,KILOGRAMO NETO,KN,true
82058000,"Yunques; fraguas portátiles; muelas de mano o pedal, con bastidor","Yunques; fraguas portátiles; muelas de mano o pedal, con bastidor",6,KILOGRAMO NETO,KN,true
82059000,Juegos de artículos de dos o más de las subpartidas anteriores,Juegos de artículos de dos o más de las subpartidas anteriores,6,KILOGRAMO NETO,KN,true
82060000,"Herramientas de dos o más de las partidas 82.02 a 82.05, acondicionadas en juegos para la venta al p","Herramientas de dos o más de las partidas 82.02 a 82.05, acondicionadas en juegos para la venta al por menor.",6,KILOGRAMO NETO,KN,true
82071310,Trépanos,Trépanos,6,KILOGRAMO NETO,KN,true
82071320,Coronas,Coronas,6,KILOGRAMO NETO,KN,true
82071330,Barrenas,Barrenas,6,KILOGRAMO NETO,KN,true
82071390,Los demás,Los demás,6,KILOGRAMO NETO,KN,true
82071910,Trépanos,Trépanos,6,KILOGRAMO NETO,KN,true
82071920,Coronas,Coronas,6,KILOGRAMO NETO,KN,true
82071930,Barrenas,Barrenas,6,KILOGRAMO NETO,KN,true
82071990,Los demás,Los demás,6,KILOGRAMO NETO,KN,true
82072000,Hileras de extrudir o de estirar (trefilar)* metal,Hileras de extrudir o de estirar (trefilar)* metal,6,KILOGRAMO NETO,KN,true
82073000,"Útiles de embutir, estampar o punzonar","Útiles de embutir, estampar o punzonar",6,KILOGRAMO NETO,KN,true
82074000,Útiles de roscar (incluso aterrajar),Útiles de roscar (incluso aterrajar),6,KILOGRAMO NETO,KN,true
82075010,Brocas para metal,Brocas para metal,6,KILOGRAMO NETO,KN,true
82075090,Los demás,Los demás,6,KILOGRAMO NETO,KN,true
82076000,Útiles de escariar o brochar,Útiles de escariar o brochar,6,KILOGRAMO NETO,KN,true
82077000,Útiles de fresar,Útiles de fresar,6,KILOGRAMO NETO,KN,true
82078000,Útiles de tornear,Útiles de tornear,6,KILOGRAMO NETO,KN,true
82079000,Los demás útiles intercambiables,Los demás útiles intercambiables,6,KILOGRAMO NETO,KN,true
82081000,Para trabajar metal,Para trabajar metal,6,KILOGRAMO NETO,KN,true
82082000,Para trabajar madera,Para trabajar madera,6,KILOGRAMO NETO,KN,true
82083000,Para aparatos de cocina o máquinas de la industria alimentaria,Para aparatos de cocina o máquinas de la industria alimentaria,6,KILOGRAMO NETO,KN,true
82084000,"Para máquinas agrícolas, hortícolas o forestales","Para máquinas agrícolas, hortícolas o forestales",6,KILOGRAMO NETO,KN,true
82089000,Las demás,Las demás,6,KILOGRAMO NETO,KN,true
82090000,"Plaquitas, varillas, puntas y artículos similares para útiles, sin montar, de cermet.","Plaquitas, varillas, puntas y artículos similares para útiles, sin montar, de cermet.",6,KILOGRAMO NETO,KN,true
82100000,"Aparatos mecánicos accionados a mano, de peso inferior o igual a 10 kg, utilizados para preparar, ac","Aparatos mecánicos accionados a mano, de peso inferior o igual a 10 kg, utilizados para preparar, acondicionar o servir alimentos o bebidas.",6,KILOGRAMO NETO,KN,true
82111000,Surtidos,Surtidos,10,UNIDAD,U,true
82119100,Cuchillos de mesa de hoja fija,Cuchillos de mesa de hoja fija,10,UNIDAD,U,true
82119200,Los demás cuchillos de hoja fija,Los demás cuchillos de hoja fija,10,UNIDAD,U,true
82119300,"Cuchillos, excepto los de hoja fija, incluidas las navajas de podar","Cuchillos, excepto los de hoja fija, incluidas las navajas de podar",10,UNIDAD,U,true
82119400,Hojas,Hojas,6,KILOGRAMO NETO,KN,true
82119500,Mangos de metal común,Mangos de metal común,6,KILOGRAMO NETO,KN,true
82121010,Máquinas de afeitar desechables,Máquinas de afeitar desechables,10,UNIDAD,U,true
82121090,Las demás,Las demás,10,UNIDAD,U,true
82122010,Hojas de afeitar,Hojas de afeitar,10,UNIDAD,U,true
82122090,Los demás,Los demás,10,UNIDAD,U,true
82129000,Las demás partes,Las demás partes,6,KILOGRAMO NETO,KN,true
82130000,Tijeras y sus hojas.,Tijeras y sus hojas.,6,KILOGRAMO NETO,KN,true
82141000,"Cortapapeles, abrecartas, raspadores, sacapuntas y sus cuchillas","Cortapapeles, abrecartas, raspadores, sacapuntas y sus cuchillas",6,KILOGRAMO NETO,KN,true
82142000,Herramientas y juegos de herramientas de manicura o de pedicuro (incluidas las limas para uñas),Herramientas y juegos de herramientas de manicura o de pedicuro (incluidas las limas para uñas),6,KILOGRAMO NETO,KN,true
82149000,Los demás,Los demás,6,KILOGRAMO NETO,KN,true
82151000,"Surtidos que contengan por lo menos un objeto plateado, dorado o platinado","Surtidos que contengan por lo menos un objeto plateado, dorado o platinado",6,KILOGRAMO NETO,KN,true
82152000,Los demás surtidos,Los demás surtidos,6,KILOGRAMO NETO,KN,true
82159100,"Plateados, dorados o platinados","Plateados, dorados o platinados",6,KILOGRAMO NETO,KN,true
82159900,Los demás,Los demás,6,KILOGRAMO NETO,KN,true
83011000,Candados,Candados,6,KILOGRAMO NETO,KN,true
83012000,Cerraduras de los tipos utilizados en vehículos automóviles,Cerraduras de los tipos utilizados en vehículos automóviles,6,KILOGRAMO NETO,KN,true
83013000,Cerraduras de los tipos utilizados en muebles,Cerraduras de los tipos utilizados en muebles,6,KILOGRAMO NETO,KN,true
83014010,Cerraduras de los tipos utilizados en puertas de edificios,Cerraduras de los tipos utilizados en puertas de edificios,6,KILOGRAMO NETO,KN,true
83014090,Los demás,Los demás,6,KILOGRAMO NETO,KN,true
83015000,"Cierres y monturas cierre, con cerradura incorporada","Cierres y monturas cierre, con cerradura incorporada",6,KILOGRAMO NETO,KN,true
83016000,Partes,Partes,6,KILOGRAMO NETO,KN,true
83017000,Llaves presentadas aisladamente,Llaves presentadas aisladamente,6,KILOGRAMO NETO,KN,true
83021000,Bisagras de cualquier clase (incluidos los pernios,Bisagras de cualquier clase (incluidos los pernios,6,KILOGRAMO NETO,KN,true
83022000,Ruedas,Ruedas,6,KILOGRAMO NETO,KN,true
83023000,"Las demás guarniciones, herrajes y artículos simila","Las demás guarniciones, herrajes y artículos simila",6,KILOGRAMO NETO,KN,true
83024100,Para edificios,Para edificios,6,KILOGRAMO NETO,KN,true
83024210,"Empuñaduras, manijas (manillas)","Empuñaduras, manijas (manillas)",6,KILOGRAMO NETO,KN,true
83024220,Tiradores,Tiradores,6,KILOGRAMO NETO,KN,true
83024290,Los demás,Los demás,6,KILOGRAMO NETO,KN,true
83024900,Los demás,Los demás,6,KILOGRAMO NETO,KN,true
83025000,"Colgadores, perchas, soportes y artículos similares","Colgadores, perchas, soportes y artículos similares",6,KILOGRAMO NETO,KN,true
83026000,Cierrapuertas automáticos,Cierrapuertas automáticos,6,KILOGRAMO NETO,KN,true
83030000,"Cajas de caudales, puertas blindadas y compartimientos para cámaras acorazadas, cofres y cajas de se","Cajas de caudales, puertas blindadas y compartimientos para cámaras acorazadas, cofres y cajas de seguridad y artículos similares, de metal común.",6,KILOGRAMO NETO,KN,true
83040000,"Clasificadores, ficheros, cajas de clasificación, bandejas de correspondencia, plumeros (vasos o caj","Clasificadores, ficheros, cajas de clasificación, bandejas de correspondencia, plumeros (vasos o cajas para plumas de escribir), portasellos y material similar de oficina, de metal común, excepto los",6,KILOGRAMO NETO,KN,true
83051000,Mecanismos para encuadernación de hojas intercambiables o para clasificadores,Mecanismos para encuadernación de hojas intercambiables o para clasificadores,6,KILOGRAMO NETO,KN,true
83052000,Grapas en tiras,Grapas en tiras,6,KILOGRAMO NETO,KN,true
83059000,"Los demás, incluidas las partes","Los demás, incluidas las partes",6,KILOGRAMO NETO,KN,true
83061000,"Campanas, campanillas, gongos y artículos similares","Campanas, campanillas, gongos y artículos similares",6,KILOGRAMO NETO,KN,true
83062100,"Plateados, dorados o platinados","Plateados, dorados o platinados",6,KILOGRAMO NETO,KN,true
83062900,Los demás,Los demás,6,KILOGRAMO NETO,KN,true
83063000,"Marcos para fotografías, grabados o similares; espejos","Marcos para fotografías, grabados o similares; espejos",6,KILOGRAMO NETO,KN,true
83071000,De hierro o acero,De hierro o acero,6,KILOGRAMO NETO,KN,true
83079000,De los demás metales comunes,De los demás metales comunes,6,KILOGRAMO NETO,KN,true
83081000,"Corchetes, ganchos y anillos para ojetes","Corchetes, ganchos y anillos para ojetes",6,KILOGRAMO NETO,KN,true
83082000,Remaches tubulares o con espiga hendida,Remaches tubulares o con espiga hendida,6,KILOGRAMO NETO,KN,true
83089000,"Los demás, incluidas las partes","Los demás, incluidas las partes",6,KILOGRAMO NETO,KN,true
83091000,Tapas corona,Tapas corona,6,KILOGRAMO NETO,KN,true
83099010,Cápsulas para botellas,Cápsulas para botellas,6,KILOGRAMO NETO,KN,true
83099020,Tapas roscadas,Tapas roscadas,6,KILOGRAMO NETO,KN,true
83099090,Los demás,Los demás,6,KILOGRAMO NETO,KN,true
83100000,"Placas indicadoras, placas rótulo, placas de direcciones y placas similares, cifras, letras y signos","Placas indicadoras, placas rótulo, placas de direcciones y placas similares, cifras, letras y signos diversos, de metal placas similares, cifras, letras y signos diversos, de metal común, excepto los",6,KILOGRAMO NETO,KN,true
83111010,"Electrodos con alma de hierro o acero, recubiertos con material refractario","Electrodos con alma de hierro o acero, recubiertos con material refractario",6,KILOGRAMO NETO,KN,true
83111090,Los demás,Los demás,6,KILOGRAMO NETO,KN,true
83112000,"Alambre «relleno» para soldadura de arco, de metal común","Alambre «relleno» para soldadura de arco, de metal común",6,KILOGRAMO NETO,KN,true
83113000,"Varillas recubiertas y alambre «relleno» para soldar al soplete, de metal común","Varillas recubiertas y alambre «relleno» para soldar al soplete, de metal común",6,KILOGRAMO NETO,KN,true
83119000,Los demás,Los demás,6,KILOGRAMO NETO,KN,true
84011000,Reactores nucleares,Reactores nucleares,6,KILOGRAMO NETO,KN,true
84012000,"Máquinas y aparatos para la separación isotópica, y sus partes","Máquinas y aparatos para la separación isotópica, y sus partes",6,KILOGRAMO NETO,KN,true
84013000,Elementos combustibles (cartuchos) sin irradiar,Elementos combustibles (cartuchos) sin irradiar,6,KILOGRAMO NETO,KN,true
84014000,Partes de reactores nucleares,Partes de reactores nucleares,6,KILOGRAMO NETO,KN,true
84021110,Con una producción de vapor superior a 45 t por hora pero inferior o igual a 100 t por hora,Con una producción de vapor superior a 45 t por hora pero inferior o igual a 100 t por hora,6,KILOGRAMO NETO,KN,true
84021120,Con una producción de vapor superior a 100 t pero inferior o igual a 200 t por hora,Con una producción de vapor superior a 100 t pero inferior o igual a 200 t por hora,6,KILOGRAMO NETO,KN,true
84021190,Las demás,Las demás,6,KILOGRAMO NETO,KN,true
84021200,Calderas acuotubulares con una producción de vapor inferior o igual a 45 t por hora,Calderas acuotubulares con una producción de vapor inferior o igual a 45 t por hora,6,KILOGRAMO NETO,KN,true
84021900,"Las demás calderas de vapor, incluidas las calderas mixtas","Las demás calderas de vapor, incluidas las calderas mixtas",6,KILOGRAMO NETO,KN,true
84022000,Calderas denominadas «de agua sobrecalentada»,Calderas denominadas «de agua sobrecalentada»,6,KILOGRAMO NETO,KN,true
84029000,Partes,Partes,6,KILOGRAMO NETO,KN,true
84031000,Calderas,Calderas,10,UNIDAD,U,true
84039000,Partes,Partes,6,KILOGRAMO NETO,KN,true
84041000,Aparatos auxiliares para las calderas de las partidas 84.02 u 84.03,Aparatos auxiliares para las calderas de las partidas 84.02 u 84.03,6,KILOGRAMO NETO,KN,true
84042000,Condensadores para máquinas de vapor,Condensadores para máquinas de vapor,6,KILOGRAMO NETO,KN,true
84049000,Partes,Partes,6,KILOGRAMO NETO,KN,true
84051000,"Generadores de gas pobre (gas de aire) o de gas de agua, incluso con sus depuradores; generadores d","Generadores de gas pobre (gas de aire) o de gas de agua, incluso con sus depuradores; generadores de acetileno y generadores similares de gases, por vía húmeda, incluso con sus depuradores",6,KILOGRAMO NETO,KN,true
84059000,Partes,Partes,6,KILOGRAMO NETO,KN,true
84061000,Turbinas para la propulsión de barcos.,Turbinas para la propulsión de barcos.,10,UNIDAD,U,true
84068100,De potencia superior a 40 MW,De potencia superior a 40 MW,10,UNIDAD,U,true
84068200,De potencia inferior o igual a 40 MW,De potencia inferior o igual a 40 MW,10,UNIDAD,U,true
84069000,Partes,Partes,6,KILOGRAMO NETO,KN,true
84071000,Motores de aviación,Motores de aviación,10,UNIDAD,U,true
84072100,Del tipo fueraborda,Del tipo fueraborda,10,UNIDAD,U,true
84072900,Los demás,Los demás,10,UNIDAD,U,true
84073100,De cilindrada inferior o igual a 50 cm³,De cilindrada inferior o igual a 50 cm³,10,UNIDAD,U,true
84073200,De cilindrada superior a 50 cm³ pero inferior o igual a 250 cm,De cilindrada superior a 50 cm³ pero inferior o igual a 250 cm,10,UNIDAD,U,true
84073300,De cilindrada superior a 250 cm³ pero inferior o igual a 1000 cm³,De cilindrada superior a 250 cm³ pero inferior o igual a 1000 cm³,10,UNIDAD,U,true
84073400,De cilindrada superior a 1.000 cm³,De cilindrada superior a 1.000 cm³,10,UNIDAD,U,true
84079010,Estacionarios,Estacionarios,10,UNIDAD,U,true
84079090,Los demás,Los demás,10,UNIDAD,U,true
84081010,Del tipo fuera borda,Del tipo fuera borda,10,UNIDAD,U,true
84081090,Los demás,Los demás,10,UNIDAD,U,true
84082010,Para vehículos de la partida 87.01,Para vehículos de la partida 87.01,10,UNIDAD,U,true
84082020,Para vehículos de la partida 87.02,Para vehículos de la partida 87.02,10,UNIDAD,U,true
84082030,Para vehículos de la partida 87.03,Para vehículos de la partida 87.03,10,UNIDAD,U,true
84082040,Para vehículos de la partida 87.04,Para vehículos de la partida 87.04,10,UNIDAD,U,true
84082090,Los demás,Los demás,10,UNIDAD,U,true
84089010,Estacionarios,Estacionarios,10,UNIDAD,U,true
84089090,Los demás,Los demás,10,UNIDAD,U,true
84091000,De motores de aviación,De motores de aviación,6,KILOGRAMO NETO,KN,true
84099110,Pistones,Pistones,6,KILOGRAMO NETO,KN,true
84099120,Válvulas,Válvulas,6,KILOGRAMO NETO,KN,true
84099130,Anillos,Anillos,6,KILOGRAMO NETO,KN,true
84099190,Las demás,Las demás,6,KILOGRAMO NETO,KN,true
84099910,Pistones,Pistones,6,KILOGRAMO NETO,KN,true
84099920,Válvulas,Válvulas,6,KILOGRAMO NETO,KN,true
84099930,Anillos,Anillos,6,KILOGRAMO NETO,KN,true
84099990,Las demás,Las demás,6,KILOGRAMO NETO,KN,true
84101110,Turbinas,Turbinas,10,UNIDAD,U,true
84101120,Ruedas hidraúlicas,Ruedas hidraúlicas,10,UNIDAD,U,true
84101210,Turbinas,Turbinas,10,UNIDAD,U,true
84101220,Ruedas hidraúlicas,Ruedas hidraúlicas,10,UNIDAD,U,true
84101310,Turbinas,Turbinas,10,UNIDAD,U,true
84101320,Ruedas hidraúlicas,Ruedas hidraúlicas,10,UNIDAD,U,true
84109000,"Partes, incluidos los reguladores","Partes, incluidos los reguladores",6,KILOGRAMO NETO,KN,true
84111100,De empuje inferior o igual a 25 kN,De empuje inferior o igual a 25 kN,10,UNIDAD,U,true
84111200,De empuje superior a 25 kN,De empuje superior a 25 kN,10,UNIDAD,U,true
84112100,De potencia inferior o igual a 1.100 kW,De potencia inferior o igual a 1.100 kW,10,UNIDAD,U,true
84112200,De potencia superior a 1.100 kW,De potencia superior a 1.100 kW,10,UNIDAD,U,true
84118100,De potencia inferior o igual a 5.000 kW,De potencia inferior o igual a 5.000 kW,10,UNIDAD,U,true
84118200,De potencia superior a 5.000 Kw,De potencia superior a 5.000 Kw,10,UNIDAD,U,true
84119100,De turborreactores o de turbopropulsores,De turborreactores o de turbopropulsores,6,KILOGRAMO NETO,KN,true
84119900,Las demás,Las demás,6,KILOGRAMO NETO,KN,true
84121000,"Propulsores a reacción, excepto los turborreactores","Propulsores a reacción, excepto los turborreactores",10,UNIDAD,U,true
84122100,Con movimiento rectilíneo (cilindros),Con movimiento rectilíneo (cilindros),10,UNIDAD,U,true
84122900,Los demás,Los demás,10,UNIDAD,U,true
84123100,Con movimiento rectilíneo (cilindros),Con movimiento rectilíneo (cilindros),10,UNIDAD,U,true
84123900,Los demás,Los demás,10,UNIDAD,U,true
84128000,Los demás,Los demás,10,UNIDAD,U,true
84129000,Partes,Partes,6,KILOGRAMO NETO,KN,true
84131100,"Bombas para distribución de carburantes o lubricantes, de los tipos utilizados en gasolineras, est","Bombas para distribución de carburantes o lubricantes, de los tipos utilizados en gasolineras, estaciones de servicio o garajes",10,UNIDAD,U,true
84131900,Las demás,Las demás,10,UNIDAD,U,true
84132000,"Bombas manuales, excepto las de las subpartidas 8413.11 u 8413.19","Bombas manuales, excepto las de las subpartidas 8413.11 u 8413.19",10,UNIDAD,U,true
84133010,Bombas de bencina para motores de encendido por chispa,Bombas de bencina para motores de encendido por chispa,10,UNIDAD,U,true
84133090,Las demás,Las demás,10,UNIDAD,U,true
84134000,Bombas para hormigón,Bombas para hormigón,10,UNIDAD,U,true
84135000,Las demás bombas volumétricas alternativas,Las demás bombas volumétricas alternativas,10,UNIDAD,U,true
84136000,Las demás bombas volumétricas rotativas,Las demás bombas volumétricas rotativas,10,UNIDAD,U,true
84137000,Las demás bombas centrífugas,Las demás bombas centrífugas,10,UNIDAD,U,true
84138100,Bombas,Bombas,10,UNIDAD,U,true
84138200,Elevadores de líquidos,Elevadores de líquidos,10,UNIDAD,U,true
84139100,De bombas,De bombas,6,KILOGRAMO NETO,KN,true
84139200,De elevadores de líquidos,De elevadores de líquidos,6,KILOGRAMO NETO,KN,true
84141000,Bombas de vacío,Bombas de vacío,10,UNIDAD,U,true
84142000,"Bombas de aire, de mano o pedal","Bombas de aire, de mano o pedal",10,UNIDAD,U,true
84143010,"De potencia inferior o igual a 0,4 kW","De potencia inferior o igual a 0,4 kW",10,UNIDAD,U,true
84143090,Los demás,Los demás,10,UNIDAD,U,true
84144010,Con caudal inferior a 2 m3 por minuto,Con caudal inferior a 2 m3 por minuto,10,UNIDAD,U,true
84144090,Los demás,Los demás,10,UNIDAD,U,true
84145100,"Ventiladores de mesa, pie, pared, cielo raso, techo o ventana, con motor eléctrico incorporado de p","Ventiladores de mesa, pie, pared, cielo raso, techo o ventana, con motor eléctrico incorporado de potencia inferior o igual a 125 W",10,UNIDAD,U,true
84145900,Los demás,Los demás,10,UNIDAD,U,true
84146000,Campanas aspirantes en las que el mayor lado horizontal sea inferior o igual a 120 cm,Campanas aspirantes en las que el mayor lado horizontal sea inferior o igual a 120 cm,10,UNIDAD,U,true
84148010,Turbocargadores y supercargadores para vehículos automotores,Turbocargadores y supercargadores para vehículos automotores,10,UNIDAD,U,true
84148090,Los demás,Los demás,10,UNIDAD,U,true
84149010,Rotores y estatores para los bienes de la subpartida 8414.30,Rotores y estatores para los bienes de la subpartida 8414.30,6,KILOGRAMO NETO,KN,true
84149090,Las demás,Las demás,6,KILOGRAMO NETO,KN,true
84151000,"De pared o para ventanas, formando un solo cuerpo o del tipo sistema de elementos separados («split","De pared o para ventanas, formando un solo cuerpo o del tipo sistema de elementos separados («split-system»)",10,UNIDAD,U,true
84152000,De los tipos utilizados en vehículos automóviles para sus ocupantes,De los tipos utilizados en vehículos automóviles para sus ocupantes,10,UNIDAD,U,true
84158100,Con equipo de enfriamiento y válvula de inversión del ciclo térmico (bombas de calor reversibles),Con equipo de enfriamiento y válvula de inversión del ciclo térmico (bombas de calor reversibles),10,UNIDAD,U,true
84158200,"Los demás, con equipo de enfriamiento","Los demás, con equipo de enfriamiento",10,UNIDAD,U,true
84158300,Sin equipo de enfriamiento,Sin equipo de enfriamiento,10,UNIDAD,U,true
84159000,Partes,Partes,6,KILOGRAMO NETO,KN,true
84161000,Quemadores de combustibles líquidos,Quemadores de combustibles líquidos,6,KILOGRAMO NETO,KN,true
84162000,"Los demás quemadores, incluidos los mixtos","Los demás quemadores, incluidos los mixtos",6,KILOGRAMO NETO,KN,true
84163000,"Alimentadores mecánicos de hogares, parrillas mecánicas, descargadores mecánicos de cenizas y demás","Alimentadores mecánicos de hogares, parrillas mecánicas, descargadores mecánicos de cenizas y demás dispositivos mecánicos auxiliares empleados en hogares",6,KILOGRAMO NETO,KN,true
84169000,Partes,Partes,6,KILOGRAMO NETO,KN,true
84171000,"Hornos para tostación, fusión u otros tratamientos térmicos de los minerales metalíferos (incluidas","Hornos para tostación, fusión u otros tratamientos térmicos de los minerales metalíferos (incluidas las piritas) o de los metales",10,UNIDAD,U,true
84172000,"Hornos de panadería, pastelería o galletería","Hornos de panadería, pastelería o galletería",10,UNIDAD,U,true
84178000,Los demás,Los demás,10,UNIDAD,U,true
84179000,Partes,Partes,6,KILOGRAMO NETO,KN,true
84181011,De capacidad superior a 100 l pero inferior o igual a 200 l,De capacidad superior a 100 l pero inferior o igual a 200 l,10,UNIDAD,U,true
84181012,De capacidad superior a 200 l pero inferior o igual a 300 l,De capacidad superior a 200 l pero inferior o igual a 300 l,10,UNIDAD,U,true
84181013,De capacidad superior a 300 l pero inferior o igual a 400 l,De capacidad superior a 300 l pero inferior o igual a 400 l,10,UNIDAD,U,true
84181019,Los demás,Los demás,10,UNIDAD,U,true
84181090,Las demás,Las demás,10,UNIDAD,U,true
84182110,De capacidad inferior o igual a 100 l,De capacidad inferior o igual a 100 l,10,UNIDAD,U,true
84182120,De capacidad superior a 100 l pero inferior o igual a 200 l,De capacidad superior a 100 l pero inferior o igual a 200 l,10,UNIDAD,U,true
84182130,De capacidad superior a 200 l pero inferior o igual a 300 l,De capacidad superior a 200 l pero inferior o igual a 300 l,10,UNIDAD,U,true
84182190,Los demás,Los demás,10,UNIDAD,U,true
84182900,Los demás,Los demás,10,UNIDAD,U,true
84183000,"Congeladores horizontales del tipo arcón (cofre), de capacidad inferior o igual a 800 l","Congeladores horizontales del tipo arcón (cofre), de capacidad inferior o igual a 800 l",10,UNIDAD,U,true
84184000,"Congeladores verticales del tipo armario, de capacidad inferior o igual a 900 l","Congeladores verticales del tipo armario, de capacidad inferior o igual a 900 l",10,UNIDAD,U,true
84185000,"Los demás muebles (armarios, arcones (cofres), vitrinas, mostradores y similares) para la conservaci","Los demás muebles (armarios, arcones (cofres), vitrinas, mostradores y similares) para la conservación y exposición de los productos, que incorporen un equipo para refrigerar o congelar",10,UNIDAD,U,true
84186100,"Bombas de calor, excepto las máquinas y aparatos para acondicionamiento de aire de la partida 84.15","Bombas de calor, excepto las máquinas y aparatos para acondicionamiento de aire de la partida 84.15",10,UNIDAD,U,true
84186910,Instalaciones frigoríficas,Instalaciones frigoríficas,6,KILOGRAMO NETO,KN,true
84186920,Unidades de refrigeración,Unidades de refrigeración,6,KILOGRAMO NETO,KN,true
84186990,Los demás,Los demás,6,KILOGRAMO NETO,KN,true
84189100,Muebles concebidos para incorporarles un equipo de producción de frío,Muebles concebidos para incorporarles un equipo de producción de frío,6,KILOGRAMO NETO,KN,true
84189910,"Ensambles de puertas que incorporen más de uno de los siguientes componentes: panel interior, panel","Ensambles de puertas que incorporen más de uno de los siguientes componentes: panel interior, panel exterior, aislamiento, bisagras, agarraderas",6,KILOGRAMO NETO,KN,true
84189990,Las demás,Las demás,6,KILOGRAMO NETO,KN,true
84191100,"De calentamiento instantáneo, de gas","De calentamiento instantáneo, de gas",10,UNIDAD,U,true
84191900,Los demás,Los demás,10,UNIDAD,U,true
84192000,"Esterilizadores médicos, quirúrgicos o de laboratorio","Esterilizadores médicos, quirúrgicos o de laboratorio",10,UNIDAD,U,true
84193100,Para productos agrícolas,Para productos agrícolas,10,UNIDAD,U,true
84193210,Para madera,Para madera,10,UNIDAD,U,true
84193220,"Para pasta para papel, papel o cartón","Para pasta para papel, papel o cartón",10,UNIDAD,U,true
84193900,Los demás,Los demás,10,UNIDAD,U,true
84194000,Aparatos de destilación o rectificación,Aparatos de destilación o rectificación,10,UNIDAD,U,true
84195000,Intercambiadores de calor,Intercambiadores de calor,10,UNIDAD,U,true
84196000,Aparatos y dispositivos para licuefacción de aire u otros gases,Aparatos y dispositivos para licuefacción de aire u otros gases,10,UNIDAD,U,true
84198100,Para la preparación de bebidas calientes o la cocción o calentamiento de alimentos,Para la preparación de bebidas calientes o la cocción o calentamiento de alimentos,10,UNIDAD,U,true
84198910,Autoclaves,Autoclaves,10,UNIDAD,U,true
84198920,Evaporadores,Evaporadores,10,UNIDAD,U,true
84198990,Los demás,Los demás,10,UNIDAD,U,true
84199000,Partes,Partes,6,KILOGRAMO NETO,KN,true
84201000,Calandrias y laminadores,Calandrias y laminadores,10,UNIDAD,U,true
84209100,Cilindros,Cilindros,6,KILOGRAMO NETO,KN,true
84209900,Las demás,Las demás,6,KILOGRAMO NETO,KN,true
84211100,Desnatadoras (descremadoras),Desnatadoras (descremadoras),10,UNIDAD,U,true
84211200,Secadoras de ropa,Secadoras de ropa,10,UNIDAD,U,true
84211900,Las demás,Las demás,10,UNIDAD,U,true
84212110,Filtros prensa,Filtros prensa,10,UNIDAD,U,true
84212191,Filtros depuradores de agua domésticos,Filtros depuradores de agua domésticos,10,UNIDAD,U,true
84212192,Filtros depuradores de agua para calderas,Filtros depuradores de agua para calderas,10,UNIDAD,U,true
84212193,Depuradores de agua de acción química,Depuradores de agua de acción química,10,UNIDAD,U,true
84212199,Los demás,Los demás,10,UNIDAD,U,true
84212210,Filtros prensa,Filtros prensa,10,UNIDAD,U,true
84212290,Los demás,Los demás,10,UNIDAD,U,true
84212300,Para filtrar lubricantes o carburantes en los motores de encendido por chispa o compresión,Para filtrar lubricantes o carburantes en los motores de encendido por chispa o compresión,10,UNIDAD,U,true
84212910,Aparatos filtrantes de membrana,Aparatos filtrantes de membrana,10,UNIDAD,U,true
84212920,Filtros de vacío rotativos,Filtros de vacío rotativos,10,UNIDAD,U,true
84212990,Los demás,Los demás,10,UNIDAD,U,true
84213110,Filtros de aire para motores para vehículos,Filtros de aire para motores para vehículos,10,UNIDAD,U,true
84213190,Los demás,Los demás,10,UNIDAD,U,true
84213910,Convertidores catalíticos,Convertidores catalíticos,10,UNIDAD,U,true
84213990,Los demás,Los demás,10,UNIDAD,U,true
84219100,"De centrifugadoras, incluidas las de secadoras centrífugas","De centrifugadoras, incluidas las de secadoras centrífugas",6,KILOGRAMO NETO,KN,true
84219900,Las demás,Las demás,6,KILOGRAMO NETO,KN,true
84221100,De tipo doméstico,De tipo doméstico,10,UNIDAD,U,true
84221900,Las demás,Las demás,10,UNIDAD,U,true
84222000,Máquinas y aparatos para limpiar o secar botellas o demás recipientes,Máquinas y aparatos para limpiar o secar botellas o demás recipientes,10,UNIDAD,U,true
84223010,"De llenar, cerrar, tapar, taponar o etiquetar botellas, botes o latas","De llenar, cerrar, tapar, taponar o etiquetar botellas, botes o latas",10,UNIDAD,U,true
84223020,De capsular botellas o tarros,De capsular botellas o tarros,10,UNIDAD,U,true
84223030,De gasear bebidas,De gasear bebidas,10,UNIDAD,U,true
84223090,Los demás,Los demás,10,UNIDAD,U,true
84224000,Las demás máquinas y aparatos para empaquetar o envolver mercancías (incluidas las de envolver con p,Las demás máquinas y aparatos para empaquetar o envolver mercancías (incluidas las de envolver con película termorretráctil),10,UNIDAD,U,true
84229000,Partes,Partes,6,KILOGRAMO NETO,KN,true
84231000,"Para pesar personas, incluidos los pesabebés; balanzas domésticas","Para pesar personas, incluidos los pesabebés; balanzas domésticas",10,UNIDAD,U,true
84232000,Básculas y balanzas para pesada continua sobre transportador,Básculas y balanzas para pesada continua sobre transportador,10,UNIDAD,U,true
84233000,"Básculas y balanzas para pesada constante, incluidas las de descargar pesos determinados en sacos (b","Básculas y balanzas para pesada constante, incluidas las de descargar pesos determinados en sacos (bolsas) u otros recipientes, así como las dosificadoras de tolva",10,UNIDAD,U,true
84238100,Con capacidad inferior o igual a 30 kg,Con capacidad inferior o igual a 30 kg,10,UNIDAD,U,true
84238200,Con capacidad superior a 30 kg pero inferior o igual a 5.000 kg,Con capacidad superior a 30 kg pero inferior o igual a 5.000 kg,10,UNIDAD,U,true
84238900,Los demás,Los demás,10,UNIDAD,U,true
84239000,Pesas para toda clase de básculas o balanzas; partes de aparatos o instrumentos de pesar,Pesas para toda clase de básculas o balanzas; partes de aparatos o instrumentos de pesar,6,KILOGRAMO NETO,KN,true
84241000,"Extintores, incluso cargados","Extintores, incluso cargados",10,UNIDAD,U,true
84242000,Pistolas aerográficas y aparatos similares,Pistolas aerográficas y aparatos similares,10,UNIDAD,U,true
84243000,Máquinas y aparatos de chorro de arena o de vapor y aparatos de chorro similares,Máquinas y aparatos de chorro de arena o de vapor y aparatos de chorro similares,10,UNIDAD,U,true
84248110,Sistemas de riego,Sistemas de riego,10,UNIDAD,U,true
84248190,Los demás,Los demás,10,UNIDAD,U,true
84248900,Los demás,Los demás,10,UNIDAD,U,true
84249000,Partes,Partes,6,KILOGRAMO NETO,KN,true
84251100,Con motor eléctrico,Con motor eléctrico,10,UNIDAD,U,true
84251900,Los demás,Los demás,10,UNIDAD,U,true
84253100,Con motor eléctrico,Con motor eléctrico,10,UNIDAD,U,true
84253910,Cabrestantes para automóviles,Cabrestantes para automóviles,10,UNIDAD,U,true
84253990,Los demás,Los demás,10,UNIDAD,U,true
84254100,"Elevadores fijos para vehículos automóviles, de los tipos utilizados en talleres","Elevadores fijos para vehículos automóviles, de los tipos utilizados en talleres",10,UNIDAD,U,true
84254200,Los demás gatos hidráulicos,Los demás gatos hidráulicos,10,UNIDAD,U,true
84254900,Los demás,Los demás,10,UNIDAD,U,true
84261100,"Puentes (incluidas las vigas) rodantes, sobre soporte fijo","Puentes (incluidas las vigas) rodantes, sobre soporte fijo",10,UNIDAD,U,true
84261200,Pórticos móviles sobre neumáticos y carretillas puente,Pórticos móviles sobre neumáticos y carretillas puente,10,UNIDAD,U,true
84261900,Los demás,Los demás,10,UNIDAD,U,true
84262000,Grúas de torre,Grúas de torre,10,UNIDAD,U,true
84263000,Grúas de pórtico,Grúas de pórtico,10,UNIDAD,U,true
84264100,Sobre neumáticos,Sobre neumáticos,10,UNIDAD,U,true
84264900,Los demás,Los demás,10,UNIDAD,U,true
84269100,Concebidos para montarlos sobre vehículos de carretera,Concebidos para montarlos sobre vehículos de carretera,10,UNIDAD,U,true
84269900,Los demás,Los demás,10,UNIDAD,U,true
84271011,Con capacidad de levante inferior o igual a 2.000 kilos,Con capacidad de levante inferior o igual a 2.000 kilos,10,UNIDAD,U,true
84271012,Con capacidad de levante superior a 2.000 kilos,Con capacidad de levante superior a 2.000 kilos,10,UNIDAD,U,true
84271090,Las demás,Las demás,10,UNIDAD,U,true
84272011,"Con motor a gas, con capacidad de levante inferior o igual a 2.000 kilos","Con motor a gas, con capacidad de levante inferior o igual a 2.000 kilos",10,UNIDAD,U,true
84272012,"Con motor a gas, con capacidad de levante superior a 2.000 kilos","Con motor a gas, con capacidad de levante superior a 2.000 kilos",10,UNIDAD,U,true
84272013,"Con motor a gasolina, con capacidad de levante inferior o igual a 2.000 kilos","Con motor a gasolina, con capacidad de levante inferior o igual a 2.000 kilos",10,UNIDAD,U,true
84272014,"Con motor a gasolina, con capacidad de levante superior a 2.000 kilos","Con motor a gasolina, con capacidad de levante superior a 2.000 kilos",10,UNIDAD,U,true
84272015,"Con motor diesel, con capacidad de levante inferior o igual a 2.000 kilos","Con motor diesel, con capacidad de levante inferior o igual a 2.000 kilos",10,UNIDAD,U,true
84272016,"Con motor diesel, con capacidad de levante superior a 2.000 kilos","Con motor diesel, con capacidad de levante superior a 2.000 kilos",10,UNIDAD,U,true
84272090,Las demás,Las demás,10,UNIDAD,U,true
84279000,Las demás carretillas,Las demás carretillas,10,UNIDAD,U,true
84281010,Ascensores sin cabina ni contrapeso,Ascensores sin cabina ni contrapeso,10,UNIDAD,U,true
84281091,Ascensores con cabina y contrapeso,Ascensores con cabina y contrapeso,10,UNIDAD,U,true
84281092,Montacargas,Montacargas,10,UNIDAD,U,true
84281099,Los demás,Los demás,10,UNIDAD,U,true
84282000,"Aparatos elevadores o transportadores, neumáticos","Aparatos elevadores o transportadores, neumáticos",10,UNIDAD,U,true
84283100,Especialmente concebidos para el interior de minas u otros trabajos subterráneos,Especialmente concebidos para el interior de minas u otros trabajos subterráneos,10,UNIDAD,U,true
84283200,"Los demás, de cangilones","Los demás, de cangilones",10,UNIDAD,U,true
84283310,Para minería,Para minería,10,UNIDAD,U,true
84283390,Los demás,Los demás,10,UNIDAD,U,true
84283900,Los demás,Los demás,10,UNIDAD,U,true
84284010,Escaleras mecánicas,Escaleras mecánicas,10,UNIDAD,U,true
84284020,Pasillos móviles,Pasillos móviles,10,UNIDAD,U,true
84286000,Teleféricos (incluidos las telesillas y los telesquís); mecanismos de tracción para funiculares,Teleféricos (incluidos las telesillas y los telesquís); mecanismos de tracción para funiculares,10,UNIDAD,U,true
84289000,Las demás máquinas y aparatos,Las demás máquinas y aparatos,10,UNIDAD,U,true
84291110,Topadoras frontales («bulldozers»),Topadoras frontales («bulldozers»),10,UNIDAD,U,true
84291190,Las demás,Las demás,10,UNIDAD,U,true
84291910,De ruedas,De ruedas,10,UNIDAD,U,true
84291990,Las demás,Las demás,10,UNIDAD,U,true
84292010,Motoniveladoras,Motoniveladoras,10,UNIDAD,U,true
84292090,Las demás,Las demás,10,UNIDAD,U,true
84293000,Traíllas («scrapers»),Traíllas («scrapers»),10,UNIDAD,U,true
84294010,Rodillos compactadores,Rodillos compactadores,10,UNIDAD,U,true
84294090,Las demás,Las demás,10,UNIDAD,U,true
84295110,Cargadores frontales,Cargadores frontales,10,UNIDAD,U,true
84295190,Los demás,Los demás,10,UNIDAD,U,true
84295210,Excavadoras,Excavadoras,10,UNIDAD,U,true
84295290,Las demás,Las demás,10,UNIDAD,U,true
84295910,Palas mecánicas,Palas mecánicas,10,UNIDAD,U,true
84295920,Excavadoras de cangilones suspendidos (dragalinas),Excavadoras de cangilones suspendidos (dragalinas),10,UNIDAD,U,true
84295930,"Excavadoras continuas de cuchara, garras o cangilones excavadores","Excavadoras continuas de cuchara, garras o cangilones excavadores",10,UNIDAD,U,true
84295990,Las demás,Las demás,10,UNIDAD,U,true
84301000,"Martinetes y máquinas para arrancar pilotes, estacas o similares","Martinetes y máquinas para arrancar pilotes, estacas o similares",10,UNIDAD,U,true
84302000,Quitanieves,Quitanieves,10,UNIDAD,U,true
84303100,Autopropulsadas,Autopropulsadas,10,UNIDAD,U,true
84303900,Las demás,Las demás,10,UNIDAD,U,true
84304110,De orugas,De orugas,10,UNIDAD,U,true
84304190,Las demás,Las demás,10,UNIDAD,U,true
84304910,Estacionarias,Estacionarias,10,UNIDAD,U,true
84304990,Las demás,Las demás,10,UNIDAD,U,true
84305000,"Las demás máquinas y aparatos, autopropulsados","Las demás máquinas y aparatos, autopropulsados",10,UNIDAD,U,true
84306100,Máquinas y aparatos para compactar o apisonar (aplanar),Máquinas y aparatos para compactar o apisonar (aplanar),10,UNIDAD,U,true
84306900,Los demás,Los demás,10,UNIDAD,U,true
84311010,Para máquinas de la partida 84.25,Para máquinas de la partida 84.25,6,KILOGRAMO NETO,KN,true
84311020,Para gatos,Para gatos,6,KILOGRAMO NETO,KN,true
84311090,Las demás,Las demás,6,KILOGRAMO NETO,KN,true
84312000,De máquinas o aparatos de la partida 84.27,De máquinas o aparatos de la partida 84.27,6,KILOGRAMO NETO,KN,true
84313100,"De ascensores, montacargas o escaleras mecánicas","De ascensores, montacargas o escaleras mecánicas",6,KILOGRAMO NETO,KN,true
84313910,"De aparatos elevadores o transportadores de acción continua, para mercancías","De aparatos elevadores o transportadores de acción continua, para mercancías",6,KILOGRAMO NETO,KN,true
84313990,Las demás,Las demás,6,KILOGRAMO NETO,KN,true
84314110,Palas,Palas,6,KILOGRAMO NETO,KN,true
84314120,Cucharas,Cucharas,6,KILOGRAMO NETO,KN,true
84314130,Garras o pinzas,Garras o pinzas,6,KILOGRAMO NETO,KN,true
84314190,Las demás,Las demás,6,KILOGRAMO NETO,KN,true
84314200,Hojas de topadoras frontales («bulldozers») o de topadoras angulares («angledozers»),Hojas de topadoras frontales («bulldozers») o de topadoras angulares («angledozers»),6,KILOGRAMO NETO,KN,true
84314310,Para trenes de perforación o de sondeo,Para trenes de perforación o de sondeo,6,KILOGRAMO NETO,KN,true
84314320,Para unidad de perforación o de sondeo,Para unidad de perforación o de sondeo,6,KILOGRAMO NETO,KN,true
84314390,Las demás,Las demás,6,KILOGRAMO NETO,KN,true
84314910,De grúas de las subpartidas 8426.20 y 8426.30,De grúas de las subpartidas 8426.20 y 8426.30,6,KILOGRAMO NETO,KN,true
84314990,Las demás,Las demás,6,KILOGRAMO NETO,KN,true
84321000,Arados,Arados,10,UNIDAD,U,true
84322100,Gradas (rastras) de discos,Gradas (rastras) de discos,10,UNIDAD,U,true
84322900,Los demás,Los demás,10,UNIDAD,U,true
84323000,"Sembradoras, plantadoras y trasplantadoras","Sembradoras, plantadoras y trasplantadoras",10,UNIDAD,U,true
84324000,Esparcidores de estiércol y distribuidores de abonos,Esparcidores de estiércol y distribuidores de abonos,10,UNIDAD,U,true
84328000,"Las demás máquinas, aparatos y artefactos","Las demás máquinas, aparatos y artefactos",10,UNIDAD,U,true
84329000,Partes,Partes,6,KILOGRAMO NETO,KN,true
84331100,"Con motor, en las que el dispositivo de corte gire en un plano horizontal","Con motor, en las que el dispositivo de corte gire en un plano horizontal",10,UNIDAD,U,true
84331900,Las demás,Las demás,10,UNIDAD,U,true
84332000,"Guadañadoras, incluidas las barras de corte para montar sobre un tractor","Guadañadoras, incluidas las barras de corte para montar sobre un tractor",10,UNIDAD,U,true
84333000,Las demás máquinas y aparatos de henificar,Las demás máquinas y aparatos de henificar,10,UNIDAD,U,true
84334000,"Prensas para paja o forraje, incluidas las prensas recogedoras","Prensas para paja o forraje, incluidas las prensas recogedoras",10,UNIDAD,U,true
84335100,Cosechadoras-trilladoras,Cosechadoras-trilladoras,10,UNIDAD,U,true
84335200,Las demás máquinas y aparatos de trillar,Las demás máquinas y aparatos de trillar,10,UNIDAD,U,true
84335300,Máquinas de cosechar raíces o tubérculos,Máquinas de cosechar raíces o tubérculos,10,UNIDAD,U,true
84335910,Máquinas sacudidoras y vibradoras de árboles,Máquinas sacudidoras y vibradoras de árboles,10,UNIDAD,U,true
84335920,Máquinas para la recolección de oleaginosas,Máquinas para la recolección de oleaginosas,10,UNIDAD,U,true
84335930,Máquinas para vendimiar,Máquinas para vendimiar,10,UNIDAD,U,true
84335990,Los demás,Los demás,10,UNIDAD,U,true
84336010,Máquinas para limpieza o clasificación de frutas,Máquinas para limpieza o clasificación de frutas,10,UNIDAD,U,true
84336090,Las demás,Las demás,10,UNIDAD,U,true
84339000,Partes,Partes,6,KILOGRAMO NETO,KN,true
84341000,Máquinas de ordeñar,Máquinas de ordeñar,10,UNIDAD,U,true
84342000,Máquinas y aparatos para la industria lechera,Máquinas y aparatos para la industria lechera,10,UNIDAD,U,true
84349000,Partes,Partes,6,KILOGRAMO NETO,KN,true
84351010,Empleados en la vinicultura,Empleados en la vinicultura,10,UNIDAD,U,true
84351090,Los demás,Los demás,10,UNIDAD,U,true
84359000,Partes,Partes,6,KILOGRAMO NETO,KN,true
84361000,Máquinas y aparatos para preparar alimentos o piensos para animales,Máquinas y aparatos para preparar alimentos o piensos para animales,10,UNIDAD,U,true
84362100,Incubadoras y criadoras,Incubadoras y criadoras,10,UNIDAD,U,true
84362900,Los demás,Los demás,10,UNIDAD,U,true
84368000,Las demás máquinas y aparatos,Las demás máquinas y aparatos,10,UNIDAD,U,true
84369100,Para máquinas o aparatos para la avicultura,Para máquinas o aparatos para la avicultura,6,KILOGRAMO NETO,KN,true
84369900,Las demás,Las demás,6,KILOGRAMO NETO,KN,true
84371000,"Máquinas para limpieza, clasificación o cribado de semillas, granos u hortalizas de vaina secas","Máquinas para limpieza, clasificación o cribado de semillas, granos u hortalizas de vaina secas",10,UNIDAD,U,true
84378000,Las demás máquinas y aparatos,Las demás máquinas y aparatos,10,UNIDAD,U,true
84379000,Partes,Partes,6,KILOGRAMO NETO,KN,true
84381010,"Para panadería, pastelería, galletería","Para panadería, pastelería, galletería",10,UNIDAD,U,true
84381020,Para la fabricación de pastas alimenticias,Para la fabricación de pastas alimenticias,10,UNIDAD,U,true
84382000,"Máquinas y aparatos para confitería, elaboración de cacao o la fabricación de chocolate","Máquinas y aparatos para confitería, elaboración de cacao o la fabricación de chocolate",10,UNIDAD,U,true
84383000,Máquinas y aparatos para la industria azucarera,Máquinas y aparatos para la industria azucarera,10,UNIDAD,U,true
84384000,Máquinas y aparatos para la industria cervecera,Máquinas y aparatos para la industria cervecera,10,UNIDAD,U,true
84385000,Máquinas y aparatos para la preparación de carne,Máquinas y aparatos para la preparación de carne,10,UNIDAD,U,true
84386000,Máquinas y aparatos para la preparación de frutos u hortalizas,Máquinas y aparatos para la preparación de frutos u hortalizas,10,UNIDAD,U,true
84388010,"Para la preparación de pescados, crustáceos y moluscos","Para la preparación de pescados, crustáceos y moluscos",10,UNIDAD,U,true
84388090,Las demás,Las demás,10,UNIDAD,U,true
84389000,Partes,Partes,6,KILOGRAMO NETO,KN,true
84391000,Máquinas y aparatos para la fabricación de pasta de materias fibrosas celulósicas,Máquinas y aparatos para la fabricación de pasta de materias fibrosas celulósicas,10,UNIDAD,U,true
84392000,Máquinas y aparatos para la fabricación de papel o cartón,Máquinas y aparatos para la fabricación de papel o cartón,10,UNIDAD,U,true
84393000,Máquinas y aparatos para el acabado de papel o cartón,Máquinas y aparatos para el acabado de papel o cartón,10,UNIDAD,U,true
84399100,Para máquinas o aparatos para la fabricación de pasta de materias fibrosas celulósicas,Para máquinas o aparatos para la fabricación de pasta de materias fibrosas celulósicas,6,KILOGRAMO NETO,KN,true
84399900,Las demás,Las demás,6,KILOGRAMO NETO,KN,true
84401000,Máquinas y aparatos,Máquinas y aparatos,10,UNIDAD,U,true
84409000,Partes,Partes,6,KILOGRAMO NETO,KN,true
84411010,Cortadoras-bobinadoras,Cortadoras-bobinadoras,10,UNIDAD,U,true
84411020,Guillotinas de una sola hoja,Guillotinas de una sola hoja,10,UNIDAD,U,true
84411090,Las demás,Las demás,10,UNIDAD,U,true
84412000,"Máquinas para la fabricación de sacos (bolsas), bolsitas o sobres","Máquinas para la fabricación de sacos (bolsas), bolsitas o sobres",10,UNIDAD,U,true
84413000,"Máquinas para la fabricación de cajas, tubos, tambores o continentes similares, excepto por moldeado","Máquinas para la fabricación de cajas, tubos, tambores o continentes similares, excepto por moldeado",10,UNIDAD,U,true
84414000,"Máquinas de moldear artículos de pasta de papel, de papel o cartón","Máquinas de moldear artículos de pasta de papel, de papel o cartón",10,UNIDAD,U,true
84418000,Las demás máquinas y aparatos,Las demás máquinas y aparatos,10,UNIDAD,U,true
84419000,Partes,Partes,6,KILOGRAMO NETO,KN,true
84423000,"Máquinas, aparatos y material","Máquinas, aparatos y material",10,UNIDAD,U,true
84424000,"Partes de estas máquinas, aparatos o material","Partes de estas máquinas, aparatos o material",6,KILOGRAMO NETO,KN,true
84425000,"Clisés, planchas, cilindros y demás elementos impresores; piedras litográficas, planchas, placas y","Clisés, planchas, cilindros y demás elementos impresores; piedras litográficas, planchas, placas y cilindros, preparados para la impresión (por ejemplo: aplanados, graneados, pulidos)",6,KILOGRAMO NETO,KN,true
84431100,"Máquinas y aparatos para imprimir, offset, alimentados con bobinas","Máquinas y aparatos para imprimir, offset, alimentados con bobinas",10,UNIDAD,U,true
84431200,"Máquinas y aparatos de oficina para imprimir, offset, alimentados con hojas de formato inferior o i","Máquinas y aparatos de oficina para imprimir, offset, alimentados con hojas de formato inferior o igual a 22 cm x 36 cm, medidas sin plegar",10,UNIDAD,U,true
84431310,"Alimentados con hojas de formato superior a 22 cm x 36 cm, pero inferior o igual a 52 cm x 74 cm","Alimentados con hojas de formato superior a 22 cm x 36 cm, pero inferior o igual a 52 cm x 74 cm",10,UNIDAD,U,true
84431390,Los demás,Los demás,10,UNIDAD,U,true
84431400,"Máquinas y aparatos para imprimir, tipográficos, alimentados con bobinas, excepto las máquinas y a","Máquinas y aparatos para imprimir, tipográficos, alimentados con bobinas, excepto las máquinas y aparatos flexográficos",10,UNIDAD,U,true
84431500,"Máquinas y aparatos para imprimir, tipográficos, distintos de los alimentados con bobinas, excepto l","Máquinas y aparatos para imprimir, tipográficos, distintos de los alimentados con bobinas, excepto las máquinas y aparatos flexográficos",10,UNIDAD,U,true
84431600,"Máquinas y aparatos para imprimir, flexográficos","Máquinas y aparatos para imprimir, flexográficos",10,UNIDAD,U,true
84431700,"Máquinas y aparatos para imprimir, heliográficos (huecograbado)","Máquinas y aparatos para imprimir, heliográficos (huecograbado)",10,UNIDAD,U,true
84431900,Los demás,Los demás,10,UNIDAD,U,true
84433110,Láser,Láser,10,UNIDAD,U,true
84433120,Por chorro de tinta,Por chorro de tinta,10,UNIDAD,U,true
84433190,Las demás,Las demás,10,UNIDAD,U,true
84433211,Láser,Láser,10,UNIDAD,U,true
84433212,Por chorro de tinta,Por chorro de tinta,10,UNIDAD,U,true
84433213,Por transferencia térmica,Por transferencia térmica,10,UNIDAD,U,true
84433219,Las demás,Las demás,10,UNIDAD,U,true
84433290,Las demás,Las demás,10,UNIDAD,U,true
84433900,Las demás,Las demás,10,UNIDAD,U,true
84439100,"Partes y accesorios de máquinas y aparatos para imprimir por medio de planchas, cilindros y demás e","Partes y accesorios de máquinas y aparatos para imprimir por medio de planchas, cilindros y demás elementos impresores de la partida 84.42",6,KILOGRAMO NETO,KN,true
84439910,"Cartuchos de tóner o tinta, con cabezal impresor incorporado, para impresoras de los ítemes 8443.32","Cartuchos de tóner o tinta, con cabezal impresor incorporado, para impresoras de los ítemes 8443.3211 u 8443.3212",6,KILOGRAMO NETO,KN,true
84439920,"Los demás cartuchos de tóner o tinta, con cabezal impresor incorporado","Los demás cartuchos de tóner o tinta, con cabezal impresor incorporado",6,KILOGRAMO NETO,KN,true
84439990,Los demás,Los demás,6,KILOGRAMO NETO,KN,true
84440000,"Máquinas para extrudir, estirar, texturar o cortar materia textil sintética o artificial.","Máquinas para extrudir, estirar, texturar o cortar materia textil sintética o artificial.",10,UNIDAD,U,true
84451100,Cardas,Cardas,10,UNIDAD,U,true
84451200,Peinadoras,Peinadoras,10,UNIDAD,U,true
84451300,Mecheras,Mecheras,10,UNIDAD,U,true
84451900,Las demás,Las demás,10,UNIDAD,U,true
84452000,Máquinas para hilar materia textil,Máquinas para hilar materia textil,10,UNIDAD,U,true
84453000,Máquinas para doblar o retorcer materia textil,Máquinas para doblar o retorcer materia textil,10,UNIDAD,U,true
84454000,Máquinas para bobinar (incluidas las canilleras) o devanar materia textil,Máquinas para bobinar (incluidas las canilleras) o devanar materia textil,10,UNIDAD,U,true
84459000,Los demás,Los demás,10,UNIDAD,U,true
84461000,Para tejidos de anchura inferior o igual a 30 cm,Para tejidos de anchura inferior o igual a 30 cm,10,UNIDAD,U,true
84462100,De motor,De motor,10,UNIDAD,U,true
84462900,Los demás,Los demás,10,UNIDAD,U,true
84463000,"Para tejidos de anchura superior a 30 cm, sin lanzadera","Para tejidos de anchura superior a 30 cm, sin lanzadera",10,UNIDAD,U,true
84471100,Con cilindro de diámetro inferior o igual a 165 mm,Con cilindro de diámetro inferior o igual a 165 mm,10,UNIDAD,U,true
84471200,Con cilindro de diámetro superior a 165 mm,Con cilindro de diámetro superior a 165 mm,10,UNIDAD,U,true
84472010,"Máquinas rectilíneas de tricotar, de uso doméstico","Máquinas rectilíneas de tricotar, de uso doméstico",10,UNIDAD,U,true
84472090,Las demás,Las demás,10,UNIDAD,U,true
84479000,Las demás,Las demás,10,UNIDAD,U,true
84481100,"Maquinitas para lizos y mecanismos Jacquard; reductoras, perforadoras y copiadoras de cartones; máq","Maquinitas para lizos y mecanismos Jacquard; reductoras, perforadoras y copiadoras de cartones; máquinas para unir cartones después de perforados",6,KILOGRAMO NETO,KN,true
84481900,Los demás,Los demás,6,KILOGRAMO NETO,KN,true
84482000,Partes y accesorios de las máquinas de la partida 84.44 o de sus máquinas o aparatos auxiliares,Partes y accesorios de las máquinas de la partida 84.44 o de sus máquinas o aparatos auxiliares,6,KILOGRAMO NETO,KN,true
84483100,Guarniciones de cardas,Guarniciones de cardas,6,KILOGRAMO NETO,KN,true
84483200,"De máquinas para la preparación de materia textil, excepto las guarniciones de cardas","De máquinas para la preparación de materia textil, excepto las guarniciones de cardas",6,KILOGRAMO NETO,KN,true
84483300,"Husos y sus aletas, anillos y cursores","Husos y sus aletas, anillos y cursores",6,KILOGRAMO NETO,KN,true
84483900,Los demás,Los demás,6,KILOGRAMO NETO,KN,true
84484200,"Peines, lizos y cuadros de lizos","Peines, lizos y cuadros de lizos",6,KILOGRAMO NETO,KN,true
84484900,Los demás,Los demás,6,KILOGRAMO NETO,KN,true
84485100,"Platinas, agujas y demás artículos que participen en la formación de mallas","Platinas, agujas y demás artículos que participen en la formación de mallas",6,KILOGRAMO NETO,KN,true
84485900,Los demás,Los demás,6,KILOGRAMO NETO,KN,true
84490000,"Máquinas y aparatos para la fabricación o acabado del fieltro o tela sin tejer, en pieza o con forma","Máquinas y aparatos para la fabricación o acabado del fieltro o tela sin tejer, en pieza o con forma, incluidas las máquinas y aparatos para la fabricación de sombreros de fieltro; hormas de sombrerer",6,KILOGRAMO NETO,KN,true
84501111,"De capacidad superior a 5 kg pero inferior o igual a 7,5 kg","De capacidad superior a 5 kg pero inferior o igual a 7,5 kg",10,UNIDAD,U,true
84501112,"De capacidad superior a 7,5 kg pero inferior o igual a 10 kg","De capacidad superior a 7,5 kg pero inferior o igual a 10 kg",10,UNIDAD,U,true
84501119,Las demás,Las demás,10,UNIDAD,U,true
84501121,"De capacidad superior a 5 kg pero inferior o igual a 7,5 kg","De capacidad superior a 5 kg pero inferior o igual a 7,5 kg",10,UNIDAD,U,true
84501122,"De capacidad superior a 7,5 kg pero inferior o igual a 10 kg","De capacidad superior a 7,5 kg pero inferior o igual a 10 kg",10,UNIDAD,U,true
84501129,Las demás,Las demás,10,UNIDAD,U,true
84501131,"De capacidad superior a 5 kg pero inferior o igual a 7,5 kg","De capacidad superior a 5 kg pero inferior o igual a 7,5 kg",10,UNIDAD,U,true
84501132,"De capacidad superior a 7,5 kg pero inferior o igual a 10 kg","De capacidad superior a 7,5 kg pero inferior o igual a 10 kg",10,UNIDAD,U,true
84501139,Las demás,Las demás,10,UNIDAD,U,true
84501190,Las demás,Las demás,10,UNIDAD,U,true
84501200,"Las demás máquinas, con secadora centrífuga incorporada","Las demás máquinas, con secadora centrífuga incorporada",10,UNIDAD,U,true
84501900,Las demás,Las demás,10,UNIDAD,U,true
84502000,"Máquinas de capacidad unitaria, expresada en peso de ropa seca, superior a 10 kg","Máquinas de capacidad unitaria, expresada en peso de ropa seca, superior a 10 kg",10,UNIDAD,U,true
84509000,Partes,Partes,6,KILOGRAMO NETO,KN,true
84511000,Máquinas para limpieza en seco,Máquinas para limpieza en seco,10,UNIDAD,U,true
84512100,"De capacidad unitaria, expresada en peso de ropa seca, inferior o igual a 10 kg","De capacidad unitaria, expresada en peso de ropa seca, inferior o igual a 10 kg",10,UNIDAD,U,true
84512900,Las demás,Las demás,10,UNIDAD,U,true
84513000,"Máquinas y prensas para planchar, incluidas las prensas para fijar","Máquinas y prensas para planchar, incluidas las prensas para fijar",10,UNIDAD,U,true
84514010,Para lavar,Para lavar,10,UNIDAD,U,true
84514020,Para blanquear o teñir,Para blanquear o teñir,10,UNIDAD,U,true
84515000,"Máquinas para enrollar, desenrollar, plegar, cortar o dentar telas","Máquinas para enrollar, desenrollar, plegar, cortar o dentar telas",10,UNIDAD,U,true
84518010,Para el apresto y el acabado,Para el apresto y el acabado,10,UNIDAD,U,true
84518090,Las demás,Las demás,10,UNIDAD,U,true
84519000,Partes,Partes,6,KILOGRAMO NETO,KN,true
84521000,Máquinas de coser domésticas,Máquinas de coser domésticas,10,UNIDAD,U,true
84522100,Unidades automáticas,Unidades automáticas,10,UNIDAD,U,true
84522900,Las demás,Las demás,10,UNIDAD,U,true
84523000,Agujas para máquinas de coser,Agujas para máquinas de coser,6,KILOGRAMO NETO,KN,true
84524000,"Muebles, basamentos y tapas o cubiertas para máquinas de coser, y sus partes coser, y sus partes","Muebles, basamentos y tapas o cubiertas para máquinas de coser, y sus partes coser, y sus partes",6,KILOGRAMO NETO,KN,true
84529000,Las demás partes para máquinas de coser,Las demás partes para máquinas de coser,6,KILOGRAMO NETO,KN,true
84531000,"Máquinas y aparatos para la preparación, curtido o trabajo de cuero o piel","Máquinas y aparatos para la preparación, curtido o trabajo de cuero o piel",10,UNIDAD,U,true
84532000,Máquinas y aparatos para la fabricación o reparación de calzado,Máquinas y aparatos para la fabricación o reparación de calzado,10,UNIDAD,U,true
84538000,Las demás máquinas y aparatos,Las demás máquinas y aparatos,10,UNIDAD,U,true
84539000,Partes,Partes,6,KILOGRAMO NETO,KN,true
84541000,Convertidores,Convertidores,10,UNIDAD,U,true
84542000,Lingoteras y cucharas de colada,Lingoteras y cucharas de colada,10,UNIDAD,U,true
84543010,Máquinas de moldear a presión,Máquinas de moldear a presión,10,UNIDAD,U,true
84543090,Las demás,Las demás,10,UNIDAD,U,true
84549000,Partes,Partes,6,KILOGRAMO NETO,KN,true
84551000,Laminadores de tubos,Laminadores de tubos,10,UNIDAD,U,true
84552100,Para laminar en caliente o combinados para laminar en caliente y en frío,Para laminar en caliente o combinados para laminar en caliente y en frío,10,UNIDAD,U,true
84552200,Para laminar en frío,Para laminar en frío,10,UNIDAD,U,true
84553000,Cilindros de laminadores,Cilindros de laminadores,10,UNIDAD,U,true
84559000,Las demás partes,Las demás partes,6,KILOGRAMO NETO,KN,true
84561000,Que operen mediante láser u otros haces de luz o de fotones,Que operen mediante láser u otros haces de luz o de fotones,10,UNIDAD,U,true
84562000,Que operen por ultrasonido,Que operen por ultrasonido,10,UNIDAD,U,true
84563000,Que operen por electroerosión,Que operen por electroerosión,10,UNIDAD,U,true
84569000,Las demás:,Las demás:,10,UNIDAD,U,true
84571000,Centros de mecanizado,Centros de mecanizado,10,UNIDAD,U,true
84572000,Máquinas de puesto fijo,Máquinas de puesto fijo,10,UNIDAD,U,true
84573000,Máquinas de puestos múltiples,Máquinas de puestos múltiples,10,UNIDAD,U,true
84581110,Paralelos universales,Paralelos universales,10,UNIDAD,U,true
84581190,Los demás,Los demás,10,UNIDAD,U,true
84581910,Paralelos universales,Paralelos universales,10,UNIDAD,U,true
84581990,Los demás,Los demás,10,UNIDAD,U,true
84589100,De control numérico,De control numérico,10,UNIDAD,U,true
84589900,Los demás,Los demás,10,UNIDAD,U,true
84591000,Unidades de mecanizado de correderas,Unidades de mecanizado de correderas,10,UNIDAD,U,true
84592100,De control numérico,De control numérico,10,UNIDAD,U,true
84592900,Las demás,Las demás,10,UNIDAD,U,true
84593100,De control numérico,De control numérico,10,UNIDAD,U,true
84593900,Las demás,Las demás,10,UNIDAD,U,true
84594000,Las demás escariadoras,Las demás escariadoras,10,UNIDAD,U,true
84595100,De control numérico,De control numérico,10,UNIDAD,U,true
84595900,Las demás,Las demás,10,UNIDAD,U,true
84596100,De control numérico,De control numérico,10,UNIDAD,U,true
84596900,Las demás,Las demás,10,UNIDAD,U,true
84597010,De control numérico,De control numérico,10,UNIDAD,U,true
84597090,Las demás,Las demás,10,UNIDAD,U,true
84601100,De control numérico,De control numérico,10,UNIDAD,U,true
84601900,Las demás,Las demás,10,UNIDAD,U,true
84602100,De control numérico,De control numérico,10,UNIDAD,U,true
84602900,Las demás,Las demás,10,UNIDAD,U,true
84603100,De control numérico,De control numérico,10,UNIDAD,U,true
84603900,Las demás,Las demás,10,UNIDAD,U,true
84604010,De control numérico,De control numérico,10,UNIDAD,U,true
84604090,Las demás,Las demás,10,UNIDAD,U,true
84609011,De control numérico,De control numérico,10,UNIDAD,U,true
84609019,Las demás,Las demás,10,UNIDAD,U,true
84609091,De control numérico,De control numérico,10,UNIDAD,U,true
84609099,Las demás,Las demás,10,UNIDAD,U,true
84612010,De control numérico,De control numérico,10,UNIDAD,U,true
84612090,Las demás,Las demás,10,UNIDAD,U,true
84613010,De control numérico,De control numérico,10,UNIDAD,U,true
84613090,Las demás,Las demás,10,UNIDAD,U,true
84614000,Máquinas de tallar o acabar engranajes,Máquinas de tallar o acabar engranajes,10,UNIDAD,U,true
84615010,De control numérico,De control numérico,10,UNIDAD,U,true
84615090,Las demás,Las demás,10,UNIDAD,U,true
84619010,De control numérico,De control numérico,10,UNIDAD,U,true
84619090,Las demás,Las demás,10,UNIDAD,U,true
84621010,Prensas,Prensas,10,UNIDAD,U,true
84621090,Las demás,Las demás,10,UNIDAD,U,true
84622110,Prensas,Prensas,10,UNIDAD,U,true
84622120,Plegadoras,Plegadoras,10,UNIDAD,U,true
84622190,Las demás,Las demás,10,UNIDAD,U,true
84622910,Prensas,Prensas,10,UNIDAD,U,true
84622920,Plegadoras,Plegadoras,10,UNIDAD,U,true
84622990,Las demás,Las demás,10,UNIDAD,U,true
84623110,Prensas,Prensas,10,UNIDAD,U,true
84623120,Guillotinas,Guillotinas,10,UNIDAD,U,true
84623190,Las demás,Las demás,10,UNIDAD,U,true
84623910,Prensas,Prensas,10,UNIDAD,U,true
84623920,Guillotinas,Guillotinas,10,UNIDAD,U,true
84623990,Las demás,Las demás,10,UNIDAD,U,true
84624100,De control numérico,De control numérico,10,UNIDAD,U,true
84624900,Las demás,Las demás,10,UNIDAD,U,true
84629110,De control numérico,De control numérico,10,UNIDAD,U,true
84629190,Las demás,Las demás,10,UNIDAD,U,true
84629910,De control numérico,De control numérico,10,UNIDAD,U,true
84629990,Las demás,Las demás,10,UNIDAD,U,true
84631000,"Bancos de estirar barras, tubos, perfiles, alambres o similares","Bancos de estirar barras, tubos, perfiles, alambres o similares",10,UNIDAD,U,true
84632000,Máquinas laminadoras de hacer roscas,Máquinas laminadoras de hacer roscas,10,UNIDAD,U,true
84633000,Máquinas de trabajar alambre,Máquinas de trabajar alambre,10,UNIDAD,U,true
84639010,Máquinas para la fabricación de envases,Máquinas para la fabricación de envases,10,UNIDAD,U,true
84639090,Las demás,Las demás,10,UNIDAD,U,true
84641000,Máquinas de aserrar,Máquinas de aserrar,10,UNIDAD,U,true
84642000,Máquinas de amolar o pulir,Máquinas de amolar o pulir,10,UNIDAD,U,true
84649000,Las demás,Las demás,10,UNIDAD,U,true
84651000,Máquinas que efectúen distintas operaciones de mecanizado sin cambio de útil entre dichas operacione,Máquinas que efectúen distintas operaciones de mecanizado sin cambio de útil entre dichas operaciones,10,UNIDAD,U,true
84659110,Sierras de cinta,Sierras de cinta,10,UNIDAD,U,true
84659120,Sierras circulares,Sierras circulares,10,UNIDAD,U,true
84659190,Las demás,Las demás,10,UNIDAD,U,true
84659200,Máquinas de cepillar; máquinas de fresar o moldurar,Máquinas de cepillar; máquinas de fresar o moldurar,10,UNIDAD,U,true
84659300,"Máquinas de amolar, lijar o pulir","Máquinas de amolar, lijar o pulir",10,UNIDAD,U,true
84659400,Máquinas de curvar o ensamblar,Máquinas de curvar o ensamblar,10,UNIDAD,U,true
84659500,Máquinas de taladrar o mortajar,Máquinas de taladrar o mortajar,10,UNIDAD,U,true
84659600,"Máquinas de hendir, rebanar o desenrollar","Máquinas de hendir, rebanar o desenrollar",10,UNIDAD,U,true
84659910,Tornos,Tornos,10,UNIDAD,U,true
84659990,Las demás,Las demás,10,UNIDAD,U,true
84661000,Portaútiles y dispositivos de roscar de apertura automática,Portaútiles y dispositivos de roscar de apertura automática,6,KILOGRAMO NETO,KN,true
84662000,Portapiezas,Portapiezas,6,KILOGRAMO NETO,KN,true
84663000,Divisores y demás dispositivos especiales para montar en máquinas herramienta,Divisores y demás dispositivos especiales para montar en máquinas herramienta,6,KILOGRAMO NETO,KN,true
84669100,Para máquinas de la partida 84.64,Para máquinas de la partida 84.64,6,KILOGRAMO NETO,KN,true
84669200,Para máquinas de la partida 84.65,Para máquinas de la partida 84.65,6,KILOGRAMO NETO,KN,true
84669300,Para máquinas de las partidas 84.56 a 84.61,Para máquinas de las partidas 84.56 a 84.61,6,KILOGRAMO NETO,KN,true
84669400,Para máquinas de las partidas 84.62 u 84.63,Para máquinas de las partidas 84.62 u 84.63,6,KILOGRAMO NETO,KN,true
84671110,"Taladradoras, perforadoras y similares","Taladradoras, perforadoras y similares",10,UNIDAD,U,true
84671190,Las demás,Las demás,10,UNIDAD,U,true
84671900,Las demás,Las demás,10,UNIDAD,U,true
84672110,Taladros,Taladros,10,UNIDAD,U,true
84672120,Perforadoras rotativas,Perforadoras rotativas,10,UNIDAD,U,true
84672210,Tronzadoras,Tronzadoras,10,UNIDAD,U,true
84672220,Sierras circulares,Sierras circulares,10,UNIDAD,U,true
84672290,Las demás,Las demás,10,UNIDAD,U,true
84672910,De los tipos utilizados para materias textiles,De los tipos utilizados para materias textiles,10,UNIDAD,U,true
84672920,Amoladoras angulares,Amoladoras angulares,10,UNIDAD,U,true
84672930,Lijadoras de banda,Lijadoras de banda,10,UNIDAD,U,true
84672991,Que funcionen sin fuente de energía externa,Que funcionen sin fuente de energía externa,10,UNIDAD,U,true
84672999,Las demás,Las demás,10,UNIDAD,U,true
84678100,"Sierras o tronzadoras, de cadena","Sierras o tronzadoras, de cadena",10,UNIDAD,U,true
84678900,Las demás,Las demás,10,UNIDAD,U,true
84679100,"De sierras o tronzadoras, de cadena","De sierras o tronzadoras, de cadena",6,KILOGRAMO NETO,KN,true
84679200,De herramientas neumáticas,De herramientas neumáticas,6,KILOGRAMO NETO,KN,true
84679900,Las demás,Las demás,6,KILOGRAMO NETO,KN,true
84681000,Sopletes manuales,Sopletes manuales,10,UNIDAD,U,true
84682000,Las demás máquinas y aparatos de gas,Las demás máquinas y aparatos de gas,10,UNIDAD,U,true
84688000,Las demás máquinas y aparatos,Las demás máquinas y aparatos,10,UNIDAD,U,true
84689000,Partes,Partes,6,KILOGRAMO NETO,KN,true
84690000,"Máquinas de escribir, excepto las impresoras de la partida 84.43; máquinas para tratamiento o proces","Máquinas de escribir, excepto las impresoras de la partida 84.43; máquinas para tratamiento o procesamiento de textos",10,UNIDAD,U,true
84701010,Calculadoras electrónicas que puedan funcionar sin fuente de energía eléctrica exterior,Calculadoras electrónicas que puedan funcionar sin fuente de energía eléctrica exterior,10,UNIDAD,U,true
84701020,"Máquinas de bolsillo registradoras, reproductoras y visualizadoras de datos, con función de cálculo","Máquinas de bolsillo registradoras, reproductoras y visualizadoras de datos, con función de cálculo",10,UNIDAD,U,true
84702100,Con dispositivo de impresión incorporado,Con dispositivo de impresión incorporado,10,UNIDAD,U,true
84702900,Las demás,Las demás,10,UNIDAD,U,true
84703000,Las demás máquinas de calcular,Las demás máquinas de calcular,10,UNIDAD,U,true
84705000,Cajas registradoras,Cajas registradoras,10,UNIDAD,U,true
84709000,Las demás,Las demás,10,UNIDAD,U,true
84713000,"Máquinas automáticas para tratamiento o procesamiento de datos, portátiles, de peso inferior o igual","Máquinas automáticas para tratamiento o procesamiento de datos, portátiles, de peso inferior o igual a 10 kg, que estén constituidas, al menos, por una unidad central de proceso, un teclado y un visu",10,UNIDAD,U,true
84714110,"Que puedan recibir y tratar señales de televisión, telecomunicación, audio y vídeo","Que puedan recibir y tratar señales de televisión, telecomunicación, audio y vídeo",10,UNIDAD,U,true
84714190,Las demás,Las demás,10,UNIDAD,U,true
84714910,"Que puedan recibir y tratar señales de televisión, telecomunicación, audio y vídeo","Que puedan recibir y tratar señales de televisión, telecomunicación, audio y vídeo",10,UNIDAD,U,true
84714990,Las demás,Las demás,10,UNIDAD,U,true
84715000,"Unidades de proceso, excepto las de las subpartidas 8471.41 u 8471.49, aunque incluyan en la misma","Unidades de proceso, excepto las de las subpartidas 8471.41 u 8471.49, aunque incluyan en la misma envoltura uno o dos de los tipos siguientes de unidades: unidad de memoria, unidad de entrada y unid",10,UNIDAD,U,true
84716010,Unidades combinadas de entrada o de salida,Unidades combinadas de entrada o de salida,10,UNIDAD,U,true
84716040,Teclados,Teclados,10,UNIDAD,U,true
84716090,Las demás,Las demás,10,UNIDAD,U,true
84717011,Grabador y grabador-reproductor de discos compactos (CD),Grabador y grabador-reproductor de discos compactos (CD),10,UNIDAD,U,true
84717012,Grabador y grabador-reproductor de discos de vídeos digitales (discos digitales versátiles) (DVD),Grabador y grabador-reproductor de discos de vídeos digitales (discos digitales versátiles) (DVD),10,UNIDAD,U,true
84717019,Las demás,Las demás,10,UNIDAD,U,true
84717020,De cinta,De cinta,10,UNIDAD,U,true
84717090,Las demás,Las demás,10,UNIDAD,U,true
84718010,Unidades de control o adaptadores,Unidades de control o adaptadores,10,UNIDAD,U,true
84718020,Las demás unidades de adaptación para su incorporación física en máquinas automáticas para el tratam,Las demás unidades de adaptación para su incorporación física en máquinas automáticas para el tratamiento de la información o unidades de las mismas,10,UNIDAD,U,true
84718090,Las demás,Las demás,10,UNIDAD,U,true
84719010,Lectores magnéticos,Lectores magnéticos,10,UNIDAD,U,true
84719020,Lectores ópticos,Lectores ópticos,10,UNIDAD,U,true
84719090,Los demás,Los demás,10,UNIDAD,U,true
84721000,"Copiadoras, incluidos los mimeógrafos","Copiadoras, incluidos los mimeógrafos",10,UNIDAD,U,true
84723000,"Máquinas de clasificar, plegar, meter en sobres o colocar en fajas, correspondencia, máquinas de ab","Máquinas de clasificar, plegar, meter en sobres o colocar en fajas, correspondencia, máquinas de abrir, cerrar o precintar correspondencia y máquinas de colocar u obliterar sellos (estampillas)",10,UNIDAD,U,true
84729010,Distribuidores automáticos de billetes de banco y demás dispositivos para tratar monedas o billetes,Distribuidores automáticos de billetes de banco y demás dispositivos para tratar monedas o billetes,10,UNIDAD,U,true
84729020,"Máquinas sacapuntas, incluidas las accionadas a mano","Máquinas sacapuntas, incluidas las accionadas a mano",10,UNIDAD,U,true
84729030,"Numeradores, fechadores y autentificadores de cheques","Numeradores, fechadores y autentificadores de cheques",10,UNIDAD,U,true
84729090,Los demás,Los demás,10,UNIDAD,U,true
84731000,Partes y accesorios de máquinas de la partida 84.69,Partes y accesorios de máquinas de la partida 84.69,6,KILOGRAMO NETO,KN,true
84732100,"De máquinas de calcular electrónicas de las subpartidas 8470.10, 8470.21 u 8470.29","De máquinas de calcular electrónicas de las subpartidas 8470.10, 8470.21 u 8470.29",6,KILOGRAMO NETO,KN,true
84732900,Los demás,Los demás,6,KILOGRAMO NETO,KN,true
84733000,Partes y accesorios de máquinas de la partida 84.71,Partes y accesorios de máquinas de la partida 84.71,6,KILOGRAMO NETO,KN,true
84734000,Partes y accesorios de máquinas de la partida 84.72,Partes y accesorios de máquinas de la partida 84.72,6,KILOGRAMO NETO,KN,true
84735000,Partes y accesorios que puedan utilizarse indistintamente con máquinas o aparatos de varias de las p,Partes y accesorios que puedan utilizarse indistintamente con máquinas o aparatos de varias de las partidas 84.69 a 84.72,6,KILOGRAMO NETO,KN,true
84741010,Clasificadoras de rodillos acanalados,Clasificadoras de rodillos acanalados,10,UNIDAD,U,true
84741020,Cribas y clasificadores de rastrillos,Cribas y clasificadores de rastrillos,10,UNIDAD,U,true
84741030,Separadores de flotación,Separadores de flotación,10,UNIDAD,U,true
84741090,Los demás,Los demás,10,UNIDAD,U,true
84742000,"Máquinas y aparatos de quebrantar, triturar o pulverizar","Máquinas y aparatos de quebrantar, triturar o pulverizar",10,UNIDAD,U,true
84743100,Hormigoneras y aparatos de amasar mortero,Hormigoneras y aparatos de amasar mortero,10,UNIDAD,U,true
84743200,Máquinas de mezclar materia mineral con asfalto,Máquinas de mezclar materia mineral con asfalto,10,UNIDAD,U,true
84743900,Los demás,Los demás,10,UNIDAD,U,true
84748000,Las demás máquinas y aparatos,Las demás máquinas y aparatos,10,UNIDAD,U,true
84749010,"Coladas o moldeadas, de fundición, hierro o acero","Coladas o moldeadas, de fundición, hierro o acero",6,KILOGRAMO NETO,KN,true
84749090,Las demás,Las demás,6,KILOGRAMO NETO,KN,true
84751000,"Máquinas para montar lámparas, tubos o válvulas eléctricos o electrónicos o lámparas de destello, qu","Máquinas para montar lámparas, tubos o válvulas eléctricos o electrónicos o lámparas de destello, que tengan envoltura de vidrio",10,UNIDAD,U,true
84752100,Máquinas para fabricar fibras ópticas y sus esbozos,Máquinas para fabricar fibras ópticas y sus esbozos,10,UNIDAD,U,true
84752900,Las demás,Las demás,10,UNIDAD,U,true
84759000,Partes,Partes,6,KILOGRAMO NETO,KN,true
84762100,"Con dispositivo de calentamiento o refrigeración, incorporado","Con dispositivo de calentamiento o refrigeración, incorporado",10,UNIDAD,U,true
84762900,Las demás,Las demás,10,UNIDAD,U,true
84768100,"Con dispositivo de calentamiento o refrigeración, incorporado","Con dispositivo de calentamiento o refrigeración, incorporado",10,UNIDAD,U,true
84768900,Las demás,Las demás,10,UNIDAD,U,true
84769000,Partes,Partes,6,KILOGRAMO NETO,KN,true
84771000,Máquinas de moldear por inyección,Máquinas de moldear por inyección,10,UNIDAD,U,true
84772000,Extrusoras,Extrusoras,10,UNIDAD,U,true
84773000,Máquinas de moldear por soplado,Máquinas de moldear por soplado,10,UNIDAD,U,true
84774000,Máquinas de moldear en vacío y demás máquinas para termoformado,Máquinas de moldear en vacío y demás máquinas para termoformado,10,UNIDAD,U,true
84775100,De moldear o recauchutar neumáticos (llantas neumáticas) o moldear o formar cámaras para neumáticos,De moldear o recauchutar neumáticos (llantas neumáticas) o moldear o formar cámaras para neumáticos,10,UNIDAD,U,true
84775900,Los demás,Los demás,10,UNIDAD,U,true
84778000,Las demás máquinas y aparatos,Las demás máquinas y aparatos,10,UNIDAD,U,true
84779000,Partes,Partes,6,KILOGRAMO NETO,KN,true
84781000,Máquinas y aparatos,Máquinas y aparatos,10,UNIDAD,U,true
84789000,Partes,Partes,6,KILOGRAMO NETO,KN,true
84791000,"Máquinas y aparatos para obras públicas, la construcción o trabajos análogos","Máquinas y aparatos para obras públicas, la construcción o trabajos análogos",10,UNIDAD,U,true
84792000,Máquinas y aparatos para extracción o preparación de grasas o aceites vegetales fijos o animales,Máquinas y aparatos para extracción o preparación de grasas o aceites vegetales fijos o animales,10,UNIDAD,U,true
84793010,Prensas,Prensas,10,UNIDAD,U,true
84793020,Descortezadoras de troncos,Descortezadoras de troncos,10,UNIDAD,U,true
84793090,Las demás,Las demás,10,UNIDAD,U,true
84794000,Máquinas de cordelería o cablería,Máquinas de cordelería o cablería,10,UNIDAD,U,true
84795000,"Robotes industriales, no expresados ni comprendidos en otra parte","Robotes industriales, no expresados ni comprendidos en otra parte",10,UNIDAD,U,true
84796000,Aparatos de evaporación para refrigerar el aire,Aparatos de evaporación para refrigerar el aire,10,UNIDAD,U,true
84798100,"Para el tratamiento del metal, incluidas las bobinadoras de hilos eléctricos","Para el tratamiento del metal, incluidas las bobinadoras de hilos eléctricos",10,UNIDAD,U,true
84798200,"Para mezclar, amasar o sobar, quebrantar, triturar, pulverizar, cribar, tamizar, homogeneizar, emuls","Para mezclar, amasar o sobar, quebrantar, triturar, pulverizar, cribar, tamizar, homogeneizar, emulsionar o agitar",10,UNIDAD,U,true
84798910,Para la industria química y farmaceútica,Para la industria química y farmaceútica,10,UNIDAD,U,true
84798920,Para la industria del jabón,Para la industria del jabón,10,UNIDAD,U,true
84798930,Compactadores de basura,Compactadores de basura,10,UNIDAD,U,true
84798990,Las demás,Las demás,10,UNIDAD,U,true
84799000,Partes,Partes,6,KILOGRAMO NETO,KN,true
84801000,Cajas de fundición,Cajas de fundición,6,KILOGRAMO NETO,KN,true
84802000,Placas de fondo para moldes,Placas de fondo para moldes,6,KILOGRAMO NETO,KN,true
84803000,Modelos para moldes,Modelos para moldes,6,KILOGRAMO NETO,KN,true
84804100,Para el moldeo por inyección o compresión,Para el moldeo por inyección o compresión,6,KILOGRAMO NETO,KN,true
84804900,Los demás,Los demás,6,KILOGRAMO NETO,KN,true
84805000,Moldes para vidrio,Moldes para vidrio,6,KILOGRAMO NETO,KN,true
84806000,Moldes para materia mineral,Moldes para materia mineral,6,KILOGRAMO NETO,KN,true
84807100,Para moldeo por inyección o compresión,Para moldeo por inyección o compresión,6,KILOGRAMO NETO,KN,true
84807900,Los demás,Los demás,6,KILOGRAMO NETO,KN,true
84811000,Válvulas reductoras de presión,Válvulas reductoras de presión,6,KILOGRAMO NETO,KN,true
84812010,Válvulas para transmisiones oleohidráulicas,Válvulas para transmisiones oleohidráulicas,6,KILOGRAMO NETO,KN,true
84812020,Válvulas para transmisiones neumáticas,Válvulas para transmisiones neumáticas,6,KILOGRAMO NETO,KN,true
84813010,Para uso automotriz,Para uso automotriz,6,KILOGRAMO NETO,KN,true
84813090,Las demás,Las demás,6,KILOGRAMO NETO,KN,true
84814000,Válvulas de alivio o seguridad,Válvulas de alivio o seguridad,6,KILOGRAMO NETO,KN,true
84818010,Para uso doméstico,Para uso doméstico,6,KILOGRAMO NETO,KN,true
84818091,Para uso automotriz,Para uso automotriz,6,KILOGRAMO NETO,KN,true
84818099,Los demás,Los demás,6,KILOGRAMO NETO,KN,true
84819000,Partes,Partes,6,KILOGRAMO NETO,KN,true
84821010,Radiales,Radiales,10,UNIDAD,U,true
84821020,Axiales o de empuje,Axiales o de empuje,10,UNIDAD,U,true
84821090,Los demás,Los demás,10,UNIDAD,U,true
84822010,Rodamientos de rodillos cónicos de una sola fila,Rodamientos de rodillos cónicos de una sola fila,10,UNIDAD,U,true
84822090,Los demás,Los demás,10,UNIDAD,U,true
84823000,Rodamientos de rodillos en forma de tonel,Rodamientos de rodillos en forma de tonel,10,UNIDAD,U,true
84824000,Rodamientos de agujas,Rodamientos de agujas,10,UNIDAD,U,true
84825000,Rodamientos de rodillos cilíndricos,Rodamientos de rodillos cilíndricos,10,UNIDAD,U,true
84828010,"Para bomba de agua, para uso en vehículos del Capítulo 87","Para bomba de agua, para uso en vehículos del Capítulo 87",10,UNIDAD,U,true
84828090,Los demás,Los demás,10,UNIDAD,U,true
84829100,"Bolas, rodillos y agujas","Bolas, rodillos y agujas",6,KILOGRAMO NETO,KN,true
84829910,Pistas o tazas internas o externas,Pistas o tazas internas o externas,6,KILOGRAMO NETO,KN,true
84829920,Conos,Conos,6,KILOGRAMO NETO,KN,true
84829930,Cubetas,Cubetas,6,KILOGRAMO NETO,KN,true
84829940,Manguitos,Manguitos,6,KILOGRAMO NETO,KN,true
84829990,Las demás,Las demás,6,KILOGRAMO NETO,KN,true
84831010,Árboles de levas,Árboles de levas,10,UNIDAD,U,true
84831020,Cigüeñales,Cigüeñales,10,UNIDAD,U,true
84831090,Los demás,Los demás,10,UNIDAD,U,true
84832000,Cajas de cojinetes con rodamientos incorporados,Cajas de cojinetes con rodamientos incorporados,10,UNIDAD,U,true
84833010,Cojinetes,Cojinetes,10,UNIDAD,U,true
84833020,Bujes,Bujes,10,UNIDAD,U,true
84833090,Los demás,Los demás,10,UNIDAD,U,true
84834011,Engranajes,Engranajes,10,UNIDAD,U,true
84834012,Ruedas de fricción,Ruedas de fricción,10,UNIDAD,U,true
84834021,Variadores de velocidad,Variadores de velocidad,10,UNIDAD,U,true
84834022,Reductores,Reductores,10,UNIDAD,U,true
84834029,Los demás,Los demás,10,UNIDAD,U,true
84834090,Los demás,Los demás,10,UNIDAD,U,true
84835000,"Volantes y poleas, incluidos los motones","Volantes y poleas, incluidos los motones",10,UNIDAD,U,true
84836000,"Embragues y órganos de acoplamiento, incluidas las juntas de articulación","Embragues y órganos de acoplamiento, incluidas las juntas de articulación",10,UNIDAD,U,true
84839000,Ruedas dentadas y demás órganos elementales de transmisión presentados aisladamente; partes,Ruedas dentadas y demás órganos elementales de transmisión presentados aisladamente; partes,6,KILOGRAMO NETO,KN,true
84841000,Juntas metaloplásticas,Juntas metaloplásticas,6,KILOGRAMO NETO,KN,true
84842010,Juntas de anillos deslizantes,Juntas de anillos deslizantes,6,KILOGRAMO NETO,KN,true
84842090,Las demás,Las demás,6,KILOGRAMO NETO,KN,true
84849000,Los demás,Los demás,6,KILOGRAMO NETO,KN,true
84861000,Máquinas y aparatos para la fabricación de semiconductores en forma de monocristales periformes u ob,Máquinas y aparatos para la fabricación de semiconductores en forma de monocristales periformes u obleas («wafers»),10,UNIDAD,U,true
84862000,Máquinas y aparatos para la fabricación de dispositivos semiconductores o circuitos electrónicos int,Máquinas y aparatos para la fabricación de dispositivos semiconductores o circuitos electrónicos integrados,10,UNIDAD,U,true
84863000,Máquinas y aparatos para la fabricación de dispositivos de visualización (display) de pantalla plana,Máquinas y aparatos para la fabricación de dispositivos de visualización (display) de pantalla plana,10,UNIDAD,U,true
84864000,Máquinas y aparatos descritos en la Nota 9 C) de este Capítulo,Máquinas y aparatos descritos en la Nota 9 C) de este Capítulo,10,UNIDAD,U,true
84869000,Partes y accesorios,Partes y accesorios,6,KILOGRAMO NETO,KN,true
84871000,Hélices para barcos y sus paletas,Hélices para barcos y sus paletas,6,KILOGRAMO NETO,KN,true
84879010,Aros de obturación (retenes),Aros de obturación (retenes),6,KILOGRAMO NETO,KN,true
84879090,Los demás,Los demás,6,KILOGRAMO NETO,KN,true
85011000,"Motores de potencia inferior o igual a 37,5 W","Motores de potencia inferior o igual a 37,5 W",10,UNIDAD,U,true
85012000,"Motores universales de potencia superior a 37,5 W","Motores universales de potencia superior a 37,5 W",10,UNIDAD,U,true
85013100,De potencia inferior o igual a 750 W,De potencia inferior o igual a 750 W,10,UNIDAD,U,true
85013210,"De potencia superior a 750 W pero inferior o igual a 7,5 kW","De potencia superior a 750 W pero inferior o igual a 7,5 kW",10,UNIDAD,U,true
85013220,"De potencia superior a 7,5 kW pero inferior o igual a 37 kW","De potencia superior a 7,5 kW pero inferior o igual a 37 kW",10,UNIDAD,U,true
85013290,Los demás,Los demás,10,UNIDAD,U,true
85013300,De potencia superior a 75 kW pero inferior o igual a 375 kW,De potencia superior a 75 kW pero inferior o igual a 375 kW,10,UNIDAD,U,true
85013400,De potencia superior a 375 kW,De potencia superior a 375 kW,10,UNIDAD,U,true
85014000,"Los demás motores de corriente alterna, monofásicos","Los demás motores de corriente alterna, monofásicos",10,UNIDAD,U,true
85015100,De potencia inferior o igual a 750 W,De potencia inferior o igual a 750 W,10,UNIDAD,U,true
85015210,"De potencia superior a 750 W pero inferior o igual a 7,5 kW","De potencia superior a 750 W pero inferior o igual a 7,5 kW",10,UNIDAD,U,true
85015220,"De potencia superior a 7,5 kW pero inferior o igual a 37 kW","De potencia superior a 7,5 kW pero inferior o igual a 37 kW",10,UNIDAD,U,true
85015290,Los demás,Los demás,10,UNIDAD,U,true
85015310,Motores de tracción,Motores de tracción,10,UNIDAD,U,true
85015391,De potencia superior a 75 kW pero inferior o igual a 150 kW,De potencia superior a 75 kW pero inferior o igual a 150 kW,10,UNIDAD,U,true
85015392,De potencia superior a 150 kW pero inferior o igual a 375 kW,De potencia superior a 150 kW pero inferior o igual a 375 kW,10,UNIDAD,U,true
85015393,De potencia superior a 375 kW pero inferior o igual a 750 kW,De potencia superior a 375 kW pero inferior o igual a 750 kW,10,UNIDAD,U,true
85015399,Los demás,Los demás,10,UNIDAD,U,true
85016100,De potencia inferior o igual a 75 kVA,De potencia inferior o igual a 75 kVA,10,UNIDAD,U,true
85016200,De potencia superior a 75 kVA pero inferior o igual a 375 kVA,De potencia superior a 75 kVA pero inferior o igual a 375 kVA,10,UNIDAD,U,true
85016300,De potencia superior a 375 kVA pero inferior o igual a 750 kVA,De potencia superior a 375 kVA pero inferior o igual a 750 kVA,10,UNIDAD,U,true
85016410,De potencia superior a 750 kVA pero inferior o igual a 1.500 kVA,De potencia superior a 750 kVA pero inferior o igual a 1.500 kVA,10,UNIDAD,U,true
85016420,De potencia superior a 1.500 kVA pero inferior o igual a 7.500 kVA,De potencia superior a 1.500 kVA pero inferior o igual a 7.500 kVA,10,UNIDAD,U,true
85016430,De potencia superior a 7.500 kVA pero inferior o igual a 37.500 kVA,De potencia superior a 7.500 kVA pero inferior o igual a 37.500 kVA,10,UNIDAD,U,true
85016440,De potencia superior a 37.500 kVA pero inferior o igual a 122.500 kVA,De potencia superior a 37.500 kVA pero inferior o igual a 122.500 kVA,10,UNIDAD,U,true
85016490,Los demás,Los demás,10,UNIDAD,U,true
85021110,De potencia inferior o igual a 15 kVA,De potencia inferior o igual a 15 kVA,10,UNIDAD,U,true
85021120,"De potencia superior a 15 kVA pero inferior o igual a 37,5 kVA","De potencia superior a 15 kVA pero inferior o igual a 37,5 kVA",10,UNIDAD,U,true
85021190,Los demás,Los demás,10,UNIDAD,U,true
85021210,De potencia superior a 75 kVA pero inferior o igual a 150 kVA,De potencia superior a 75 kVA pero inferior o igual a 150 kVA,10,UNIDAD,U,true
85021220,De potencia superior a 150 kVA pero inferior o igual a 225 kVA,De potencia superior a 150 kVA pero inferior o igual a 225 kVA,10,UNIDAD,U,true
85021290,Los demás,Los demás,10,UNIDAD,U,true
85021310,De potencia superior a 375 kVA pero inferior o igual a 750 kVA,De potencia superior a 375 kVA pero inferior o igual a 750 kVA,10,UNIDAD,U,true
85021320,De potencia superior a 750 kVA pero inferior o igual a 1.500 kVA,De potencia superior a 750 kVA pero inferior o igual a 1.500 kVA,10,UNIDAD,U,true
85021390,Los demás,Los demás,10,UNIDAD,U,true
85022000,Grupos electrógenos con motor de émbolo (pistón) de encendido por chispa (motor de explosión),Grupos electrógenos con motor de émbolo (pistón) de encendido por chispa (motor de explosión),10,UNIDAD,U,true
85023100,De energía eólica,De energía eólica,10,UNIDAD,U,true
85023910,Accionados por turbinas de gas,Accionados por turbinas de gas,10,UNIDAD,U,true
85023920,Accionados por turbinas hidráulicas,Accionados por turbinas hidráulicas,10,UNIDAD,U,true
85023930,Accionados por turbinas de vapor,Accionados por turbinas de vapor,10,UNIDAD,U,true
85023990,Los demás,Los demás,10,UNIDAD,U,true
85024000,Convertidores rotativos eléctricos,Convertidores rotativos eléctricos,10,UNIDAD,U,true
85030010,Estatores y rotores para los bienes de la partida 85.01,Estatores y rotores para los bienes de la partida 85.01,6,KILOGRAMO NETO,KN,true
85030090,Los demás,Los demás,6,KILOGRAMO NETO,KN,true
85041000,Balastos (reactancias) para lámparas o tubos de descarga,Balastos (reactancias) para lámparas o tubos de descarga,10,UNIDAD,U,true
85042110,De potencia inferior o igual a 15 kVA,De potencia inferior o igual a 15 kVA,10,UNIDAD,U,true
85042120,De potencia superior a 15 kVA pero inferior o igual a 75 kVA,De potencia superior a 15 kVA pero inferior o igual a 75 kVA,10,UNIDAD,U,true
85042130,De potencia superior a 75 kVA pero inferior o igual a 150 kVA,De potencia superior a 75 kVA pero inferior o igual a 150 kVA,10,UNIDAD,U,true
85042140,De potencia superior a 150 kVA pero inferior o igual a 300 kVA,De potencia superior a 150 kVA pero inferior o igual a 300 kVA,10,UNIDAD,U,true
85042190,Los demás,Los demás,10,UNIDAD,U,true
85042210,De potencia superior a 650 kVA pero inferior o igual a 1.500 kVA,De potencia superior a 650 kVA pero inferior o igual a 1.500 kVA,10,UNIDAD,U,true
85042220,De potencia superior a 1.500 kVA pero inferior o igual a 3.700 kVA,De potencia superior a 1.500 kVA pero inferior o igual a 3.700 kVA,10,UNIDAD,U,true
85042230,De potencia superior a 3.700 kVA pero inferior o igual a 7.500 kVA,De potencia superior a 3.700 kVA pero inferior o igual a 7.500 kVA,10,UNIDAD,U,true
85042290,Los demás,Los demás,10,UNIDAD,U,true
85042310,De potencia superior a 10.000 kVA pero inferior o igual a 37.500 kVA,De potencia superior a 10.000 kVA pero inferior o igual a 37.500 kVA,10,UNIDAD,U,true
85042320,De potencia superior a 37.500 kVA pero inferior o igual a 75.000 kVA,De potencia superior a 37.500 kVA pero inferior o igual a 75.000 kVA,10,UNIDAD,U,true
85042330,De potencia superior a 75.000 kVA pero inferior o igual a 150.000 kVA,De potencia superior a 75.000 kVA pero inferior o igual a 150.000 kVA,10,UNIDAD,U,true
85042390,Los demás,Los demás,10,UNIDAD,U,true
85043100,De potencia inferior o igual a 1 kVA,De potencia inferior o igual a 1 kVA,10,UNIDAD,U,true
85043200,De potencia superior a 1 kVA pero inferior o igual a 16 kVA,De potencia superior a 1 kVA pero inferior o igual a 16 kVA,10,UNIDAD,U,true
85043300,De potencia superior a 16 kVA pero inferior o igual a 500 kVA,De potencia superior a 16 kVA pero inferior o igual a 500 kVA,10,UNIDAD,U,true
85043400,De potencia superior a 500 kVA,De potencia superior a 500 kVA,10,UNIDAD,U,true
85044000,Convertidores estáticos,Convertidores estáticos,10,UNIDAD,U,true
85045000,Las demás bobinas de reactancia (autoinducción),Las demás bobinas de reactancia (autoinducción),10,UNIDAD,U,true
85049000,Partes,Partes,6,KILOGRAMO NETO,KN,true
85051100,De metal,De metal,6,KILOGRAMO NETO,KN,true
85051900,Los demás,Los demás,6,KILOGRAMO NETO,KN,true
85052000,"Acoplamientos, embragues, variadores de velocidad y frenos, electromagnéticos","Acoplamientos, embragues, variadores de velocidad y frenos, electromagnéticos",6,KILOGRAMO NETO,KN,true
85059010,Electroimanes,Electroimanes,6,KILOGRAMO NETO,KN,true
85059090,Los demás,Los demás,6,KILOGRAMO NETO,KN,true
85061010,"Pilas secas de tensión nominal de 1,5 volts","Pilas secas de tensión nominal de 1,5 volts",10,UNIDAD,U,true
85061090,Las demás,Las demás,10,UNIDAD,U,true
85063010,"Pilas secas de tensión nominal de 1,5 volts","Pilas secas de tensión nominal de 1,5 volts",10,UNIDAD,U,true
85063090,Las demás,Las demás,10,UNIDAD,U,true
85064010,"Pilas secas de tensión nominal de 1,5 volts","Pilas secas de tensión nominal de 1,5 volts",10,UNIDAD,U,true
85064090,Las demás,Las demás,10,UNIDAD,U,true
85065010,"Pilas secas de tensión nominal de 1,5 volts","Pilas secas de tensión nominal de 1,5 volts",10,UNIDAD,U,true
85065090,Las demás,Las demás,10,UNIDAD,U,true
85066010,"Pilas secas de tensión nominal de 1,5 volts","Pilas secas de tensión nominal de 1,5 volts",10,UNIDAD,U,true
85066090,Las demás,Las demás,10,UNIDAD,U,true
85068010,"Pilas secas de tensión nominal de 1,5 volts","Pilas secas de tensión nominal de 1,5 volts",10,UNIDAD,U,true
85068090,Las demás,Las demás,10,UNIDAD,U,true
85069000,Partes,Partes,6,KILOGRAMO NETO,KN,true
85071010,Que funcionen con electrólito líquido,Que funcionen con electrólito líquido,10,UNIDAD,U,true
85071090,Los demás,Los demás,10,UNIDAD,U,true
85072000,Los demás acumuladores de plomo,Los demás acumuladores de plomo,10,UNIDAD,U,true
85073000,De níquel-cadmio,De níquel-cadmio,10,UNIDAD,U,true
85074000,De níquel-hierro,De níquel-hierro,10,UNIDAD,U,true
85078000,Los demás acumuladores,Los demás acumuladores,10,UNIDAD,U,true
85079000,Partes,Partes,6,KILOGRAMO NETO,KN,true
85081110,De polvo,De polvo,10,UNIDAD,U,true
85081120,De polvo y líquidos,De polvo y líquidos,10,UNIDAD,U,true
85081190,Las demás,Las demás,10,UNIDAD,U,true
85081910,De polvo,De polvo,10,UNIDAD,U,true
85081920,De polvo y líquidos,De polvo y líquidos,10,UNIDAD,U,true
85081990,Las demás,Las demás,10,UNIDAD,U,true
85086000,Las demás aspiradoras,Las demás aspiradoras,10,UNIDAD,U,true
85087000,Partes,Partes,6,KILOGRAMO NETO,KN,true
85094011,Licuadoras (blender) de 1 o varias velocidades,Licuadoras (blender) de 1 o varias velocidades,10,UNIDAD,U,true
85094019,Las demás,Las demás,10,UNIDAD,U,true
85094020,Extractoras de jugo de frutos u hortalizas,Extractoras de jugo de frutos u hortalizas,10,UNIDAD,U,true
85098000,Los demás aparatos,Los demás aparatos,10,UNIDAD,U,true
85099010,Carcasas,Carcasas,6,KILOGRAMO NETO,KN,true
85099090,Las demás,Las demás,6,KILOGRAMO NETO,KN,true
85101000,Afeitadoras,Afeitadoras,10,UNIDAD,U,true
85102000,Máquinas de cortar el pelo o esquilar,Máquinas de cortar el pelo o esquilar,10,UNIDAD,U,true
85103000,Aparatos de depilar,Aparatos de depilar,10,UNIDAD,U,true
85109000,Partes,Partes,6,KILOGRAMO NETO,KN,true
85111000,Bujías de encendido,Bujías de encendido,10,UNIDAD,U,true
85112000,Magnetos; dinamomagnetos; volantes magnéticos,Magnetos; dinamomagnetos; volantes magnéticos,10,UNIDAD,U,true
85113000,Distribuidores; bobinas de encendido,Distribuidores; bobinas de encendido,10,UNIDAD,U,true
85114000,"Motores de arranque, aunque funcionen también como generadores","Motores de arranque, aunque funcionen también como generadores",10,UNIDAD,U,true
85115000,Los demás generadores,Los demás generadores,10,UNIDAD,U,true
85118000,Los demás aparatos y dispositivos,Los demás aparatos y dispositivos,10,UNIDAD,U,true
85119000,Partes,Partes,6,KILOGRAMO NETO,KN,true
85121000,Aparatos de alumbrado o señalización visual de los tipos utilizados en bicicletas,Aparatos de alumbrado o señalización visual de los tipos utilizados en bicicletas,10,UNIDAD,U,true
85122010,Para vehículos de la partida 87.01,Para vehículos de la partida 87.01,10,UNIDAD,U,true
85122020,Para vehículos de la partida 87.02,Para vehículos de la partida 87.02,10,UNIDAD,U,true
85122030,Para vehículos de la partida 87.03,Para vehículos de la partida 87.03,10,UNIDAD,U,true
85122040,Para vehículos de la partida 87.04,Para vehículos de la partida 87.04,10,UNIDAD,U,true
85122090,Los demás,Los demás,10,UNIDAD,U,true
85123000,Aparatos de señalización acústica,Aparatos de señalización acústica,10,UNIDAD,U,true
85124000,Limpiaparabrisas y eliminadores de escarcha o vaho,Limpiaparabrisas y eliminadores de escarcha o vaho,10,UNIDAD,U,true
85129000,Partes,Partes,6,KILOGRAMO NETO,KN,true
85131010,Lámparas de seguridad (para mineros y similares),Lámparas de seguridad (para mineros y similares),10,UNIDAD,U,true
85131020,Linternas de pilas,Linternas de pilas,10,UNIDAD,U,true
85131090,Las demás,Las demás,10,UNIDAD,U,true
85139000,Partes,Partes,6,KILOGRAMO NETO,KN,true
85141000,Hornos de resistencia (de calentamiento indirecto),Hornos de resistencia (de calentamiento indirecto),10,UNIDAD,U,true
85142000,Hornos que funcionen por inducción o pérdidas dieléctricas,Hornos que funcionen por inducción o pérdidas dieléctricas,10,UNIDAD,U,true
85143000,Los demás hornos,Los demás hornos,10,UNIDAD,U,true
85144000,Los demás aparatos para tratamiento térmico de materias por inducción o pérdidas dieléctricas,Los demás aparatos para tratamiento térmico de materias por inducción o pérdidas dieléctricas,10,UNIDAD,U,true
85149000,Partes,Partes,6,KILOGRAMO NETO,KN,true
85151100,Soldadores y pistolas para soldar,Soldadores y pistolas para soldar,10,UNIDAD,U,true
85151900,Los demás,Los demás,10,UNIDAD,U,true
85152100,Total o parcialmente automáticos,Total o parcialmente automáticos,10,UNIDAD,U,true
85152900,Los demás,Los demás,10,UNIDAD,U,true
85153100,Total o parcialmente automáticos,Total o parcialmente automáticos,10,UNIDAD,U,true
85153910,"Manuales, con electrodos recubiertos, constituidos por los","Manuales, con electrodos recubiertos, constituidos por los",10,UNIDAD,U,true
85153920,"Manuales, con electrodos recubiertos, constituidos por los","Manuales, con electrodos recubiertos, constituidos por los",10,UNIDAD,U,true
85153990,Los demás,Los demás,10,UNIDAD,U,true
85158000,Las demás máquinas y aparatos,Las demás máquinas y aparatos,10,UNIDAD,U,true
85159000,Partes,Partes,6,KILOGRAMO NETO,KN,true
85161010,Calentadores eléctricos de agua,Calentadores eléctricos de agua,10,UNIDAD,U,true
85161020,Calentadores de inmersión de uso doméstico,Calentadores de inmersión de uso doméstico,10,UNIDAD,U,true
85161090,Los demás,Los demás,10,UNIDAD,U,true
85162100,Radiadores de acumulación,Radiadores de acumulación,10,UNIDAD,U,true
85162900,Los demás,Los demás,10,UNIDAD,U,true
85163100,Secadores para el cabello,Secadores para el cabello,10,UNIDAD,U,true
85163200,Los demás aparatos para el cuidado del cabello,Los demás aparatos para el cuidado del cabello,10,UNIDAD,U,true
85163300,Aparatos para secar las manos,Aparatos para secar las manos,10,UNIDAD,U,true
85164010,De vapor,De vapor,10,UNIDAD,U,true
85164090,Las demás,Las demás,10,UNIDAD,U,true
85165000,Hornos de microondas,Hornos de microondas,10,UNIDAD,U,true
85166010,"Hornos, cocinas (estufas)*","Hornos, cocinas (estufas)*",10,UNIDAD,U,true
85166020,"Hornillos para empotrar, incluidas las mesas de cocción","Hornillos para empotrar, incluidas las mesas de cocción",10,UNIDAD,U,true
85166030,Parrillas y asadores,Parrillas y asadores,10,UNIDAD,U,true
85166090,Los demás,Los demás,10,UNIDAD,U,true
85167100,Aparatos para la preparación de café o té,Aparatos para la preparación de café o té,10,UNIDAD,U,true
85167200,Tostadoras de pan,Tostadoras de pan,10,UNIDAD,U,true
85167900,Los demás,Los demás,10,UNIDAD,U,true
85168000,Resistencias calentadoras,Resistencias calentadoras,10,UNIDAD,U,true
85169000,Partes,Partes,6,KILOGRAMO NETO,KN,true
85171100,Teléfonos de auricular inalámbrico combinado con micrófono,Teléfonos de auricular inalámbrico combinado con micrófono,10,UNIDAD,U,true
85171200,Teléfonos celulares (móviles)* y los de otras redes inalámbricas,Teléfonos celulares (móviles)* y los de otras redes inalámbricas,10,UNIDAD,U,true
85171810,Videófonos,Videófonos,10,UNIDAD,U,true
85171820,Microteléfono,Microteléfono,10,UNIDAD,U,true
85171890,Los demás,Los demás,10,UNIDAD,U,true
85176100,Estaciones base,Estaciones base,6,KILOGRAMO NETO,KN,true
85176210,Aparatos de conmutación y encaminamiento («switching and routing apparatus»),Aparatos de conmutación y encaminamiento («switching and routing apparatus»),10,UNIDAD,U,true
85176220,Modems de los tipos utilizados en las máquinas automáticas para tratamiento o procesamiento de datos,Modems de los tipos utilizados en las máquinas automáticas para tratamiento o procesamiento de datos de la partida 84.71,10,UNIDAD,U,true
85176290,Los demás,Los demás,10,UNIDAD,U,true
85176900,Los demás,Los demás,10,UNIDAD,U,true
85177000,Partes,Partes,6,KILOGRAMO NETO,KN,true
85181000,Micrófonos y sus soportes,Micrófonos y sus soportes,10,UNIDAD,U,true
85182100,Un altavoz (altoparlante) montado en su caja,Un altavoz (altoparlante) montado en su caja,10,UNIDAD,U,true
85182200,Varios altavoces (altoparlantes) montados en una misma caja,Varios altavoces (altoparlantes) montados en una misma caja,10,UNIDAD,U,true
85182900,Los demás,Los demás,10,UNIDAD,U,true
85183000,"Auriculares, incluidos los de casco, estén o no combinados con micrófono, y juegos o conjuntos cons","Auriculares, incluidos los de casco, estén o no combinados con micrófono, y juegos o conjuntos constituidos por un micrófono y uno o varios altavoces (altoparlantes)",10,UNIDAD,U,true
85184000,Amplificadores eléctricos de audiofrecuencia,Amplificadores eléctricos de audiofrecuencia,10,UNIDAD,U,true
85185000,Equipos eléctricos para amplificación de sonido,Equipos eléctricos para amplificación de sonido,10,UNIDAD,U,true
85189000,Partes,Partes,6,KILOGRAMO NETO,KN,true
85192000,"Aparatos activados con monedas, billetes, tarjetas, fichas o cualquier otro medio de pago","Aparatos activados con monedas, billetes, tarjetas, fichas o cualquier otro medio de pago",10,UNIDAD,U,true
85193000,Giradiscos,Giradiscos,10,UNIDAD,U,true
85195000,Contestadores telefónicos,Contestadores telefónicos,10,UNIDAD,U,true
85198110,Lectores de discos compactos (CD),Lectores de discos compactos (CD),10,UNIDAD,U,true
85198120,Grabadores de discos compactos (CD),Grabadores de discos compactos (CD),10,UNIDAD,U,true
85198190,Los demás,Los demás,10,UNIDAD,U,true
85198900,Los demás,Los demás,10,UNIDAD,U,true
85211010,"En color, del tipo de cartucho o de casete que no permitan la grabación","En color, del tipo de cartucho o de casete que no permitan la grabación",10,UNIDAD,U,true
85211020,"Los demás en color, del tipo de cartucho o de casete","Los demás en color, del tipo de cartucho o de casete",10,UNIDAD,U,true
85211090,Los demás,Los demás,10,UNIDAD,U,true
85219020,Grabador de discos de vídeo digitales (discos digitales versátiles) (DVD),Grabador de discos de vídeo digitales (discos digitales versátiles) (DVD),10,UNIDAD,U,true
85219090,Los demás,Los demás,10,UNIDAD,U,true
85221000,Cápsulas fonocaptoras,Cápsulas fonocaptoras,6,KILOGRAMO NETO,KN,true
85229000,Los demás,Los demás,6,KILOGRAMO NETO,KN,true
85232100,Tarjetas con banda magnética incorporada,Tarjetas con banda magnética incorporada,10,UNIDAD,U,true
85232911,Para sonido,Para sonido,10,UNIDAD,U,true
85232912,Para datos o instrucciones de los tipos utilizados en máquinas automáticas para tratamiento o proces,Para datos o instrucciones de los tipos utilizados en máquinas automáticas para tratamiento o procesamiento de datos,10,UNIDAD,U,true
85232919,Las demás,Las demás,10,UNIDAD,U,true
85232921,Que contengan datos o instrucciones de los tipos utilizados en máquinas automáticas para tratamiento,Que contengan datos o instrucciones de los tipos utilizados en máquinas automáticas para tratamiento o procesamiento de datos,10,UNIDAD,U,true
85232922,De carácter educativo o científico,De carácter educativo o científico,10,UNIDAD,U,true
85232923,"De carácter musical, incluidas las grabaciones de óperas,operetas, comedias musicales y demás grabac","De carácter musical, incluidas las grabaciones de óperas,operetas, comedias musicales y demás grabaciones en las que la música desempeñe un papel importante",10,UNIDAD,U,true
85232929,Las demás,Las demás,10,UNIDAD,U,true
85232930,Discos magnéticos,Discos magnéticos,10,UNIDAD,U,true
85232990,Los demás,Los demás,10,UNIDAD,U,true
85234011,Discos compactos (CD),Discos compactos (CD),10,UNIDAD,U,true
85234012,Discos de vídeo digitales (discos digitales versátiles) (DVD),Discos de vídeo digitales (discos digitales versátiles) (DVD),10,UNIDAD,U,true
85234019,Los demás,Los demás,10,UNIDAD,U,true
85234021,Discos compactos (CD) y discos de vídeo digitales (discos digitales versátiles) (DVD) que contengan,"Discos compactos (CD) y discos de vídeo digitales (discos digitales versátiles) (DVD) que contengan datos o instrucciones grabados en forma binaria, de los tipos utilizados en máquinas automáticas",10,UNIDAD,U,true
85234022,Discos compactos (CD) y discos de vídeo digitales (discos digitales versátiles) (DVD) que contengan,"Discos compactos (CD) y discos de vídeo digitales (discos digitales versátiles) (DVD) que contengan representaciones de instrucciones, datos, sonidos e imágenes grabados en forma binaria legible por",10,UNIDAD,U,true
85234023,Discos compactos (CD) y discos de vídeo digitales (discos digitales versátiles) (DVD) de carácter e,Discos compactos (CD) y discos de vídeo digitales (discos digitales versátiles) (DVD) de carácter educativo o científico,10,UNIDAD,U,true
85234024,"Discos compactos (CD) y discos de vídeo digitales (discos digitales versátiles) (DVD), de carácter m","Discos compactos (CD) y discos de vídeo digitales (discos digitales versátiles) (DVD), de carácter musical, incluidas las grabaciones de óperas, operetas, comedias musicales y demás grabaciones en l",10,UNIDAD,U,true
85234029,Los demás,Los demás,10,UNIDAD,U,true
85235100,Dispositivos de almacenamiento permanente de datos a base de semiconductores,Dispositivos de almacenamiento permanente de datos a base de semiconductores,10,UNIDAD,U,true
85235200,Tarjetas inteligentes («smart cards»),Tarjetas inteligentes («smart cards»),10,UNIDAD,U,true
85235900,Los demás,Los demás,10,UNIDAD,U,true
85238010,Discos para tocadiscos,Discos para tocadiscos,10,UNIDAD,U,true
85238020,Que contengan datos o instrucciones de los tipos utilizados en máquinas automáticas para tratamient,Que contengan datos o instrucciones de los tipos utilizados en máquinas automáticas para tratamiento o procesamiento de datos,10,UNIDAD,U,true
85238090,Los demás,Los demás,10,UNIDAD,U,true
85255010,Para radiodifusión,Para radiodifusión,10,UNIDAD,U,true
85255090,Los demás,Los demás,10,UNIDAD,U,true
85256010,Para radiodifusión,Para radiodifusión,10,UNIDAD,U,true
85256090,Los demás,Los demás,10,UNIDAD,U,true
85258010,Cámaras de televisión,Cámaras de televisión,10,UNIDAD,U,true
85258020,Cámaras fotográficas digitales,Cámaras fotográficas digitales,10,UNIDAD,U,true
85258030,Videocámaras,Videocámaras,10,UNIDAD,U,true
85261000,Aparatos de radar,Aparatos de radar,10,UNIDAD,U,true
85269100,Aparatos de radionavegación,Aparatos de radionavegación,10,UNIDAD,U,true
85269200,Aparatos de radiotelemando,Aparatos de radiotelemando,10,UNIDAD,U,true
85271200,Radiocasetes de bolsillo,Radiocasetes de bolsillo,10,UNIDAD,U,true
85271300,Los demás aparatos combinados con grabador o reproductor de sonido,Los demás aparatos combinados con grabador o reproductor de sonido,10,UNIDAD,U,true
85271900,Los demás,Los demás,10,UNIDAD,U,true
85272110,De sistema de lectura por rayo láser,De sistema de lectura por rayo láser,10,UNIDAD,U,true
85272120,De casete,De casete,10,UNIDAD,U,true
85272130,De sistema de lectura analógico/digital,De sistema de lectura analógico/digital,10,UNIDAD,U,true
85272190,Los demás,Los demás,10,UNIDAD,U,true
85272900,Los demás,Los demás,10,UNIDAD,U,true
85279110,De sistema de lectura por rayo láser,De sistema de lectura por rayo láser,10,UNIDAD,U,true
85279120,De casete,De casete,10,UNIDAD,U,true
85279130,De sistema de lectura analógico/digital,De sistema de lectura analógico/digital,10,UNIDAD,U,true
85279190,Los demás,Los demás,10,UNIDAD,U,true
85279200,"Sin combinar con grabador o reproductor de sonido, pero combinados con reloj","Sin combinar con grabador o reproductor de sonido, pero combinados con reloj",10,UNIDAD,U,true
85279910,Aparatos buscapersonas («beepers»),Aparatos buscapersonas («beepers»),10,UNIDAD,U,true
85279990,Los demás,Los demás,10,UNIDAD,U,true
85284110,En color,En color,10,UNIDAD,U,true
85284120,En blanco y negro o demás monocromos,En blanco y negro o demás monocromos,10,UNIDAD,U,true
85284910,En color,En color,10,UNIDAD,U,true
85284920,En blanco y negro o demás monocromos,En blanco y negro o demás monocromos,10,UNIDAD,U,true
85285111,De cristal líquido,De cristal líquido,10,UNIDAD,U,true
85285112,De plasma,De plasma,10,UNIDAD,U,true
85285119,Los demás,Los demás,10,UNIDAD,U,true
85285120,En blanco y negro o demás monocromos,En blanco y negro o demás monocromos,10,UNIDAD,U,true
85285910,En color,En color,10,UNIDAD,U,true
85285920,En blanco y negro o demás monocromos,En blanco y negro o demás monocromos,10,UNIDAD,U,true
85286100,De los tipos utilizados exclusiva o principalmente con máquinas automáticas para tratamiento o proc,De los tipos utilizados exclusiva o principalmente con máquinas automáticas para tratamiento o procesamiento de datos de la partida 84.71,10,UNIDAD,U,true
85286900,Los demás,Los demás,10,UNIDAD,U,true
85287100,No concebidos para incorporar un dispositivo de visualización (display) o pantalla de vídeo,No concebidos para incorporar un dispositivo de visualización (display) o pantalla de vídeo,10,UNIDAD,U,true
85287210,De tubos de rayos catódicos,De tubos de rayos catódicos,10,UNIDAD,U,true
85287220,De cristal líquido,De cristal líquido,10,UNIDAD,U,true
85287230,De plasma,De plasma,10,UNIDAD,U,true
85287290,Los demás,Los demás,10,UNIDAD,U,true
85287300,"Los demás, en blanco y negro o demás monocromos","Los demás, en blanco y negro o demás monocromos",10,UNIDAD,U,true
85291010,Antenas para aparatos de televisión,Antenas para aparatos de televisión,6,KILOGRAMO NETO,KN,true
85291020,Antenas para aparatos de radiotelefonía,Antenas para aparatos de radiotelefonía,6,KILOGRAMO NETO,KN,true
85291090,Los demás,Los demás,6,KILOGRAMO NETO,KN,true
85299000,Las demás,Las demás,6,KILOGRAMO NETO,KN,true
85301000,Aparatos para vías férreas o similares,Aparatos para vías férreas o similares,10,UNIDAD,U,true
85308000,Los demás aparatos,Los demás aparatos,10,UNIDAD,U,true
85309000,Partes,Partes,6,KILOGRAMO NETO,KN,true
85311010,Detectores de humo,Detectores de humo,10,UNIDAD,U,true
85311090,Los demás,Los demás,10,UNIDAD,U,true
85312000,"Tableros indicadores con dispositivos de cristal líquido (LCD) o diodos emisores de luz (LED), incor","Tableros indicadores con dispositivos de cristal líquido (LCD) o diodos emisores de luz (LED), incorporados",10,UNIDAD,U,true
85318000,Los demás aparatos,Los demás aparatos,10,UNIDAD,U,true
85319010,Circuitos modulares,Circuitos modulares,6,KILOGRAMO NETO,KN,true
85319090,Las demás,Las demás,6,KILOGRAMO NETO,KN,true
85321000,"Condensadores fijos concebidos para redes eléctricas de 50/60 Hz, para una potencia reactiva superio","Condensadores fijos concebidos para redes eléctricas de 50/60 Hz, para una potencia reactiva superior o igual a 0,5 kvar (condensadores de potencia)",6,KILOGRAMO NETO,KN,true
85322100,De tantalio,De tantalio,6,KILOGRAMO NETO,KN,true
85322200,Electrolíticos de aluminio,Electrolíticos de aluminio,6,KILOGRAMO NETO,KN,true
85322300,Con dieléctrico de cerámica de una sola capa,Con dieléctrico de cerámica de una sola capa,6,KILOGRAMO NETO,KN,true
85322400,"Con dieléctrico de cerámica, multicapas","Con dieléctrico de cerámica, multicapas",6,KILOGRAMO NETO,KN,true
85322500,Con dieléctrico de papel o plástico,Con dieléctrico de papel o plástico,6,KILOGRAMO NETO,KN,true
85322900,Los demás,Los demás,6,KILOGRAMO NETO,KN,true
85323000,Condensadores variables o ajustables,Condensadores variables o ajustables,6,KILOGRAMO NETO,KN,true
85329000,Partes,Partes,6,KILOGRAMO NETO,KN,true
85331000,"Resistencias fijas de carbono, aglomeradas o de capa","Resistencias fijas de carbono, aglomeradas o de capa",6,KILOGRAMO NETO,KN,true
85332100,De potencia inferior o igual a 20 W,De potencia inferior o igual a 20 W,6,KILOGRAMO NETO,KN,true
85332900,Las demás,Las demás,6,KILOGRAMO NETO,KN,true
85333110,Resistencias,Resistencias,6,KILOGRAMO NETO,KN,true
85333120,Reóstatos,Reóstatos,6,KILOGRAMO NETO,KN,true
85333130,Potenciómetros,Potenciómetros,6,KILOGRAMO NETO,KN,true
85333910,Resistencias,Resistencias,6,KILOGRAMO NETO,KN,true
85333920,Reóstatos,Reóstatos,6,KILOGRAMO NETO,KN,true
85333930,Potenciómetros,Potenciómetros,6,KILOGRAMO NETO,KN,true
85334011,Varistores de óxidos metálicos,Varistores de óxidos metálicos,6,KILOGRAMO NETO,KN,true
85334019,Las demás,Las demás,6,KILOGRAMO NETO,KN,true
85334020,Reóstatos,Reóstatos,6,KILOGRAMO NETO,KN,true
85334030,Potenciómetros,Potenciómetros,6,KILOGRAMO NETO,KN,true
85339000,Partes,Partes,6,KILOGRAMO NETO,KN,true
85340000,Circuitos impresos.,Circuitos impresos.,6,KILOGRAMO NETO,KN,true
85351010,Fusibles,Fusibles,6,KILOGRAMO NETO,KN,true
85351020,Cortacircuitos de fusible,Cortacircuitos de fusible,6,KILOGRAMO NETO,KN,true
85352100,"Para una tensión inferior a 72,5 kV","Para una tensión inferior a 72,5 kV",6,KILOGRAMO NETO,KN,true
85352900,Los demás,Los demás,6,KILOGRAMO NETO,KN,true
85353010,Seccionadores,Seccionadores,6,KILOGRAMO NETO,KN,true
85353021,"Para una tensión inferior a 72,5 kV","Para una tensión inferior a 72,5 kV",6,KILOGRAMO NETO,KN,true
85353029,Los demás,Los demás,6,KILOGRAMO NETO,KN,true
85354000,"Pararrayos, limitadores de tensión y supresores de sobretensión transitoria","Pararrayos, limitadores de tensión y supresores de sobretensión transitoria",6,KILOGRAMO NETO,KN,true
85359010,Aparatos de empalme y conexión,Aparatos de empalme y conexión,6,KILOGRAMO NETO,KN,true
85359020,Arrancadores de motor y protectores de sobrecarga para motores,Arrancadores de motor y protectores de sobrecarga para motores,6,KILOGRAMO NETO,KN,true
85359090,Los demás,Los demás,6,KILOGRAMO NETO,KN,true
85361010,Fusibles,Fusibles,6,KILOGRAMO NETO,KN,true
85361020,Cortacircuitos de fusible,Cortacircuitos de fusible,6,KILOGRAMO NETO,KN,true
85362000,Disyuntores,Disyuntores,6,KILOGRAMO NETO,KN,true
85363010,Protectores de sobrecarga para motores,Protectores de sobrecarga para motores,6,KILOGRAMO NETO,KN,true
85363090,Los demás,Los demás,6,KILOGRAMO NETO,KN,true
85364110,Para una tensión inferior o igual a 12 V,Para una tensión inferior o igual a 12 V,6,KILOGRAMO NETO,KN,true
85364190,Los demás,Los demás,6,KILOGRAMO NETO,KN,true
85364910,Para una tensión superior a 60 V pero inferior o igual a 130 V,Para una tensión superior a 60 V pero inferior o igual a 130 V,6,KILOGRAMO NETO,KN,true
85364990,Los demás,Los demás,6,KILOGRAMO NETO,KN,true
85365011,Para uso automotriz,Para uso automotriz,6,KILOGRAMO NETO,KN,true
85365012,Arrancadores de motor,Arrancadores de motor,6,KILOGRAMO NETO,KN,true
85365013,Interruptores termomagnéticos unipolares,Interruptores termomagnéticos unipolares,6,KILOGRAMO NETO,KN,true
85365014,Interruptores termomagnéticos bipolares,Interruptores termomagnéticos bipolares,6,KILOGRAMO NETO,KN,true
85365015,Interruptores termomagnéticos tripolares,Interruptores termomagnéticos tripolares,6,KILOGRAMO NETO,KN,true
85365016,Interruptores de tecla para instalaciones eléctricas de alumbrado,Interruptores de tecla para instalaciones eléctricas de alumbrado,6,KILOGRAMO NETO,KN,true
85365019,Los demás,Los demás,6,KILOGRAMO NETO,KN,true
85365091,Para uso automotriz,Para uso automotriz,6,KILOGRAMO NETO,KN,true
85365099,Los demás,Los demás,6,KILOGRAMO NETO,KN,true
85366100,Portalámparas,Portalámparas,6,KILOGRAMO NETO,KN,true
85366900,Los demás,Los demás,6,KILOGRAMO NETO,KN,true
85367000,"Conectores de fibras ópticas, haces o cables de fibras ópticas","Conectores de fibras ópticas, haces o cables de fibras ópticas",6,KILOGRAMO NETO,KN,true
85369011,Cajas de conexión,Cajas de conexión,6,KILOGRAMO NETO,KN,true
85369012,Bandejas y molduras portaconductores,Bandejas y molduras portaconductores,6,KILOGRAMO NETO,KN,true
85369013,"Conectores, bornes y terminales","Conectores, bornes y terminales",6,KILOGRAMO NETO,KN,true
85369019,Los demás,Los demás,6,KILOGRAMO NETO,KN,true
85369090,Los demás,Los demás,6,KILOGRAMO NETO,KN,true
85371020,Panel de central de indicación para vehículos,Panel de central de indicación para vehículos,6,KILOGRAMO NETO,KN,true
85371030,Controles numéricos que incorporen una máquina automática de procesamiento de datos,Controles numéricos que incorporen una máquina automática de procesamiento de datos,6,KILOGRAMO NETO,KN,true
85371040,Aparatos de mando con memoria programable,Aparatos de mando con memoria programable,6,KILOGRAMO NETO,KN,true
85371090,Los demás,Los demás,6,KILOGRAMO NETO,KN,true
85372010,"Para una tensión superior a 1.000 V pero inferior o igual a 72,5 kV","Para una tensión superior a 1.000 V pero inferior o igual a 72,5 kV",6,KILOGRAMO NETO,KN,true
85372090,Los demás,Los demás,6,KILOGRAMO NETO,KN,true
85381000,"Cuadros, paneles, consolas, armarios y demás soportes de la partida 85.37, sin sus aparatos","Cuadros, paneles, consolas, armarios y demás soportes de la partida 85.37, sin sus aparatos",6,KILOGRAMO NETO,KN,true
85389020,Circuitos modulares,Circuitos modulares,6,KILOGRAMO NETO,KN,true
85389090,Las demás,Las demás,6,KILOGRAMO NETO,KN,true
85391010,Para vehículos motorizados del capítulo 87,Para vehículos motorizados del capítulo 87,10,UNIDAD,U,true
85391090,Los demás,Los demás,10,UNIDAD,U,true
85392110,Para uso automotriz,Para uso automotriz,10,UNIDAD,U,true
85392190,Los demás,Los demás,10,UNIDAD,U,true
85392210,Destinados a la fabricación de juegos de luces para decoraciones de Navidad o para juegos de luces,Destinados a la fabricación de juegos de luces para decoraciones de Navidad o para juegos de luces para patio,10,UNIDAD,U,true
85392290,Los demás,Los demás,10,UNIDAD,U,true
85392911,Lámparas y tubos eléctricos de incandescencia,Lámparas y tubos eléctricos de incandescencia,10,UNIDAD,U,true
85392919,Los demás,Los demás,10,UNIDAD,U,true
85392991,Lámparas y tubos eléctricos de incandescencia,Lámparas y tubos eléctricos de incandescencia,10,UNIDAD,U,true
85392999,Los demás,Los demás,10,UNIDAD,U,true
85393100,"Fluorescentes, de cátodo caliente","Fluorescentes, de cátodo caliente",10,UNIDAD,U,true
85393210,De vapor de mercurio,De vapor de mercurio,10,UNIDAD,U,true
85393220,De vapor de sodio,De vapor de sodio,10,UNIDAD,U,true
85393290,Las demás,Las demás,10,UNIDAD,U,true
85393910,De vapor de mercurio o de sodio,De vapor de mercurio o de sodio,10,UNIDAD,U,true
85393990,Los demás,Los demás,10,UNIDAD,U,true
85394100,Lámparas de arco,Lámparas de arco,10,UNIDAD,U,true
85394900,Los demás,Los demás,10,UNIDAD,U,true
85399010,Casquillos,Casquillos,6,KILOGRAMO NETO,KN,true
85399090,Las demás,Las demás,6,KILOGRAMO NETO,KN,true
85401100,En colores,En colores,10,UNIDAD,U,true
85401200,En blanco y negro o demás monocromos,En blanco y negro o demás monocromos,10,UNIDAD,U,true
85402000,Tubos para cámaras de televisión; tubos convertidores o intensificadores de imagen; los demás tubos,Tubos para cámaras de televisión; tubos convertidores o intensificadores de imagen; los demás tubos de fotocátodo,10,UNIDAD,U,true
85404000,"Tubos para visualizar datos gráficos en colores, con pantalla fosfórica de separación de puntos inf","Tubos para visualizar datos gráficos en colores, con pantalla fosfórica de separación de puntos inferior a 0,4 mm",10,UNIDAD,U,true
85405000,Tubos para visualizar datos gráficos en blanco y negro o demás monocromos,Tubos para visualizar datos gráficos en blanco y negro o demás monocromos,10,UNIDAD,U,true
85406000,Los demás tubos catódicos,Los demás tubos catódicos,10,UNIDAD,U,true
85407100,Magnetrones,Magnetrones,10,UNIDAD,U,true
85407200,Klistrones,Klistrones,10,UNIDAD,U,true
85407900,Los demás,Los demás,10,UNIDAD,U,true
85408100,Tubos receptores o amplificadores,Tubos receptores o amplificadores,10,UNIDAD,U,true
85408900,Los demás,Los demás,10,UNIDAD,U,true
85409100,De tubos catódicos,De tubos catódicos,6,KILOGRAMO NETO,KN,true
85409900,Las demás,Las demás,6,KILOGRAMO NETO,KN,true
85411000,"Diodos, excepto los fotodiodos y los diodos emisores de luz","Diodos, excepto los fotodiodos y los diodos emisores de luz",10,UNIDAD,U,true
85412100,Con una capacidad de disipación inferior a 1 W,Con una capacidad de disipación inferior a 1 W,10,UNIDAD,U,true
85412900,Los demás,Los demás,10,UNIDAD,U,true
85413000,"Tiristores, diacs y triacs, excepto los dispositivos fotosensibles","Tiristores, diacs y triacs, excepto los dispositivos fotosensibles",10,UNIDAD,U,true
85414000,"Dispositivos semiconductores fotosensibles, incluidas las células fotovoltaicas, aunque estén ensamb","Dispositivos semiconductores fotosensibles, incluidas las células fotovoltaicas, aunque estén ensambladas en módulos o paneles; diodos emisores de luz",10,UNIDAD,U,true
85415000,Los demás dispositivos semiconductores,Los demás dispositivos semiconductores,10,UNIDAD,U,true
85416000,Cristales piezoeléctricos montados,Cristales piezoeléctricos montados,10,UNIDAD,U,true
85419000,Partes,Partes,6,KILOGRAMO NETO,KN,true
85423100,"Procesadores y controladores, incluso combinados con memorias, convertidores, circuitos lógicos, am","Procesadores y controladores, incluso combinados con memorias, convertidores, circuitos lógicos, amplificadores, relojes y circuitos de sincronización, u otros circuitos",10,UNIDAD,U,true
85423200,Memorias,Memorias,10,UNIDAD,U,true
85423300,Amplificadores,Amplificadores,10,UNIDAD,U,true
85423900,Los demás,Los demás,10,UNIDAD,U,true
85429000,Partes,Partes,6,KILOGRAMO NETO,KN,true
85431010,Nucleares,Nucleares,10,UNIDAD,U,true
85431090,Los demás,Los demás,10,UNIDAD,U,true
85432000,Generadores de señales,Generadores de señales,10,UNIDAD,U,true
85433000,"Máquinas y aparatos de galvanoplastia, electrólisis o electroforesis","Máquinas y aparatos de galvanoplastia, electrólisis o electroforesis",10,UNIDAD,U,true
85437010,Amplificadores de microondas,Amplificadores de microondas,10,UNIDAD,U,true
85437090,Los demás,Los demás,10,UNIDAD,U,true
85439010,Circuitos modulares,Circuitos modulares,6,KILOGRAMO NETO,KN,true
85439090,Las demás,Las demás,6,KILOGRAMO NETO,KN,true
85441100,De cobre,De cobre,6,KILOGRAMO NETO,KN,true
85441900,Los demás,Los demás,6,KILOGRAMO NETO,KN,true
85442010,Telefónicos,Telefónicos,6,KILOGRAMO NETO,KN,true
85442020,Otros de cobre,Otros de cobre,6,KILOGRAMO NETO,KN,true
85442090,Los demás,Los demás,6,KILOGRAMO NETO,KN,true
85443010,De cobre,De cobre,6,KILOGRAMO NETO,KN,true
85443090,Los demás,Los demás,6,KILOGRAMO NETO,KN,true
85444211,Telefónicos,Telefónicos,6,KILOGRAMO NETO,KN,true
85444212,"Otros, de cobre","Otros, de cobre",6,KILOGRAMO NETO,KN,true
85444219,Los demás,Los demás,6,KILOGRAMO NETO,KN,true
85444291,De cobre,De cobre,6,KILOGRAMO NETO,KN,true
85444299,Los demás,Los demás,6,KILOGRAMO NETO,KN,true
85444911,Telefónicos,Telefónicos,6,KILOGRAMO NETO,KN,true
85444912,"Otros, de cobre","Otros, de cobre",6,KILOGRAMO NETO,KN,true
85444919,Los demás,Los demás,6,KILOGRAMO NETO,KN,true
85444991,De cobre,De cobre,6,KILOGRAMO NETO,KN,true
85444999,Los demás,Los demás,6,KILOGRAMO NETO,KN,true
85446010,De cobre,De cobre,6,KILOGRAMO NETO,KN,true
85446090,Los demás,Los demás,6,KILOGRAMO NETO,KN,true
85447000,Cables de fibras ópticas,Cables de fibras ópticas,6,KILOGRAMO NETO,KN,true
85451100,De los tipos utilizados en hornos,De los tipos utilizados en hornos,6,KILOGRAMO NETO,KN,true
85451900,Los demás,Los demás,6,KILOGRAMO NETO,KN,true
85452000,Escobillas,Escobillas,6,KILOGRAMO NETO,KN,true
85459000,Los demás,Los demás,6,KILOGRAMO NETO,KN,true
85461000,De vidrio,De vidrio,6,KILOGRAMO NETO,KN,true
85462010,Sin partes metálicas,Sin partes metálicas,6,KILOGRAMO NETO,KN,true
85462020,Con partes metálicas para líneas aéreas de transporte de energía eléctrica o para líneas de tracción,Con partes metálicas para líneas aéreas de transporte de energía eléctrica o para líneas de tracción,6,KILOGRAMO NETO,KN,true
85462090,Los demás,Los demás,6,KILOGRAMO NETO,KN,true
85469010,De materias plásticas artificiales,De materias plásticas artificiales,6,KILOGRAMO NETO,KN,true
85469090,Los demás,Los demás,6,KILOGRAMO NETO,KN,true
85471000,Piezas aislantes de cerámica,Piezas aislantes de cerámica,6,KILOGRAMO NETO,KN,true
85472000,Piezas aislantes de plástico,Piezas aislantes de plástico,6,KILOGRAMO NETO,KN,true
85479000,Los demás,Los demás,6,KILOGRAMO NETO,KN,true
85481010,Desechos de células y baterías primarias y desechos de acumuladores eléctricos,Desechos de células y baterías primarias y desechos de acumuladores eléctricos,6,KILOGRAMO NETO,KN,true
85481020,"Desperdicios y desechos de pilas y baterías de pilas, eléctricas","Desperdicios y desechos de pilas y baterías de pilas, eléctricas",6,KILOGRAMO NETO,KN,true
85481030,Desperdicios y desechos de acumuladores eléctricos,Desperdicios y desechos de acumuladores eléctricos,6,KILOGRAMO NETO,KN,true
85481040,"Pilas y baterías de pilas, eléctricas, en desuso, inservibles","Pilas y baterías de pilas, eléctricas, en desuso, inservibles",6,KILOGRAMO NETO,KN,true
85481050,"Acumuladores eléctricos de plomo que funcionen con electrólito líquido, drenados, en desuso, inserv","Acumuladores eléctricos de plomo que funcionen con electrólito líquido, drenados, en desuso, inservibles",6,KILOGRAMO NETO,KN,true
85481090,Los demás,Los demás,6,KILOGRAMO NETO,KN,true
85489000,Los demás,Los demás,6,KILOGRAMO NETO,KN,true
86011000,De fuente externa de electricidad,De fuente externa de electricidad,10,UNIDAD,U,true
86012000,De acumuladores eléctrico,De acumuladores eléctrico,10,UNIDAD,U,true
86021000,Locomotoras Diesel-eléctricas,Locomotoras Diesel-eléctricas,10,UNIDAD,U,true
86029000,Los demás,Los demás,10,UNIDAD,U,true
86031010,Automotores,Automotores,10,UNIDAD,U,true
86031090,Los demás,Los demás,10,UNIDAD,U,true
86039000,Los demás,Los demás,10,UNIDAD,U,true
86040000,"Vehículos para mantenimiento o servicio de vías férreas o similares, incluso autopropulsados (por ej","Vehículos para mantenimiento o servicio de vías férreas o similares, incluso autopropulsados (por ejemplo: vagones taller, vagones grúa, vagones equipados para apisonar balasto, alinear vías, coches p",10,UNIDAD,U,true
86050000,"Coches de viajeros, furgones de equipajes, coches correo y demás coches especiales, para vías férrea","Coches de viajeros, furgones de equipajes, coches correo y demás coches especiales, para vías férreas o similares (excepto los coches de la partida 86.04).",10,UNIDAD,U,true
86061000,Vagones cisterna y similares,Vagones cisterna y similares,10,UNIDAD,U,true
86063000,"Vagones de descarga automática, excepto los de la subpartida 8606.10","Vagones de descarga automática, excepto los de la subpartida 8606.10",10,UNIDAD,U,true
86069100,Cubiertos y cerrados,Cubiertos y cerrados,10,UNIDAD,U,true
86069200,"Abiertos, con pared fija de altura superior a 60 cm","Abiertos, con pared fija de altura superior a 60 cm",10,UNIDAD,U,true
86069910,De plataforma baja,De plataforma baja,10,UNIDAD,U,true
86069990,Los demás,Los demás,10,UNIDAD,U,true
86071100,"Bojes y «bissels», de tracción","Bojes y «bissels», de tracción",6,KILOGRAMO NETO,KN,true
86071200,Los demás bojes y «bissels»,Los demás bojes y «bissels»,6,KILOGRAMO NETO,KN,true
86071910,Ejes,Ejes,6,KILOGRAMO NETO,KN,true
86071920,Partes de ejes,Partes de ejes,6,KILOGRAMO NETO,KN,true
86071930,"Ruedas, ensambladas con ejes o no","Ruedas, ensambladas con ejes o no",6,KILOGRAMO NETO,KN,true
86071940,Partes de ruedas,Partes de ruedas,6,KILOGRAMO NETO,KN,true
86071990,Los demás,Los demás,6,KILOGRAMO NETO,KN,true
86072100,Frenos de aire comprimido y sus partes,Frenos de aire comprimido y sus partes,6,KILOGRAMO NETO,KN,true
86072900,Los demás,Los demás,6,KILOGRAMO NETO,KN,true
86073000,"Ganchos y demás sistemas de enganche, topes, y sus partes","Ganchos y demás sistemas de enganche, topes, y sus partes",6,KILOGRAMO NETO,KN,true
86079100,De locomotoras o locotractores,De locomotoras o locotractores,6,KILOGRAMO NETO,KN,true
86079910,Amortiguadores y sus partes,Amortiguadores y sus partes,6,KILOGRAMO NETO,KN,true
86079990,Las demás,Las demás,6,KILOGRAMO NETO,KN,true
86080000,Material fijo de vías férreas o similares; aparatos mecánicos (incluso electromecánicos) de señaliza,"Material fijo de vías férreas o similares; aparatos mecánicos (incluso electromecánicos) de señalización, seguridad, vías fluviales, áreas o parques de estacionamiento, instalaciones portuarias o aero",6,KILOGRAMO NETO,KN,true
86090000,Contenedores (incluidos los contenedores cisterna y los contenedores depósito) especialmente concebi,Contenedores (incluidos los contenedores cisterna y los contenedores depósito) especialmente concebidos y equipados para uno o varios medios de transporte.,10,UNIDAD,U,true
87011000,Motocultores,Motocultores,10,UNIDAD,U,true
87012010,Con motor diesel de potencia inferior o igual a 200 HP,Con motor diesel de potencia inferior o igual a 200 HP,10,UNIDAD,U,true
87012020,Con motor diesel de potencia superior a 200 HP,Con motor diesel de potencia superior a 200 HP,10,UNIDAD,U,true
87012090,Los demás,Los demás,10,UNIDAD,U,true
87013000,Tractores de orugas,Tractores de orugas,10,UNIDAD,U,true
87019011,Agrícolas,Agrícolas,10,UNIDAD,U,true
87019012,Forestales,Forestales,10,UNIDAD,U,true
87019019,Los demás,Los demás,10,UNIDAD,U,true
87019090,Los demás,Los demás,10,UNIDAD,U,true
87021011,De cilindrada superior a 2.500 cm3,De cilindrada superior a 2.500 cm3,10,UNIDAD,U,true
87021019,Los demás,Los demás,10,UNIDAD,U,true
87021091,De cilindrada superior a 2.500 cm3,De cilindrada superior a 2.500 cm3,10,UNIDAD,U,true
87021099,Los demás,Los demás,10,UNIDAD,U,true
87029011,De cilindrada superior a 2.800 cm3,De cilindrada superior a 2.800 cm3,10,UNIDAD,U,true
87029019,Los demás,Los demás,10,UNIDAD,U,true
87029020,"Con capacidad superior a 15 asientos incluido el del conductor, de tracción eléctrica o que utilicen","Con capacidad superior a 15 asientos incluido el del conductor, de tracción eléctrica o que utilicen gas como combustible",10,UNIDAD,U,true
87029090,Los demás,Los demás,10,UNIDAD,U,true
87031000,Vehículos especialmente concebidos para desplazarse sobre nieve; vehículos especiales para transport,Vehículos especialmente concebidos para desplazarse sobre nieve; vehículos especiales para transporte de personas en campos de golf y vehículos similares,10,UNIDAD,U,true
87032110,Tipo jeep y similares con tracción en las cuatro ruedas,Tipo jeep y similares con tracción en las cuatro ruedas,10,UNIDAD,U,true
87032120,Vehículos casa-rodante,Vehículos casa-rodante,10,UNIDAD,U,true
87032130,"Coches ambulancia, celulares y mortuorios","Coches ambulancia, celulares y mortuorios",10,UNIDAD,U,true
87032191,Automóviles de turismo,Automóviles de turismo,10,UNIDAD,U,true
87032199,Los demás,Los demás,10,UNIDAD,U,true
87032211,Con motor a gas,Con motor a gas,10,UNIDAD,U,true
87032219,Los demás,Los demás,10,UNIDAD,U,true
87032220,Vehículos casa-rodante,Vehículos casa-rodante,10,UNIDAD,U,true
87032230,"Coches ambulancia, celulares y mortuorios","Coches ambulancia, celulares y mortuorios",10,UNIDAD,U,true
87032291,Automóviles de turismo,Automóviles de turismo,10,UNIDAD,U,true
87032299,Los demás,Los demás,10,UNIDAD,U,true
87032311,Con motor a gas,Con motor a gas,10,UNIDAD,U,true
87032319,Los demás,Los demás,10,UNIDAD,U,true
87032320,Vehículos casa-rodante,Vehículos casa-rodante,10,UNIDAD,U,true
87032330,"Coches ambulancia, celulares y mortuorios","Coches ambulancia, celulares y mortuorios",10,UNIDAD,U,true
87032391,Automóviles de turismo,Automóviles de turismo,10,UNIDAD,U,true
87032399,Los demás,Los demás,10,UNIDAD,U,true
87032411,Con motor a gas,Con motor a gas,10,UNIDAD,U,true
87032419,Los demás,Los demás,10,UNIDAD,U,true
87032420,Vehículos casa-rodante,Vehículos casa-rodante,10,UNIDAD,U,true
87032430,"Coches ambulancia, celulares y mortuorios","Coches ambulancia, celulares y mortuorios",10,UNIDAD,U,true
87032491,Automóviles de turismo,Automóviles de turismo,10,UNIDAD,U,true
87032499,Los demás,Los demás,10,UNIDAD,U,true
87033110,Tipo jeep y similares con tracción en las cuatro ruedas,Tipo jeep y similares con tracción en las cuatro ruedas,10,UNIDAD,U,true
87033120,Vehículos casa-rodante,Vehículos casa-rodante,10,UNIDAD,U,true
87033130,"Coches ambulancia, celulares y mortuorios","Coches ambulancia, celulares y mortuorios",10,UNIDAD,U,true
87033190,Los demás,Los demás,10,UNIDAD,U,true
87033211,De cilindrada superior a 1.500 cm³ pero inferior o igual a a 2.000 cm³,De cilindrada superior a 1.500 cm³ pero inferior o igual a a 2.000 cm³,10,UNIDAD,U,true
87033212,De cilindrada superior a 2.000 cm³ pero inferior o igual a a 2.500 cm³,De cilindrada superior a 2.000 cm³ pero inferior o igual a a 2.500 cm³,10,UNIDAD,U,true
87033220,Vehículos casa-rodante,Vehículos casa-rodante,10,UNIDAD,U,true
87033230,"Coches ambulancia, celulares y mortuorios","Coches ambulancia, celulares y mortuorios",10,UNIDAD,U,true
87033291,Automóviles de turismo,Automóviles de turismo,10,UNIDAD,U,true
87033299,Los demás,Los demás,10,UNIDAD,U,true
87033310,Tipo jeep y similares con tracción en las cuatro ruedas,Tipo jeep y similares con tracción en las cuatro ruedas,10,UNIDAD,U,true
87033320,Vehículos casa-rodante,Vehículos casa-rodante,10,UNIDAD,U,true
87033330,"Coches ambulancia, celulares y mortuorios","Coches ambulancia, celulares y mortuorios",10,UNIDAD,U,true
87033390,Los demás,Los demás,10,UNIDAD,U,true
87039010,Tipo jeep y similares con tracción en las cuatro ruedas,Tipo jeep y similares con tracción en las cuatro ruedas,10,UNIDAD,U,true
87039020,Vehículos casa-rodante,Vehículos casa-rodante,10,UNIDAD,U,true
87039030,"Coches ambulancia, celulares y mortuorios","Coches ambulancia, celulares y mortuorios",10,UNIDAD,U,true
87039090,Los demás,Los demás,10,UNIDAD,U,true
87041010,Con capacidad de carga útil inferior o igual a 30 t,Con capacidad de carga útil inferior o igual a 30 t,10,UNIDAD,U,true
87041090,Los demás,Los demás,10,UNIDAD,U,true
87042111,Con capacidad de carga útil superior a 500 kilos pero inferior o igual a 2.000 kilos,Con capacidad de carga útil superior a 500 kilos pero inferior o igual a 2.000 kilos,10,UNIDAD,U,true
87042112,Con capacidad de carga útil superior a 2.000 kilos,Con capacidad de carga útil superior a 2.000 kilos,10,UNIDAD,U,true
87042119,Los demás,Los demás,10,UNIDAD,U,true
87042121,Camionetas,Camionetas,10,UNIDAD,U,true
87042129,Los demás,Los demás,10,UNIDAD,U,true
87042130,Con capacidad de carga útil superior a 2.000 kilos,Con capacidad de carga útil superior a 2.000 kilos,10,UNIDAD,U,true
87042140,Vehículos para el transporte fuera de carretera,Vehículos para el transporte fuera de carretera,10,UNIDAD,U,true
87042150,Coches blindados para el transporte de valores,Coches blindados para el transporte de valores,10,UNIDAD,U,true
87042161,Para camionetas,Para camionetas,10,UNIDAD,U,true
87042169,Los demás,Los demás,10,UNIDAD,U,true
87042170,"Chasis cabinados de vehículos para el transporte de mercancías, con capacidad de carga útil superior","Chasis cabinados de vehículos para el transporte de mercancías, con capacidad de carga útil superior a 2.000 kilos",10,UNIDAD,U,true
87042180,Los demás chasis cabinados,Los demás chasis cabinados,10,UNIDAD,U,true
87042190,Los demás,Los demás,10,UNIDAD,U,true
87042210,Furgones,Furgones,10,UNIDAD,U,true
87042220,Con capacidad de carga útil superior a 500 kilos pero inferior o igual a 2.000 kilos,Con capacidad de carga útil superior a 500 kilos pero inferior o igual a 2.000 kilos,10,UNIDAD,U,true
87042230,Con capacidad de carga útil superior a 2.000 kilos,Con capacidad de carga útil superior a 2.000 kilos,10,UNIDAD,U,true
87042240,Vehículos para el transporte fuera de carretera,Vehículos para el transporte fuera de carretera,10,UNIDAD,U,true
87042250,Coches blindados para el transporte de valores,Coches blindados para el transporte de valores,10,UNIDAD,U,true
87042260,"Chasis cabinados de vehículos para el transporte de mercancías, con capacidad de carga útil superior","Chasis cabinados de vehículos para el transporte de mercancías, con capacidad de carga útil superior a 500 kilos pero inferior o igual a 2.000 kilos",10,UNIDAD,U,true
87042271,Para camiones de carretera,Para camiones de carretera,10,UNIDAD,U,true
87042279,Los demás,Los demás,10,UNIDAD,U,true
87042280,Los demás chasis cabinados,Los demás chasis cabinados,10,UNIDAD,U,true
87042290,Los demás,Los demás,10,UNIDAD,U,true
87042311,Camiones,Camiones,10,UNIDAD,U,true
87042319,Los demás,Los demás,10,UNIDAD,U,true
87042321,Camiones para minería,Camiones para minería,10,UNIDAD,U,true
87042329,Los demás,Los demás,10,UNIDAD,U,true
87042330,Coches blindados para el transporte de valores,Coches blindados para el transporte de valores,10,UNIDAD,U,true
87042340,"Chasis cabinados de vehículos para el transporte de mercancías, con capacidad de carga útil superio","Chasis cabinados de vehículos para el transporte de mercancías, con capacidad de carga útil superior a 500 kilos pero inferior o igual a 2.000 kilos",10,UNIDAD,U,true
87042351,Para camiones de carretera,Para camiones de carretera,10,UNIDAD,U,true
87042359,Los demás,Los demás,10,UNIDAD,U,true
87042360,Los demás chasis cabinados,Los demás chasis cabinados,10,UNIDAD,U,true
87042390,Los demás,Los demás,10,UNIDAD,U,true
87043111,Con capacidad de carga útil superior a 2.000 kilos,Con capacidad de carga útil superior a 2.000 kilos,10,UNIDAD,U,true
87043119,Los demás,Los demás,10,UNIDAD,U,true
87043121,Camionetas,Camionetas,10,UNIDAD,U,true
87043129,Los demás,Los demás,10,UNIDAD,U,true
87043130,Con capacidad de carga útil superior a 2.000 kilos,Con capacidad de carga útil superior a 2.000 kilos,10,UNIDAD,U,true
87043140,Vehículos para el transporte fuera de carretera,Vehículos para el transporte fuera de carretera,10,UNIDAD,U,true
87043150,Coches blindados para el transporte de valores,Coches blindados para el transporte de valores,10,UNIDAD,U,true
87043161,Para camionetas,Para camionetas,10,UNIDAD,U,true
87043169,Los demás,Los demás,10,UNIDAD,U,true
87043170,"Chasis cabinados de vehículos para el transporte de mercancías, con capacidad de carga útil superior","Chasis cabinados de vehículos para el transporte de mercancías, con capacidad de carga útil superior a 2.000 kilos",10,UNIDAD,U,true
87043180,Los demás chasis cabinados,Los demás chasis cabinados,10,UNIDAD,U,true
87043190,Los demás,Los demás,10,UNIDAD,U,true
87043210,Furgones,Furgones,10,UNIDAD,U,true
87043220,Con capacidad de carga útil superior a 500 kilos pero inferior o igual a 2.000 kilos,Con capacidad de carga útil superior a 500 kilos pero inferior o igual a 2.000 kilos,10,UNIDAD,U,true
87043230,Con capacidad de carga útil superior a 2.000 kilos,Con capacidad de carga útil superior a 2.000 kilos,10,UNIDAD,U,true
87043240,Vehículos para el transporte fuera de carretera,Vehículos para el transporte fuera de carretera,10,UNIDAD,U,true
87043250,Coches blindados para el transporte de valores,Coches blindados para el transporte de valores,10,UNIDAD,U,true
87043260,"Chasis cabinados de vehículos para el transporte de mercancías, con capacidad de carga útil superio","Chasis cabinados de vehículos para el transporte de mercancías, con capacidad de carga útil superior a 500 kilos pero inferior o igual a 2.000 kilos",10,UNIDAD,U,true
87043270,"Chasis cabinados de vehículos para el transporte de mercancías, con capacidad de carga útil superior","Chasis cabinados de vehículos para el transporte de mercancías, con capacidad de carga útil superior a 2.000 kilos",10,UNIDAD,U,true
87043280,Los demás chasis cabinados,Los demás chasis cabinados,10,UNIDAD,U,true
87043290,Los demás,Los demás,10,UNIDAD,U,true
87049010,Furgones,Furgones,10,UNIDAD,U,true
87049020,Con capacidad de carga útil superior a 500 kilos pero inferior o igual a 2.000 kilos,Con capacidad de carga útil superior a 500 kilos pero inferior o igual a 2.000 kilos,10,UNIDAD,U,true
87049030,Con capacidad de carga útil superior a 2.000 kilos,Con capacidad de carga útil superior a 2.000 kilos,10,UNIDAD,U,true
87049040,Vehículos para el transporte fuera de carretera,Vehículos para el transporte fuera de carretera,10,UNIDAD,U,true
87049050,Coches blindados para el transporte de valores,Coches blindados para el transporte de valores,10,UNIDAD,U,true
87049060,"Chasis cabinados de vehículos para el transporte de mercancías, con capacidad de carga útil superio","Chasis cabinados de vehículos para el transporte de mercancías, con capacidad de carga útil superior a 500 kilos pero inferior o igual a 2.000 kilos",10,UNIDAD,U,true
87049070,"Chasis cabinados de vehículos para el transporte de mercancías, con capacidad de carga útil superior","Chasis cabinados de vehículos para el transporte de mercancías, con capacidad de carga útil superior a 2.000 kilos",10,UNIDAD,U,true
87049080,Los demás chasis cabinados,Los demás chasis cabinados,10,UNIDAD,U,true
87049090,Los demás,Los demás,10,UNIDAD,U,true
87051010,Con capacidad de levante inferior o igual a 1.500 kilos,Con capacidad de levante inferior o igual a 1.500 kilos,10,UNIDAD,U,true
87051090,Los demás,Los demás,10,UNIDAD,U,true
87052010,Con capacidad de perforar inferior o igual a 100 metros,Con capacidad de perforar inferior o igual a 100 metros,10,UNIDAD,U,true
87052090,Los demás,Los demás,10,UNIDAD,U,true
87053010,Coches escala,Coches escala,10,UNIDAD,U,true
87053020,Coches agua,Coches agua,10,UNIDAD,U,true
87053090,Los demás,Los demás,10,UNIDAD,U,true
87054010,Con capacidad máxima inferior o igual a 6 m3 de hormigón,Con capacidad máxima inferior o igual a 6 m3 de hormigón,10,UNIDAD,U,true
87054090,Los demás,Los demás,10,UNIDAD,U,true
87059010,Camiones limpiafosas,Camiones limpiafosas,10,UNIDAD,U,true
87059090,Los demás,Los demás,10,UNIDAD,U,true
87060011,"De coches ambulancia, celulares y mortuorios","De coches ambulancia, celulares y mortuorios",10,UNIDAD,U,true
87060012,De vehículos de los ítemes 8703.2191; 8703.2199; 8703.2291; 8703.2299; 8703.2391; 8703.2399; 8703.2,De vehículos de los ítemes 8703.2191; 8703.2199; 8703.2291; 8703.2299; 8703.2391; 8703.2399; 8703.2491; 8703.2499; 8703.3190; 8703.3291; 8703.3299; 8703.3390 y 8703.9090,10,UNIDAD,U,true
87060019,Los demás,Los demás,10,UNIDAD,U,true
87060021,De vehículos con capacidad de carga útil superior a 500 kilos pero inferior o igual a 2.000 Kilos,De vehículos con capacidad de carga útil superior a 500 kilos pero inferior o igual a 2.000 Kilos,10,UNIDAD,U,true
87060022,De vehículos con capacidad de carga útil superior a 2.000 kilos,De vehículos con capacidad de carga útil superior a 2.000 kilos,10,UNIDAD,U,true
87060029,Los demás,Los demás,10,UNIDAD,U,true
87060091,De vehículos con capacidad superior o igual a 10 asientos pero inferior o igual a 15 asientos inclu,De vehículos con capacidad superior o igual a 10 asientos pero inferior o igual a 15 asientos incluido el del conductor,10,UNIDAD,U,true
87060092,De vehículos con capacidad superior o igual a 16 asientos pero inferior o igual a 30 asientos inc,De vehículos con capacidad superior o igual a 16 asientos pero inferior o igual a 30 asientos incluido el del conductor,10,UNIDAD,U,true
87060093,De vehículos con capacidad superior o igual a 31 asientos pero inferior o igual a 45 asientos incl,De vehículos con capacidad superior o igual a 31 asientos pero inferior o igual a 45 asientos incluido el del conductor,10,UNIDAD,U,true
87060099,Los demás,Los demás,10,UNIDAD,U,true
87071011,"De coches ambulancia, celulares y mortuorios","De coches ambulancia, celulares y mortuorios",10,UNIDAD,U,true
87071012,De vehículos de los ítemes 8703.2191; 8703.2199; 8703.2291; 8703.2299; 8703.2391; 8703.2399; 8703.24,De vehículos de los ítemes 8703.2191; 8703.2199; 8703.2291; 8703.2299; 8703.2391; 8703.2399; 8703.2491; 8703.2499; 8703.3190; 8703.3291; 8703.3299; 8703.3390 y 8703.9090,10,UNIDAD,U,true
87071019,Los demás,Los demás,10,UNIDAD,U,true
87079011,De vehículos con capacidad superior o igual a 10 asientos pero inferior o igual a 15 asientos inclui,De vehículos con capacidad superior o igual a 10 asientos pero inferior o igual a 15 asientos incluido el del conductor,10,UNIDAD,U,true
87079019,Los demás,Los demás,10,UNIDAD,U,true
87079091,"De vehículos destinados al transporte de mercancías, con capacidad de carga útil superior a 500 k","De vehículos destinados al transporte de mercancías, con capacidad de carga útil superior a 500 kilos pero inferior o igual a 2.000 kilos",10,UNIDAD,U,true
87079092,"De vehículos destinados al transporte de mercancías, con capacidad de carga útil superior a 2.000 ki","De vehículos destinados al transporte de mercancías, con capacidad de carga útil superior a 2.000 kilos",10,UNIDAD,U,true
87079099,Los demás,Los demás,10,UNIDAD,U,true
87081010,"Defensas, sin incluir sus partes","Defensas, sin incluir sus partes",6,KILOGRAMO NETO,KN,true
87081090,Las demás,Las demás,6,KILOGRAMO NETO,KN,true
87082100,Cinturones de seguridad,Cinturones de seguridad,6,KILOGRAMO NETO,KN,true
87082910,Partes troqueladas para carrocería,Partes troqueladas para carrocería,6,KILOGRAMO NETO,KN,true
87082930,Ensambles de puerta,Ensambles de puerta,6,KILOGRAMO NETO,KN,true
87082950,Capó del motor,Capó del motor,6,KILOGRAMO NETO,KN,true
87082960,Guardafangos,Guardafangos,6,KILOGRAMO NETO,KN,true
87082970,Máscaras frontales,Máscaras frontales,6,KILOGRAMO NETO,KN,true
87082990,Las demás,Las demás,6,KILOGRAMO NETO,KN,true
87083010,Pastillas de freno montadas,Pastillas de freno montadas,6,KILOGRAMO NETO,KN,true
87083020,Discos de frenos,Discos de frenos,6,KILOGRAMO NETO,KN,true
87083090,Los demás,Los demás,6,KILOGRAMO NETO,KN,true
87084010,Para vehículos de la partida 87.01,Para vehículos de la partida 87.01,6,KILOGRAMO NETO,KN,true
87084020,Para vehículos de la partida 87.02,Para vehículos de la partida 87.02,6,KILOGRAMO NETO,KN,true
87084030,Para vehículos de la partida 87.03,Para vehículos de la partida 87.03,6,KILOGRAMO NETO,KN,true
87084040,Para vehículos de la partida 87.04,Para vehículos de la partida 87.04,6,KILOGRAMO NETO,KN,true
87084090,Las demás,Las demás,6,KILOGRAMO NETO,KN,true
87085000,"Ejes con diferencial, incluso provistos con otros órganos de trasmisión, y ejes portadores; sus par","Ejes con diferencial, incluso provistos con otros órganos de trasmisión, y ejes portadores; sus partes",6,KILOGRAMO NETO,KN,true
87087010,Ruedas,Ruedas,6,KILOGRAMO NETO,KN,true
87087020,Partes y accesorios,Partes y accesorios,6,KILOGRAMO NETO,KN,true
87088010,Cartuchos para amortiguadores (McPherson),Cartuchos para amortiguadores (McPherson),6,KILOGRAMO NETO,KN,true
87088091,Para vehículos de la partida 87.01,Para vehículos de la partida 87.01,6,KILOGRAMO NETO,KN,true
87088092,Para vehículos de la partida 87.02,Para vehículos de la partida 87.02,6,KILOGRAMO NETO,KN,true
87088093,Para vehículos de la partida 87.03,Para vehículos de la partida 87.03,6,KILOGRAMO NETO,KN,true
87088094,Para vehículos de la partida 87.04,Para vehículos de la partida 87.04,6,KILOGRAMO NETO,KN,true
87088099,Los demás,Los demás,6,KILOGRAMO NETO,KN,true
87089100,Radiadores y sus partes,Radiadores y sus partes,6,KILOGRAMO NETO,KN,true
87089200,Silenciadores y tubos (caños) de escape; sus partes,Silenciadores y tubos (caños) de escape; sus partes,6,KILOGRAMO NETO,KN,true
87089311,Para vehículos de la partida 87.01,Para vehículos de la partida 87.01,6,KILOGRAMO NETO,KN,true
87089312,Para vehículos de la partida 87.02,Para vehículos de la partida 87.02,6,KILOGRAMO NETO,KN,true
87089313,Para vehículos de la partida 87.03,Para vehículos de la partida 87.03,6,KILOGRAMO NETO,KN,true
87089314,Para vehículos de la partida 87.04,Para vehículos de la partida 87.04,6,KILOGRAMO NETO,KN,true
87089319,Los demás,Los demás,6,KILOGRAMO NETO,KN,true
87089390,Partes,Partes,6,KILOGRAMO NETO,KN,true
87089400,"Volantes, columnas y cajas de dirección; sus partes","Volantes, columnas y cajas de dirección; sus partes",6,KILOGRAMO NETO,KN,true
87089500,Bolsas inflables de seguridad con sistema de inflado (airbag); sus partes,Bolsas inflables de seguridad con sistema de inflado (airbag); sus partes,6,KILOGRAMO NETO,KN,true
87089930,Semiejes y ejes de dirección,Semiejes y ejes de dirección,6,KILOGRAMO NETO,KN,true
87089960,Otras partes para sistemas de dirección,Otras partes para sistemas de dirección,6,KILOGRAMO NETO,KN,true
87089990,Los demás,Los demás,6,KILOGRAMO NETO,KN,true
87091100,Eléctricas,Eléctricas,10,UNIDAD,U,true
87091900,Las demás,Las demás,10,UNIDAD,U,true
87099000,Partes,Partes,6,KILOGRAMO NETO,KN,true
87100000,"Tanques y demás vehículos automóviles blindados de combate, incluso con su armamento; sus partes.","Tanques y demás vehículos automóviles blindados de combate, incluso con su armamento; sus partes.",10,UNIDAD,U,true
87111000,Con motor de émbolo (pistón) alternativo de cilindrada inferior o igual a 50 cm³,Con motor de émbolo (pistón) alternativo de cilindrada inferior o igual a 50 cm³,10,UNIDAD,U,true
87112010,De turismo,De turismo,10,UNIDAD,U,true
87112020,De todo terreno,De todo terreno,10,UNIDAD,U,true
87112090,Las demás,Las demás,10,UNIDAD,U,true
87113000,Con motor de émbolo (pistón) alternativo de cilindrada superior a 250 cm³ pero inferior o igual a 50,Con motor de émbolo (pistón) alternativo de cilindrada superior a 250 cm³ pero inferior o igual a 500 cm³,10,UNIDAD,U,true
87114000,Con motor de émbolo (pistón) alternativo de cilindrada superior a 500 cm³ pero inferior o igual a 80,Con motor de émbolo (pistón) alternativo de cilindrada superior a 500 cm³ pero inferior o igual a 800 cm³,10,UNIDAD,U,true
87115000,Con motor de émbolo (pistón) alternativo de cilindrada superior a 800 cm³,Con motor de émbolo (pistón) alternativo de cilindrada superior a 800 cm³,10,UNIDAD,U,true
87119000,Los demás,Los demás,10,UNIDAD,U,true
87120010,"Bicicletas de aro inferior o igual a 12""","Bicicletas de aro inferior o igual a 12""",10,UNIDAD,U,true
87120020,"Bicicletas de aro superior a 12"" pero inferior o igual a 26""","Bicicletas de aro superior a 12"" pero inferior o igual a 26""",10,UNIDAD,U,true
87120090,Los demás,Los demás,10,UNIDAD,U,true
87131010,Sillas plegables para inválidos,Sillas plegables para inválidos,10,UNIDAD,U,true
87131090,Los demás,Los demás,10,UNIDAD,U,true
87139000,Los demás,Los demás,10,UNIDAD,U,true
87141100,Sillines (asientos),Sillines (asientos),6,KILOGRAMO NETO,KN,true
87141900,Los demás,Los demás,6,KILOGRAMO NETO,KN,true
87142000,De sillones de ruedas y demás vehículos para inválidos,De sillones de ruedas y demás vehículos para inválidos,6,KILOGRAMO NETO,KN,true
87149100,"Cuadros y horquillas, y sus partes","Cuadros y horquillas, y sus partes",6,KILOGRAMO NETO,KN,true
87149200,Llantas y radios,Llantas y radios,6,KILOGRAMO NETO,KN,true
87149300,Bujes sin freno y piñones libres,Bujes sin freno y piñones libres,6,KILOGRAMO NETO,KN,true
87149400,"Frenos, incluidos los bujes con freno, y sus partes","Frenos, incluidos los bujes con freno, y sus partes",6,KILOGRAMO NETO,KN,true
87149500,Sillines (asientos),Sillines (asientos),10,UNIDAD,U,true
87149600,"Pedales y mecanismos de pedal, y sus partes","Pedales y mecanismos de pedal, y sus partes",6,KILOGRAMO NETO,KN,true
87149910,Cambios y sus partes,Cambios y sus partes,6,KILOGRAMO NETO,KN,true
87149920,Manubrios y sus partes,Manubrios y sus partes,6,KILOGRAMO NETO,KN,true
87149990,Los demás,Los demás,6,KILOGRAMO NETO,KN,true
87150010,Coches para paseo,Coches para paseo,6,KILOGRAMO NETO,KN,true
87150020,Sillas para paseo,Sillas para paseo,6,KILOGRAMO NETO,KN,true
87150090,Los demás,Los demás,6,KILOGRAMO NETO,KN,true
87161000,"Remolques y semirremolques para vivienda o acampar, del tipo caravana","Remolques y semirremolques para vivienda o acampar, del tipo caravana",10,UNIDAD,U,true
87162000,"Remolques y semirremolques, autocargadores o autodescargadores, para uso agrícola","Remolques y semirremolques, autocargadores o autodescargadores, para uso agrícola",10,UNIDAD,U,true
87163110,Semirremolques,Semirremolques,10,UNIDAD,U,true
87163190,Los demás,Los demás,10,UNIDAD,U,true
87163910,Semirremolques frigoríficos,Semirremolques frigoríficos,10,UNIDAD,U,true
87163920,Semirremolques isotérmicos,Semirremolques isotérmicos,10,UNIDAD,U,true
87163930,Semirremolques planos,Semirremolques planos,10,UNIDAD,U,true
87163940,Semirremolques tolvas,Semirremolques tolvas,10,UNIDAD,U,true
87163990,Los demás,Los demás,10,UNIDAD,U,true
87164000,Los demás remolques y semirremolques,Los demás remolques y semirremolques,10,UNIDAD,U,true
87168010,Carros para supermercados,Carros para supermercados,10,UNIDAD,U,true
87168090,Los demás,Los demás,10,UNIDAD,U,true
87169010,Dispositivos de frenos y sus partes,Dispositivos de frenos y sus partes,6,KILOGRAMO NETO,KN,true
87169020,Sistemas de enganche y sus partes,Sistemas de enganche y sus partes,6,KILOGRAMO NETO,KN,true
87169030,Órganos de suspensión y sus partes,Órganos de suspensión y sus partes,6,KILOGRAMO NETO,KN,true
87169040,Ruedas y sus partes,Ruedas y sus partes,6,KILOGRAMO NETO,KN,true
87169050,Carrocerías y sus partes,Carrocerías y sus partes,6,KILOGRAMO NETO,KN,true
87169090,Las demás,Las demás,6,KILOGRAMO NETO,KN,true
88010000,"Globos y dirigibles; planeadores, alas planeadoras y demás aeronaves, no propulsados con motor.","Globos y dirigibles; planeadores, alas planeadoras y demás aeronaves, no propulsados con motor.",10,UNIDAD,U,true
88021110,"Para pasajeros, con capacidad inferior o igual a 4 plazas","Para pasajeros, con capacidad inferior o igual a 4 plazas",10,UNIDAD,U,true
88021120,"Para pasajeros, con capacidad superior a 4 plazas","Para pasajeros, con capacidad superior a 4 plazas",10,UNIDAD,U,true
88021190,Los demás,Los demás,10,UNIDAD,U,true
88021210,"Para pasajeros, con capacidad inferior o igual a 8 plazas","Para pasajeros, con capacidad inferior o igual a 8 plazas",10,UNIDAD,U,true
88021220,"Para pasajeros, con capacidad superior a 8 plazas","Para pasajeros, con capacidad superior a 8 plazas",10,UNIDAD,U,true
88021290,Los demás,Los demás,10,UNIDAD,U,true
88022010,"Aviones para pasajeros, con capacidad inferior o igual a 4 plazas","Aviones para pasajeros, con capacidad inferior o igual a 4 plazas",10,UNIDAD,U,true
88022020,"Aviones para pasajeros, con capacidad superior a 4 plazas","Aviones para pasajeros, con capacidad superior a 4 plazas",10,UNIDAD,U,true
88022090,Los demás,Los demás,10,UNIDAD,U,true
88023010,"Aviones para pasajeros, con capacidad inferior o igual a 8 plazas","Aviones para pasajeros, con capacidad inferior o igual a 8 plazas",10,UNIDAD,U,true
88023020,"Aviones para pasajeros, con capacidad superior a 8 plazas","Aviones para pasajeros, con capacidad superior a 8 plazas",10,UNIDAD,U,true
88023090,Los demás,Los demás,10,UNIDAD,U,true
88024000,"Aviones y demás aeronaves, de peso en vacío superior a 15.000 kg","Aviones y demás aeronaves, de peso en vacío superior a 15.000 kg",10,UNIDAD,U,true
88026000,Vehículos espaciales (incluidos los satélites) y sus vehículos de lanzamiento y vehículos suborbital,Vehículos espaciales (incluidos los satélites) y sus vehículos de lanzamiento y vehículos suborbitales,10,UNIDAD,U,true
88031000,"Hélices y rotores, y sus partes","Hélices y rotores, y sus partes",6,KILOGRAMO NETO,KN,true
88032000,Trenes de aterrizaje y sus partes,Trenes de aterrizaje y sus partes,6,KILOGRAMO NETO,KN,true
88033010,Fuselajes para aviones y sus partes,Fuselajes para aviones y sus partes,6,KILOGRAMO NETO,KN,true
88033090,Las demás,Las demás,6,KILOGRAMO NETO,KN,true
88039000,Las demás,Las demás,6,KILOGRAMO NETO,KN,true
88040000,"Paracaídas, incluidos los dirigibles, planeadores (parapentes) o de aspas giratorias; sus partes y","Paracaídas, incluidos los dirigibles, planeadores (parapentes) o de aspas giratorias; sus partes y accesorios.",6,KILOGRAMO NETO,KN,true
88051000,Aparatos y dispositivos para lanzamiento de aeronaves y sus partes; aparatos y dispositivos para at,"Aparatos y dispositivos para lanzamiento de aeronaves y sus partes; aparatos y dispositivos para aterrizaje en portaaviones y aparatos y dispositivos similares, y sus partes",6,KILOGRAMO NETO,KN,true
88052100,Simuladores de combate aéreo y sus partes,Simuladores de combate aéreo y sus partes,6,KILOGRAMO NETO,KN,true
88052900,Los demás,Los demás,6,KILOGRAMO NETO,KN,true
89011010,De tonelaje bruto superior a 3.500 toneladas y/o 120 metros o más de eslora,De tonelaje bruto superior a 3.500 toneladas y/o 120 metros o más de eslora,10,UNIDAD,U,true
89011090,Los demás,Los demás,10,UNIDAD,U,true
89012011,Para productos químicos,Para productos químicos,10,UNIDAD,U,true
89012019,Los demás,Los demás,10,UNIDAD,U,true
89012090,Los demás,Los demás,10,UNIDAD,U,true
89013010,De tonelaje bruto superior a 3.500 toneladas y/o 120 metros o más de eslora,De tonelaje bruto superior a 3.500 toneladas y/o 120 metros o más de eslora,10,UNIDAD,U,true
89013090,Los demás,Los demás,10,UNIDAD,U,true
89019011,Barcos portacontenedores,Barcos portacontenedores,10,UNIDAD,U,true
89019012,Barcos graneleros,Barcos graneleros,10,UNIDAD,U,true
89019019,Los demás,Los demás,10,UNIDAD,U,true
89019091,Barcos portacontenedores,Barcos portacontenedores,10,UNIDAD,U,true
89019092,Barcos graneleros,Barcos graneleros,10,UNIDAD,U,true
89019099,Los demás,Los demás,10,UNIDAD,U,true
89020011,Con capacidad de bodega inferior o igual a 500 t,Con capacidad de bodega inferior o igual a 500 t,10,UNIDAD,U,true
89020012,Con capacidad de bodega superior a 500 t pero inferior o igual a 1.000 t,Con capacidad de bodega superior a 500 t pero inferior o igual a 1.000 t,10,UNIDAD,U,true
89020019,Los demás,Los demás,10,UNIDAD,U,true
89020091,"Barcos factoría, de tonelaje bruto superior a 3.500 toneladas y/o 120 metros o más de eslora","Barcos factoría, de tonelaje bruto superior a 3.500 toneladas y/o 120 metros o más de eslora",10,UNIDAD,U,true
89020092,"Los demás barcos, de tonelaje bruto superior a 3.500 toneladas y/o 120 metros o más de eslora","Los demás barcos, de tonelaje bruto superior a 3.500 toneladas y/o 120 metros o más de eslora",10,UNIDAD,U,true
89020099,Los demás,Los demás,10,UNIDAD,U,true
89031000,Embarcaciones inflables,Embarcaciones inflables,10,UNIDAD,U,true
89039100,"Barcos de vela, incluso con motor auxiliar","Barcos de vela, incluso con motor auxiliar",10,UNIDAD,U,true
89039210,Para recreo,Para recreo,10,UNIDAD,U,true
89039220,Para deporte,Para deporte,10,UNIDAD,U,true
89039910,Motos acuáticas,Motos acuáticas,10,UNIDAD,U,true
89039990,Los demás,Los demás,10,UNIDAD,U,true
89040010,Remolcadores de alta mar,Remolcadores de alta mar,10,UNIDAD,U,true
89040090,Los demás,Los demás,10,UNIDAD,U,true
89051000,Dragas,Dragas,10,UNIDAD,U,true
89052000,"Plataformas de perforación o explotación, flotantes o sumergibles","Plataformas de perforación o explotación, flotantes o sumergibles",10,UNIDAD,U,true
89059000,Los demás,Los demás,10,UNIDAD,U,true
89061000,Navíos de guerra,Navíos de guerra,10,UNIDAD,U,true
89069010,De tonelaje bruto superior a 3.500 toneladas y/o 120 metros o más de eslora,De tonelaje bruto superior a 3.500 toneladas y/o 120 metros o más de eslora,10,UNIDAD,U,true
89069090,Los demás,Los demás,10,UNIDAD,U,true
89071000,Balsas inflables,Balsas inflables,10,UNIDAD,U,true
89079000,Los demás,Los demás,10,UNIDAD,U,true
89080000,Barcos y demás artefactos flotantes para desguace.,Barcos y demás artefactos flotantes para desguace.,10,UNIDAD,U,true
90011000,"Fibras ópticas, haces y cables de fibras ópticas","Fibras ópticas, haces y cables de fibras ópticas",6,KILOGRAMO NETO,KN,true
90012000,Hojas y placas de materia polarizante,Hojas y placas de materia polarizante,6,KILOGRAMO NETO,KN,true
90013000,Lentes de contacto,Lentes de contacto,10,UNIDAD,U,true
90014000,Lentes de vidrio para gafas (anteojos),Lentes de vidrio para gafas (anteojos),10,UNIDAD,U,true
90015000,Lentes de otras materias para gafas (anteojos),Lentes de otras materias para gafas (anteojos),10,UNIDAD,U,true
90019000,Los demás,Los demás,6,KILOGRAMO NETO,KN,true
90021100,"Para cámaras, proyectores o aparatos fotográficos o cinematográficos de ampliación o reducción","Para cámaras, proyectores o aparatos fotográficos o cinematográficos de ampliación o reducción",6,KILOGRAMO NETO,KN,true
90021900,Los demás,Los demás,6,KILOGRAMO NETO,KN,true
90022000,Filtros,Filtros,6,KILOGRAMO NETO,KN,true
90029000,Los demás,Los demás,6,KILOGRAMO NETO,KN,true
90031100,De plástico,De plástico,10,UNIDAD,U,true
90031910,De metales preciosos o de chapados de metal precioso,De metales preciosos o de chapados de metal precioso,10,UNIDAD,U,true
90031920,De metales comunes,De metales comunes,10,UNIDAD,U,true
90031990,Los demás,Los demás,10,UNIDAD,U,true
90039000,Partes,Partes,6,KILOGRAMO NETO,KN,true
90041010,Con cristales trabajados ópticamente,Con cristales trabajados ópticamente,10,UNIDAD,U,true
90041020,Con cristales plásticos,Con cristales plásticos,10,UNIDAD,U,true
90041090,Las demás,Las demás,10,UNIDAD,U,true
90049010,Protectoras para el trabajo,Protectoras para el trabajo,10,UNIDAD,U,true
90049080,Las demás gafas y artículos similares,Las demás gafas y artículos similares,10,UNIDAD,U,true
90049090,Partes,Partes,10,UNIDAD,U,true
90051000,Binoculares (incluidos los prismáticos),Binoculares (incluidos los prismáticos),10,UNIDAD,U,true
90058000,Los demás instrumentos,Los demás instrumentos,10,UNIDAD,U,true
90059000,Partes y accesorios (incluidas las armazones),Partes y accesorios (incluidas las armazones),6,KILOGRAMO NETO,KN,true
90061000,Cámaras fotográficas de los tipos utilizados para preparar clisés o cilindros de imprenta,Cámaras fotográficas de los tipos utilizados para preparar clisés o cilindros de imprenta,10,UNIDAD,U,true
90063000,"Cámaras especiales para fotografía submarina o aérea, examen médico de órganos internos o para labo","Cámaras especiales para fotografía submarina o aérea, examen médico de órganos internos o para laboratorios de medicina legal o identificación judicial",10,UNIDAD,U,true
90064000,Cámaras fotográficas de autorrevelado,Cámaras fotográficas de autorrevelado,10,UNIDAD,U,true
90065100,"Con visor de reflexión a través del objetivo, para películas en rollo de anchura inferior o igual a","Con visor de reflexión a través del objetivo, para películas en rollo de anchura inferior o igual a 35 mm",10,UNIDAD,U,true
90065200,"Las demás, para películas en rollo de anchura inferior a 35 mm","Las demás, para películas en rollo de anchura inferior a 35 mm",10,UNIDAD,U,true
90065310,Aparatos fotográficos desechables,Aparatos fotográficos desechables,10,UNIDAD,U,true
90065390,Las demás,Las demás,10,UNIDAD,U,true
90065900,Las demás,Las demás,10,UNIDAD,U,true
90066100,Aparatos de tubo de descarga para producir destellos (flashes electrónicos),Aparatos de tubo de descarga para producir destellos (flashes electrónicos),10,UNIDAD,U,true
90066900,Los demás,Los demás,10,UNIDAD,U,true
90069100,De cámaras fotográficas,De cámaras fotográficas,6,KILOGRAMO NETO,KN,true
90069900,Los demás,Los demás,6,KILOGRAMO NETO,KN,true
90071100,Para película cinematográfica (filme) de anchura inferior a 16 mm o para la doble-8 mm,Para película cinematográfica (filme) de anchura inferior a 16 mm o para la doble-8 mm,10,UNIDAD,U,true
90071910,Cámaras giroestabilizadas,Cámaras giroestabilizadas,10,UNIDAD,U,true
90071990,Las demás,Las demás,10,UNIDAD,U,true
90072000,Proyectores,Proyectores,10,UNIDAD,U,true
90079100,De cámaras,De cámaras,6,KILOGRAMO NETO,KN,true
90079200,De proyectores,De proyectores,6,KILOGRAMO NETO,KN,true
90081000,Proyectores de diapositivas,Proyectores de diapositivas,10,UNIDAD,U,true
90082000,"Lectores de microfilmes, microfichas u otros microformatos, incluso copiadores","Lectores de microfilmes, microfichas u otros microformatos, incluso copiadores",10,UNIDAD,U,true
90083000,Los demás proyectores de imagen fija,Los demás proyectores de imagen fija,10,UNIDAD,U,true
90084000,"Ampliadoras o reductoras, fotográficas","Ampliadoras o reductoras, fotográficas",10,UNIDAD,U,true
90089000,Partes y accesorios,Partes y accesorios,6,KILOGRAMO NETO,KN,true
90101000,"Aparatos y material para revelado automático de película fotográfica, película cinematográfica (film","Aparatos y material para revelado automático de película fotográfica, película cinematográfica (filme) o papel fotográfico en rollo o para impresión automática de películas reveladas en rollos de p",10,UNIDAD,U,true
90105000,Los demás aparatos y material para laboratorios fotográficos o cinematográficos; negatoscopios,Los demás aparatos y material para laboratorios fotográficos o cinematográficos; negatoscopios,10,UNIDAD,U,true
90106000,Pantallas de proyección,Pantallas de proyección,10,UNIDAD,U,true
90109000,Partes y accesorios,Partes y accesorios,6,KILOGRAMO NETO,KN,true
90111000,Microscopios estereoscópicos,Microscopios estereoscópicos,10,UNIDAD,U,true
90112000,"Los demás microscopios para fotomicrografía, cinefotomicrografía o microproyección","Los demás microscopios para fotomicrografía, cinefotomicrografía o microproyección",10,UNIDAD,U,true
90118000,Los demás microscopios,Los demás microscopios,10,UNIDAD,U,true
90119000,Partes y accesorios,Partes y accesorios,6,KILOGRAMO NETO,KN,true
90121000,"Microscopios, excepto los ópticos; difractógrafos","Microscopios, excepto los ópticos; difractógrafos",10,UNIDAD,U,true
90129000,Partes y accesorios,Partes y accesorios,6,KILOGRAMO NETO,KN,true
90131000,"Miras telescópicas para armas; periscopios; visores para máquinas, aparatos o instrumentos de este C","Miras telescópicas para armas; periscopios; visores para máquinas, aparatos o instrumentos de este Capítulo o de la Sección XVI",10,UNIDAD,U,true
90132000,"Láseres, excepto los diodos láser","Láseres, excepto los diodos láser",10,UNIDAD,U,true
90138000,"Los demás dispositivos, aparatos e instrumentos","Los demás dispositivos, aparatos e instrumentos",10,UNIDAD,U,true
90139000,Partes y accesorios,Partes y accesorios,6,KILOGRAMO NETO,KN,true
90141000,"Brújulas, incluidos los compases de navegación","Brújulas, incluidos los compases de navegación",10,UNIDAD,U,true
90142000,Instrumentos y aparatos para navegación aérea o espacial (excepto las brújulas),Instrumentos y aparatos para navegación aérea o espacial (excepto las brújulas),10,UNIDAD,U,true
90148000,Los demás instrumentos y aparatos,Los demás instrumentos y aparatos,10,UNIDAD,U,true
90149000,Partes y accesorios,Partes y accesorios,6,KILOGRAMO NETO,KN,true
90151000,Telémetros,Telémetros,10,UNIDAD,U,true
90152000,Teodolitos y taquímetros,Teodolitos y taquímetros,10,UNIDAD,U,true
90153000,Niveles,Niveles,10,UNIDAD,U,true
90154000,Instrumentos y aparatos de fotogrametría,Instrumentos y aparatos de fotogrametría,6,KILOGRAMO NETO,KN,true
90158000,Los demás instrumentos y aparatos,Los demás instrumentos y aparatos,10,UNIDAD,U,true
90159000,Partes y accesorios,Partes y accesorios,6,KILOGRAMO NETO,KN,true
90160000,"Balanzas sensibles a un peso inferior o igual a 5 cg, incluso con pesas.","Balanzas sensibles a un peso inferior o igual a 5 cg, incluso con pesas.",6,KILOGRAMO NETO,KN,true
90171000,"Mesas y máquinas de dibujar, incluso automáticas","Mesas y máquinas de dibujar, incluso automáticas",10,UNIDAD,U,true
90172000,"Los demás instrumentos de dibujo, trazado o cálculo","Los demás instrumentos de dibujo, trazado o cálculo",10,UNIDAD,U,true
90173000,"Micrómetros, pies de rey, calibradores y galgas","Micrómetros, pies de rey, calibradores y galgas",10,UNIDAD,U,true
90178000,Los demás instrumentos,Los demás instrumentos,10,UNIDAD,U,true
90179000,Partes y accesorios,Partes y accesorios,6,KILOGRAMO NETO,KN,true
90181110,Electrocardiógrafos,Electrocardiógrafos,10,UNIDAD,U,true
90181191,Estructuras de circuitos impresos,Estructuras de circuitos impresos,10,UNIDAD,U,true
90181199,Los demás,Los demás,10,UNIDAD,U,true
90181200,Aparatos de diagnóstico por exploración ultrasónica,Aparatos de diagnóstico por exploración ultrasónica,10,UNIDAD,U,true
90181300,Aparatos de diagnóstico de visualización por resonancia magnética,Aparatos de diagnóstico de visualización por resonancia magnética,10,UNIDAD,U,true
90181400,Aparatos de centellografía,Aparatos de centellografía,10,UNIDAD,U,true
90181910,Sistema de monitoreo de pacientes,Sistema de monitoreo de pacientes,10,UNIDAD,U,true
90181990,Los demás,Los demás,10,UNIDAD,U,true
90182000,Aparatos de rayos ultravioletas o infrarrojos,Aparatos de rayos ultravioletas o infrarrojos,6,KILOGRAMO NETO,KN,true
90183110,"De plástico, desechables","De plástico, desechables",10,UNIDAD,U,true
90183120,"Las demás, de plástico","Las demás, de plástico",10,UNIDAD,U,true
90183190,Las demás,Las demás,10,UNIDAD,U,true
90183200,Agujas tubulares de metal y agujas de sutura,Agujas tubulares de metal y agujas de sutura,6,KILOGRAMO NETO,KN,true
90183910,Catéteres,Catéteres,10,UNIDAD,U,true
90183920,Bolsas recolectoras de sangre,Bolsas recolectoras de sangre,10,UNIDAD,U,true
90183930,Sondas,Sondas,10,UNIDAD,U,true
90183990,Los demás,Los demás,10,UNIDAD,U,true
90184100,"Tornos dentales, incluso combinados con otros equipos dentales sobre basamento común","Tornos dentales, incluso combinados con otros equipos dentales sobre basamento común",6,KILOGRAMO NETO,KN,true
90184900,Los demás,Los demás,10,UNIDAD,U,true
90185000,Los demás instrumentos y aparatos de oftalmología,Los demás instrumentos y aparatos de oftalmología,6,KILOGRAMO NETO,KN,true
90189010,Desfibriladores,Desfibriladores,10,UNIDAD,U,true
90189020,Incubadoras,Incubadoras,10,UNIDAD,U,true
90189030,Monitores cardíacos,Monitores cardíacos,10,UNIDAD,U,true
90189040,Aparatos para diálisis,Aparatos para diálisis,10,UNIDAD,U,true
90189050,Aparatos para anestesia,Aparatos para anestesia,10,UNIDAD,U,true
90189080,Los demás instrumentos y aparatos,Los demás instrumentos y aparatos,10,UNIDAD,U,true
90189090,Partes y accesorios,Partes y accesorios,10,UNIDAD,U,true
90191000,Aparatos de mecanoterapia; aparatos para masajes; aparatos de sicotecnia,Aparatos de mecanoterapia; aparatos para masajes; aparatos de sicotecnia,6,KILOGRAMO NETO,KN,true
90192010,Nebulizadores,Nebulizadores,6,KILOGRAMO NETO,KN,true
90192090,Los demás,Los demás,6,KILOGRAMO NETO,KN,true
90200011,Autónomos,Autónomos,6,KILOGRAMO NETO,KN,true
90200012,Con fuente de aire comprimido exterior,Con fuente de aire comprimido exterior,6,KILOGRAMO NETO,KN,true
90200019,Los demás,Los demás,6,KILOGRAMO NETO,KN,true
90200021,"Con dispositivo para la visión, armadura metálica con válvulas","Con dispositivo para la visión, armadura metálica con válvulas",6,KILOGRAMO NETO,KN,true
90200022,Para la protección de la boca y nariz solamente,Para la protección de la boca y nariz solamente,6,KILOGRAMO NETO,KN,true
90200029,Las demás,Las demás,6,KILOGRAMO NETO,KN,true
90200090,Partes,Partes,6,KILOGRAMO NETO,KN,true
90211000,Artículos y aparatos de ortopedia o para fracturas,Artículos y aparatos de ortopedia o para fracturas,6,KILOGRAMO NETO,KN,true
90212100,Dientes artificiales,Dientes artificiales,6,KILOGRAMO NETO,KN,true
90212900,Los demás,Los demás,6,KILOGRAMO NETO,KN,true
90213100,Prótesis articulares,Prótesis articulares,6,KILOGRAMO NETO,KN,true
90213900,Los demás,Los demás,6,KILOGRAMO NETO,KN,true
90214000,"Audífonos, excepto sus partes y accesorios","Audífonos, excepto sus partes y accesorios",10,UNIDAD,U,true
90215000,"Estimuladores cardíacos, excepto sus partes y accesorios","Estimuladores cardíacos, excepto sus partes y accesorios",10,UNIDAD,U,true
90219000,Los demás,Los demás,6,KILOGRAMO NETO,KN,true
90221200,Aparatos de tomografía regidos por una máquina automática de tratamiento o procesamiento de datos,Aparatos de tomografía regidos por una máquina automática de tratamiento o procesamiento de datos,10,UNIDAD,U,true
90221300,"Los demás, para uso odontológico","Los demás, para uso odontológico",10,UNIDAD,U,true
90221410,Para uso médico o quirúrgico,Para uso médico o quirúrgico,10,UNIDAD,U,true
90221490,Los demás,Los demás,10,UNIDAD,U,true
90221900,Para otros usos,Para otros usos,10,UNIDAD,U,true
90222100,"Para uso médico, quirúrgico, odontológico o veterinario","Para uso médico, quirúrgico, odontológico o veterinario",10,UNIDAD,U,true
90222900,Para otros usos,Para otros usos,10,UNIDAD,U,true
90223000,Tubos de rayos X,Tubos de rayos X,10,UNIDAD,U,true
90229010,Unidades generadoras de radiación,Unidades generadoras de radiación,6,KILOGRAMO NETO,KN,true
90229020,Cañones para emisión de radiación,Cañones para emisión de radiación,6,KILOGRAMO NETO,KN,true
90229090,Los demás,Los demás,6,KILOGRAMO NETO,KN,true
90230000,"Instrumentos, aparatos y modelos concebidos para demostraciones (por ejemplo: en la enseñanza o expo","Instrumentos, aparatos y modelos concebidos para demostraciones (por ejemplo: en la enseñanza o exposiciones), no susceptibles de otros usos.",6,KILOGRAMO NETO,KN,true
90241000,Máquinas y aparatos para ensayo de metal,Máquinas y aparatos para ensayo de metal,10,UNIDAD,U,true
90248000,Las demás máquinas y aparatos,Las demás máquinas y aparatos,10,UNIDAD,U,true
90249000,Partes y accesorios,Partes y accesorios,6,KILOGRAMO NETO,KN,true
90251100,"De líquido, con lectura directa","De líquido, con lectura directa",10,UNIDAD,U,true
90251900,Los demás,Los demás,10,UNIDAD,U,true
90258000,Los demás instrumentos,Los demás instrumentos,10,UNIDAD,U,true
90259000,Partes y accesorios,Partes y accesorios,6,KILOGRAMO NETO,KN,true
90261010,Caudalímetros electrónicos,Caudalímetros electrónicos,10,UNIDAD,U,true
90261090,Los demás,Los demás,10,UNIDAD,U,true
90262010,Manómetros,Manómetros,10,UNIDAD,U,true
90262090,Los demás,Los demás,10,UNIDAD,U,true
90268000,Los demás instrumentos y aparatos,Los demás instrumentos y aparatos,10,UNIDAD,U,true
90269000,Partes y accesorios,Partes y accesorios,6,KILOGRAMO NETO,KN,true
90271010,Electrónicos,Electrónicos,10,UNIDAD,U,true
90271090,Los demás,Los demás,10,UNIDAD,U,true
90272000,Cromatógrafos e instrumentos de electroforesis,Cromatógrafos e instrumentos de electroforesis,10,UNIDAD,U,true
90273000,"Espectrómetros, espectrofotómetros y espectrógrafos que utilicen radiaciones ópticas (UV, visibles,","Espectrómetros, espectrofotómetros y espectrógrafos que utilicen radiaciones ópticas (UV, visibles, IR)",10,UNIDAD,U,true
90275000,"Los demás instrumentos y aparatos que utilicen radiaciones ópticas (UV, visibles, IR)","Los demás instrumentos y aparatos que utilicen radiaciones ópticas (UV, visibles, IR)",10,UNIDAD,U,true
90278010,Instrumentos nucleares de resonancia magnética,Instrumentos nucleares de resonancia magnética,10,UNIDAD,U,true
90278090,Los demás,Los demás,10,UNIDAD,U,true
90279000,Micrótomos; partes y accesorios,Micrótomos; partes y accesorios,6,KILOGRAMO NETO,KN,true
90281010,Contadores de gas licuado,Contadores de gas licuado,10,UNIDAD,U,true
90281020,Contadores de gas natural,Contadores de gas natural,10,UNIDAD,U,true
90281090,Los demás,Los demás,10,UNIDAD,U,true
90282010,De agua,De agua,10,UNIDAD,U,true
90282090,Los demás,Los demás,10,UNIDAD,U,true
90283010,Monofásicos,Monofásicos,10,UNIDAD,U,true
90283090,Los demás,Los demás,10,UNIDAD,U,true
90289000,Partes y accesorios,Partes y accesorios,6,KILOGRAMO NETO,KN,true
90291000,"Cuentarrevoluciones, contadores de producción, taxímetros, cuentakilómetros, podómetros y contadore","Cuentarrevoluciones, contadores de producción, taxímetros, cuentakilómetros, podómetros y contadores similares",10,UNIDAD,U,true
90292000,Velocímetros y tacómetros; estroboscopios,Velocímetros y tacómetros; estroboscopios,10,UNIDAD,U,true
90299000,Partes y accesorios,Partes y accesorios,6,KILOGRAMO NETO,KN,true
90301000,Instrumentos y aparatos para medida o detección de radiaciones ionizantes,Instrumentos y aparatos para medida o detección de radiaciones ionizantes,10,UNIDAD,U,true
90302000,Osciloscopios y oscilógrafos,Osciloscopios y oscilógrafos,10,UNIDAD,U,true
90303100,"Multímetros, sin dispositivo registrador","Multímetros, sin dispositivo registrador",10,UNIDAD,U,true
90303200,"Multímetros, con dispositivo registrador","Multímetros, con dispositivo registrador",10,UNIDAD,U,true
90303300,"Los demás, sin dispositivo registrador","Los demás, sin dispositivo registrador",10,UNIDAD,U,true
90303900,"Los demás, con dispositivo registrador","Los demás, con dispositivo registrador",10,UNIDAD,U,true
90304000,"Los demás instrumentos y aparatos, especialmente concebidos para técnicas de telecomunicación (por e","Los demás instrumentos y aparatos, especialmente concebidos para técnicas de telecomunicación (por ejemplo: hipsómetros, kerdómetros, distorsiómetros, ejemplo: hipsómetros, kerdómetros, distorsiómet",10,UNIDAD,U,true
90308200,"Para medida o control de obleas («wafers») o dispositivos, semiconductores","Para medida o control de obleas («wafers») o dispositivos, semiconductores",10,UNIDAD,U,true
90308400,"Los demás, con dispositivo registrador","Los demás, con dispositivo registrador",10,UNIDAD,U,true
90308900,Los demás,Los demás,10,UNIDAD,U,true
90309000,Partes y accesorios,Partes y accesorios,6,KILOGRAMO NETO,KN,true
90311000,Máquinas para equilibrar piezas mecánicas,Máquinas para equilibrar piezas mecánicas,10,UNIDAD,U,true
90312000,Bancos de pruebas,Bancos de pruebas,10,UNIDAD,U,true
90314100,"Para control de obleas («wafers») o dispositivos, semiconductores, o para control de máscaras o ret","Para control de obleas («wafers») o dispositivos, semiconductores, o para control de máscaras o retículas utilizadas en la fabricación de dispositivos semiconductores",10,UNIDAD,U,true
90314910,Instrumentos de medición de coordenadas,Instrumentos de medición de coordenadas,10,UNIDAD,U,true
90314990,Los demás,Los demás,10,UNIDAD,U,true
90318000,"Los demás instrumentos, aparatos y máquinas","Los demás instrumentos, aparatos y máquinas",10,UNIDAD,U,true
90319000,Partes y accesorios,Partes y accesorios,6,KILOGRAMO NETO,KN,true
90321000,Termostatos,Termostatos,10,UNIDAD,U,true
90322000,Manostatos (presostatos),Manostatos (presostatos),10,UNIDAD,U,true
90328100,Hidráulicos o neumáticos,Hidráulicos o neumáticos,10,UNIDAD,U,true
90328900,Los demás,Los demás,10,UNIDAD,U,true
90329000,Partes y accesorios,Partes y accesorios,6,KILOGRAMO NETO,KN,true
90330000,"Partes y accesorios, no expresados ni comprendidos en otra parte de este Capítulo, para máquinas, ap","Partes y accesorios, no expresados ni comprendidos en otra parte de este Capítulo, para máquinas, aparatos, instrumentos o artículos del Capítulo 90.",6,KILOGRAMO NETO,KN,true
91011100,Con indicador mecánico solamente,Con indicador mecánico solamente,10,UNIDAD,U,true
91011900,Los demás,Los demás,10,UNIDAD,U,true
91012100,Automáticos,Automáticos,10,UNIDAD,U,true
91012900,Los demás,Los demás,10,UNIDAD,U,true
91019100,Eléctricos,Eléctricos,10,UNIDAD,U,true
91019900,Los demás,Los demás,10,UNIDAD,U,true
91021100,Con indicador mecánico solamente,Con indicador mecánico solamente,10,UNIDAD,U,true
91021200,Con indicador optoelectrónico solamente,Con indicador optoelectrónico solamente,10,UNIDAD,U,true
91021900,Los demás,Los demás,10,UNIDAD,U,true
91022100,Automáticos,Automáticos,10,UNIDAD,U,true
91022900,Los demás,Los demás,10,UNIDAD,U,true
91029100,Eléctricos,Eléctricos,10,UNIDAD,U,true
91029900,Los demás,Los demás,10,UNIDAD,U,true
91031000,Eléctricos,Eléctricos,10,UNIDAD,U,true
91039000,Los demás,Los demás,10,UNIDAD,U,true
91040000,"Relojes de tablero de instrumentos y relojes similares, para automóviles, aeronaves, barcos o demás","Relojes de tablero de instrumentos y relojes similares, para automóviles, aeronaves, barcos o demás vehículos.",10,UNIDAD,U,true
91051100,Eléctricos,Eléctricos,10,UNIDAD,U,true
91051900,Los demás,Los demás,10,UNIDAD,U,true
91052100,Eléctricos,Eléctricos,10,UNIDAD,U,true
91052900,Los demás,Los demás,10,UNIDAD,U,true
91059100,Eléctricos,Eléctricos,10,UNIDAD,U,true
91059900,Los demás,Los demás,10,UNIDAD,U,true
91061000,Registradores de asistencia; registradores fechadores y registradores contadores,Registradores de asistencia; registradores fechadores y registradores contadores,10,UNIDAD,U,true
91069000,Los demás,Los demás,10,UNIDAD,U,true
91070000,"Interruptores horarios y demás aparatos que permitan accionar un dispositivo en un momento dado, con","Interruptores horarios y demás aparatos que permitan accionar un dispositivo en un momento dado, con mecanismo de relojería o motor sincrónico.",10,UNIDAD,U,true
91081100,Con indicador mecánico solamente o con dispositivo que permita incorporarlo,Con indicador mecánico solamente o con dispositivo que permita incorporarlo,10,UNIDAD,U,true
91081200,Con indicador optoelectrónico solamente,Con indicador optoelectrónico solamente,10,UNIDAD,U,true
91081900,Los demás,Los demás,10,UNIDAD,U,true
91082000,Automáticos,Automáticos,10,UNIDAD,U,true
91089000,Los demás,Los demás,10,UNIDAD,U,true
91091100,De despertadores,De despertadores,10,UNIDAD,U,true
91091900,Los demás,Los demás,10,UNIDAD,U,true
91099000,Los demás,Los demás,10,UNIDAD,U,true
91101100,"Mecanismos completos, sin montar o parcialmente montados («chablons»)","Mecanismos completos, sin montar o parcialmente montados («chablons»)",10,UNIDAD,U,true
91101200,"Mecanismos incompletos, montados","Mecanismos incompletos, montados",6,KILOGRAMO NETO,KN,true
91101900,Mecanismos «en blanco» («ébauches»),Mecanismos «en blanco» («ébauches»),6,KILOGRAMO NETO,KN,true
91109000,Los demás,Los demás,6,KILOGRAMO NETO,KN,true
91111000,Cajas de metal precioso o chapado de metal precioso (plaqué),Cajas de metal precioso o chapado de metal precioso (plaqué),10,UNIDAD,U,true
91112000,"Cajas de metal común, incluso dorado o plateado","Cajas de metal común, incluso dorado o plateado",10,UNIDAD,U,true
91118000,Las demás cajas,Las demás cajas,10,UNIDAD,U,true
91119000,Partes,Partes,6,KILOGRAMO NETO,KN,true
91122000,Cajas y envolturas similares,Cajas y envolturas similares,10,UNIDAD,U,true
91129000,Partes,Partes,6,KILOGRAMO NETO,KN,true
91131000,De metal precioso o chapado de metal precioso (plaqué),De metal precioso o chapado de metal precioso (plaqué),6,KILOGRAMO NETO,KN,true
91132000,"De metal común, incluso dorado o plateado","De metal común, incluso dorado o plateado",6,KILOGRAMO NETO,KN,true
91139000,Las demás,Las demás,6,KILOGRAMO NETO,KN,true
91141000,"Muelles (resortes), incluidas las espirales","Muelles (resortes), incluidas las espirales",6,KILOGRAMO NETO,KN,true
91142000,Piedras,Piedras,6,KILOGRAMO NETO,KN,true
91143000,Esferas o cuadrantes,Esferas o cuadrantes,6,KILOGRAMO NETO,KN,true
91144000,Platinas y puente,Platinas y puente,6,KILOGRAMO NETO,KN,true
91149000,Las demás,Las demás,6,KILOGRAMO NETO,KN,true
92011000,Pianos verticales,Pianos verticales,10,UNIDAD,U,true
92012000,Pianos de cola,Pianos de cola,10,UNIDAD,U,true
92019000,Los demás,Los demás,10,UNIDAD,U,true
92021000,De arco,De arco,10,UNIDAD,U,true
92029000,Los demás,Los demás,10,UNIDAD,U,true
92051000,Instrumentos llamados «metales»,Instrumentos llamados «metales»,10,UNIDAD,U,true
92059000,Los demás,Los demás,10,UNIDAD,U,true
92060000,"Instrumentos musicales de percusión (por ejemplo: tambores, cajas, xilófonos, platillos, castañuelas","Instrumentos musicales de percusión (por ejemplo: tambores, cajas, xilófonos, platillos, castañuelas, maracas).",10,UNIDAD,U,true
92071000,"Instrumentos de teclado, excepto los acordeones","Instrumentos de teclado, excepto los acordeones",10,UNIDAD,U,true
92079000,Los demás,Los demás,10,UNIDAD,U,true
92081000,Cajas de música,Cajas de música,10,UNIDAD,U,true
92089000,Los demás,Los demás,10,UNIDAD,U,true
92093000,Cuerdas armónicas,Cuerdas armónicas,6,KILOGRAMO NETO,KN,true
92099100,Partes y accesorios de pianos,Partes y accesorios de pianos,6,KILOGRAMO NETO,KN,true
92099200,Partes y accesorios de instrumentos musicales de la partida 92.02,Partes y accesorios de instrumentos musicales de la partida 92.02,6,KILOGRAMO NETO,KN,true
92099400,Partes y accesorios de instrumentos musicales de la partida 92.07,Partes y accesorios de instrumentos musicales de la partida 92.07,6,KILOGRAMO NETO,KN,true
92099900,Los demás,Los demás,6,KILOGRAMO NETO,KN,true
93011100,Autopropulsadas,Autopropulsadas,10,UNIDAD,U,true
93011900,Las demás,Las demás,10,UNIDAD,U,true
93012000,Lanzacohetes; lanzallamas; lanzagranadas; lanzatorpedos,Lanzacohetes; lanzallamas; lanzagranadas; lanzatorpedos,10,UNIDAD,U,true
93019000,Las demás,Las demás,10,UNIDAD,U,true
93020000,"Revólveres y pistolas, excepto los de las partidas 93.03 ó 93.04.","Revólveres y pistolas, excepto los de las partidas 93.03 ó 93.04.",10,UNIDAD,U,true
93031000,Armas de avancarga,Armas de avancarga,10,UNIDAD,U,true
93032000,"Las demás armas largas de caza o tiro deportivo que tengan, por lo menos, un cañón de ánima lisa","Las demás armas largas de caza o tiro deportivo que tengan, por lo menos, un cañón de ánima lisa",10,UNIDAD,U,true
93033000,Las demás armas largas de caza o tiro deportivo,Las demás armas largas de caza o tiro deportivo,10,UNIDAD,U,true
93039000,Las demás,Las demás,10,UNIDAD,U,true
93040000,"Las demás armas (por ejemplo: armas largas y pistolas de muelle (resorte), aire comprimido o gas, po","Las demás armas (por ejemplo: armas largas y pistolas de muelle (resorte), aire comprimido o gas, porras), excepto las de la partida 93.07.",10,UNIDAD,U,true
93051000,De revólveres o pistolas,De revólveres o pistolas,6,KILOGRAMO NETO,KN,true
93052100,Cañones de ánima lisa,Cañones de ánima lisa,6,KILOGRAMO NETO,KN,true
93052900,Los demás,Los demás,6,KILOGRAMO NETO,KN,true
93059100,De armas de guerra de la partida 93.01,De armas de guerra de la partida 93.01,6,KILOGRAMO NETO,KN,true
93059900,Los demás,Los demás,6,KILOGRAMO NETO,KN,true
93062110,Partes,Partes,6,KILOGRAMO NETO,KN,true
93062190,Los demás,Los demás,6,KILOGRAMO NETO,KN,true
93062900,Los demás,Los demás,6,KILOGRAMO NETO,KN,true
93063010,"Cartuchos para pistolas de matarife, y sus partes","Cartuchos para pistolas de matarife, y sus partes",6,KILOGRAMO NETO,KN,true
93063090,Los demás,Los demás,6,KILOGRAMO NETO,KN,true
93069010,Para armas de guerra,Para armas de guerra,6,KILOGRAMO NETO,KN,true
93069090,Los demás,Los demás,6,KILOGRAMO NETO,KN,true
93070000,"Sables, espadas, bayonetas, lanzas y demás armas blancas, sus partes y fundas.","Sables, espadas, bayonetas, lanzas y demás armas blancas, sus partes y fundas.",6,KILOGRAMO NETO,KN,true
94011000,Asientos de los tipos utilizados en aeronaves,Asientos de los tipos utilizados en aeronaves,10,UNIDAD,U,true
94012000,Asientos de los tipos utilizados en vehículos automóviles,Asientos de los tipos utilizados en vehículos automóviles,10,UNIDAD,U,true
94013000,Asientos giratorios de altura ajustable,Asientos giratorios de altura ajustable,10,UNIDAD,U,true
94014000,"Asientos transformables en cama, excepto el material de acampar o de jardín","Asientos transformables en cama, excepto el material de acampar o de jardín",10,UNIDAD,U,true
94015100,De bambú o roten (ratan)*,De bambú o roten (ratan)*,10,UNIDAD,U,true
94015900,Los demás,Los demás,10,UNIDAD,U,true
94016110,Sillas,Sillas,10,UNIDAD,U,true
94016120,Sillones,Sillones,10,UNIDAD,U,true
94016130,Sofás,Sofás,10,UNIDAD,U,true
94016190,Los demás,Los demás,10,UNIDAD,U,true
94016910,Sillas,Sillas,10,UNIDAD,U,true
94016920,Sillones,Sillones,10,UNIDAD,U,true
94016930,Sofás,Sofás,10,UNIDAD,U,true
94016990,Los demás,Los demás,10,UNIDAD,U,true
94017110,Sillas,Sillas,10,UNIDAD,U,true
94017120,Sillones,Sillones,10,UNIDAD,U,true
94017130,Sofás,Sofás,10,UNIDAD,U,true
94017190,Los demás,Los demás,10,UNIDAD,U,true
94017910,Sillas,Sillas,10,UNIDAD,U,true
94017920,Sillones,Sillones,10,UNIDAD,U,true
94017930,Sofás,Sofás,10,UNIDAD,U,true
94017990,Los demás,Los demás,10,UNIDAD,U,true
94018010,Sillas,Sillas,10,UNIDAD,U,true
94018020,Sillones,Sillones,10,UNIDAD,U,true
94018030,Sofás,Sofás,10,UNIDAD,U,true
94018090,Los demás,Los demás,10,UNIDAD,U,true
94019010,Para asientos con armazón de madera,Para asientos con armazón de madera,6,KILOGRAMO NETO,KN,true
94019020,Para asientos con armazón de metal,Para asientos con armazón de metal,6,KILOGRAMO NETO,KN,true
94019090,Las demás,Las demás,6,KILOGRAMO NETO,KN,true
94021010,Sillones de dentista,Sillones de dentista,6,KILOGRAMO NETO,KN,true
94021020,Sillones de peluquería y similares,Sillones de peluquería y similares,6,KILOGRAMO NETO,KN,true
94021090,Partes,Partes,6,KILOGRAMO NETO,KN,true
94029010,Mobiliario médico-quirúrgico,Mobiliario médico-quirúrgico,6,KILOGRAMO NETO,KN,true
94029080,Los demás,Los demás,6,KILOGRAMO NETO,KN,true
94029090,Partes,Partes,6,KILOGRAMO NETO,KN,true
94031000,Muebles de metal de los tipos utilizados en oficinas,Muebles de metal de los tipos utilizados en oficinas,6,KILOGRAMO NETO,KN,true
94032010,Mesas,Mesas,6,KILOGRAMO NETO,KN,true
94032020,Estanterías,Estanterías,6,KILOGRAMO NETO,KN,true
94032030,Camas,Camas,6,KILOGRAMO NETO,KN,true
94032090,Los demás,Los demás,6,KILOGRAMO NETO,KN,true
94033010,Escritorios,Escritorios,10,UNIDAD,U,true
94033020,Estanterías,Estanterías,10,UNIDAD,U,true
94033030,Estaciones para trabajo,Estaciones para trabajo,10,UNIDAD,U,true
94033090,Los demás,Los demás,10,UNIDAD,U,true
94034000,Muebles de madera de los tipos utilizados en cocinas,Muebles de madera de los tipos utilizados en cocinas,10,UNIDAD,U,true
94035010,Camas,Camas,10,UNIDAD,U,true
94035020,Veladores,Veladores,10,UNIDAD,U,true
94035030,Cómodas,Cómodas,10,UNIDAD,U,true
94035040,Roperos,Roperos,10,UNIDAD,U,true
94035090,Los demás,Los demás,10,UNIDAD,U,true
94036010,Mesas para comedor,Mesas para comedor,10,UNIDAD,U,true
94036020,Vitrinas,Vitrinas,10,UNIDAD,U,true
94036030,Estantes,Estantes,10,UNIDAD,U,true
94036090,Los demás,Los demás,10,UNIDAD,U,true
94037010,Mesas,Mesas,6,KILOGRAMO NETO,KN,true
94037020,Estantes,Estantes,6,KILOGRAMO NETO,KN,true
94037090,Los demás,Los demás,6,KILOGRAMO NETO,KN,true
94038100,De bambú o roten (ratan)*,De bambú o roten (ratan)*,6,KILOGRAMO NETO,KN,true
94038900,Los demás,Los demás,6,KILOGRAMO NETO,KN,true
94039010,Cubiertas para escritorio,Cubiertas para escritorio,6,KILOGRAMO NETO,KN,true
94039020,Respaldos para camas,Respaldos para camas,6,KILOGRAMO NETO,KN,true
94039090,Las demás,Las demás,6,KILOGRAMO NETO,KN,true
94041010,De una plaza,De una plaza,6,KILOGRAMO NETO,KN,true
94041020,De dos plazas,De dos plazas,6,KILOGRAMO NETO,KN,true
94041090,Los demás,Los demás,6,KILOGRAMO NETO,KN,true
94042100,"De caucho o plástico celulares, recubiertos o no","De caucho o plástico celulares, recubiertos o no",10,UNIDAD,U,true
94042910,De una plaza,De una plaza,10,UNIDAD,U,true
94042990,Los demás,Los demás,10,UNIDAD,U,true
94043000,Sacos (bolsas) de dormir,Sacos (bolsas) de dormir,10,UNIDAD,U,true
94049010,Edredones,Edredones,6,KILOGRAMO NETO,KN,true
94049020,Cojines y almohadas,Cojines y almohadas,6,KILOGRAMO NETO,KN,true
94049090,Los demás,Los demás,6,KILOGRAMO NETO,KN,true
94051010,De plástico,De plástico,6,KILOGRAMO NETO,KN,true
94051020,De cerámica,De cerámica,6,KILOGRAMO NETO,KN,true
94051030,De vidrio,De vidrio,6,KILOGRAMO NETO,KN,true
94051090,Los demás,Los demás,6,KILOGRAMO NETO,KN,true
94052010,De plástico,De plástico,6,KILOGRAMO NETO,KN,true
94052020,De cerámica,De cerámica,6,KILOGRAMO NETO,KN,true
94052030,De vidrio,De vidrio,6,KILOGRAMO NETO,KN,true
94052090,Los demás,Los demás,6,KILOGRAMO NETO,KN,true
94053000,Guirnaldas eléctricas de los tipos utilizados en árboles de Navidad,Guirnaldas eléctricas de los tipos utilizados en árboles de Navidad,6,KILOGRAMO NETO,KN,true
94054010,Del tipo xenón,Del tipo xenón,6,KILOGRAMO NETO,KN,true
94054020,Proyectores de luz para cines o teatros,Proyectores de luz para cines o teatros,6,KILOGRAMO NETO,KN,true
94054090,Los demás,Los demás,6,KILOGRAMO NETO,KN,true
94055000,Aparatos de alumbrado no eléctricos,Aparatos de alumbrado no eléctricos,6,KILOGRAMO NETO,KN,true
94056010,De plástico,De plástico,6,KILOGRAMO NETO,KN,true
94056090,Los demás,Los demás,6,KILOGRAMO NETO,KN,true
94059100,De vidrio,De vidrio,6,KILOGRAMO NETO,KN,true
94059200,De plástico,De plástico,6,KILOGRAMO NETO,KN,true
94059900,Las demás,Las demás,6,KILOGRAMO NETO,KN,true
94060010,Casas,Casas,6,KILOGRAMO NETO,KN,true
94060020,Galpones,Galpones,6,KILOGRAMO NETO,KN,true
94060030,Oficinas,Oficinas,6,KILOGRAMO NETO,KN,true
94060090,Las demás,Las demás,6,KILOGRAMO NETO,KN,true
95030010,"Triciclos, patinetes, coches de pedal y juguetes similares con ruedas; coches y sillas de ruedas par","Triciclos, patinetes, coches de pedal y juguetes similares con ruedas; coches y sillas de ruedas para muñecas o muñecos",10,UNIDAD,U,true
95030021,Con mecanismos,Con mecanismos,10,UNIDAD,U,true
95030029,Los demás,Los demás,10,UNIDAD,U,true
95030031,Rellenos,Rellenos,10,UNIDAD,U,true
95030039,Los demás,Los demás,10,UNIDAD,U,true
95030040,"Modelos reducidos y modelos similares, para ensamblar, incluso animados","Modelos reducidos y modelos similares, para ensamblar, incluso animados",10,UNIDAD,U,true
95030050,Rompecabezas de cualquier clase,Rompecabezas de cualquier clase,10,UNIDAD,U,true
95030060,Los demás juguetes presentados en juegos o surtidos o en panoplias,Los demás juguetes presentados en juegos o surtidos o en panoplias,10,UNIDAD,U,true
95030070,"Instrumentos y aparatos, de música, de juguete","Instrumentos y aparatos, de música, de juguete",10,UNIDAD,U,true
95030080,"Los demás juguetes y modelos reducidos y modelos similares, con motor","Los demás juguetes y modelos reducidos y modelos similares, con motor",10,UNIDAD,U,true
95030090,Los demás,Los demás,10,UNIDAD,U,true
95041000,Videojuegos de los tipos utilizados con receptor de televisión,Videojuegos de los tipos utilizados con receptor de televisión,6,KILOGRAMO NETO,KN,true
95042010,Billares,Billares,6,KILOGRAMO NETO,KN,true
95042020,Accesorios,Accesorios,6,KILOGRAMO NETO,KN,true
95043000,"Los demás juegos activados con monedas, billetes, tarjetas, fichas o cualquier otro medio de pago,","Los demás juegos activados con monedas, billetes, tarjetas, fichas o cualquier otro medio de pago, excepto los juegos de bolos automáticos («bowlings»)",10,UNIDAD,U,true
95044000,Naipes,Naipes,12,CENTENA,U(JGO),true
95049000,Los demás,Los demás,10,UNIDAD,U,true
95051010,Objetos para decoración de árboles de Navidad,Objetos para decoración de árboles de Navidad,6,KILOGRAMO NETO,KN,true
95051020,Adornos,Adornos,6,KILOGRAMO NETO,KN,true
95051090,Los demás,Los demás,6,KILOGRAMO NETO,KN,true
95059000,Los demás,Los demás,6,KILOGRAMO NETO,KN,true
95061100,Esquís,Esquís,17,PAR,2U,true
95061200,Fijadores de esquí,Fijadores de esquí,6,KILOGRAMO NETO,KN,true
95061900,Los demás,Los demás,6,KILOGRAMO NETO,KN,true
95062100,Deslizadores de vela,Deslizadores de vela,10,UNIDAD,U,true
95062900,Los demás,Los demás,10,UNIDAD,U,true
95063100,Palos de golf («clubs») completos,Palos de golf («clubs») completos,10,UNIDAD,U,true
95063200,Pelotas,Pelotas,10,UNIDAD,U,true
95063900,Los demás,Los demás,6,KILOGRAMO NETO,KN,true
95064000,Artículos y material para tenis de mesa,Artículos y material para tenis de mesa,6,KILOGRAMO NETO,KN,true
95065100,"Raquetas de tenis, incluso sin cordaje","Raquetas de tenis, incluso sin cordaje",10,UNIDAD,U,true
95065900,Las demás,Las demás,10,UNIDAD,U,true
95066100,Pelotas de tenis,Pelotas de tenis,10,UNIDAD,U,true
95066210,Para fútbol,Para fútbol,10,UNIDAD,U,true
95066220,Para baloncesto,Para baloncesto,10,UNIDAD,U,true
95066290,Los demás,Los demás,10,UNIDAD,U,true
95066900,Los demás,Los demás,10,UNIDAD,U,true
95067000,"Patines para hielo y patines de ruedas, incluido el calzado con patines fijos","Patines para hielo y patines de ruedas, incluido el calzado con patines fijos",17,PAR,2U,true
95069110,Para cultura física,Para cultura física,6,KILOGRAMO NETO,KN,true
95069120,Para gimnasia,Para gimnasia,6,KILOGRAMO NETO,KN,true
95069130,Para atletismo,Para atletismo,6,KILOGRAMO NETO,KN,true
95069910,Artículos de protección para deportes,Artículos de protección para deportes,10,UNIDAD,U,true
95069990,Los demás,Los demás,10,UNIDAD,U,true
95071000,Cañas de pescar,Cañas de pescar,10,UNIDAD,U,true
95072000,"Anzuelos, incluso montados en sedal (tanza)","Anzuelos, incluso montados en sedal (tanza)",6,KILOGRAMO NETO,KN,true
95073000,Carretes de pesca,Carretes de pesca,10,UNIDAD,U,true
95079000,Los demás,Los demás,10,UNIDAD,U,true
95081000,Circos y zoológicos ambulantes,Circos y zoológicos ambulantes,6,KILOGRAMO NETO,KN,true
95089010,Columpios,Columpios,6,KILOGRAMO NETO,KN,true
95089020,Laberintos de plástico,Laberintos de plástico,6,KILOGRAMO NETO,KN,true
95089090,Los demás,Los demás,6,KILOGRAMO NETO,KN,true
96011000,Marfil trabajado y sus manufacturas,Marfil trabajado y sus manufacturas,6,KILOGRAMO NETO,KN,true
96019000,Los demás,Los demás,6,KILOGRAMO NETO,KN,true
96020000,"Materias vegetales o minerales para tallar, trabajadas, y manufacturas de estas materias; manufactur","Materias vegetales o minerales para tallar, trabajadas, y manufacturas de estas materias; manufacturas moldeadas o talladas de cera, parafina, estearina, gomas o resinas naturales o pasta para modelar",6,KILOGRAMO NETO,KN,true
96031000,"Escobas y escobillas de ramitas u otra materia vegetal atada en haces, incluso con mango","Escobas y escobillas de ramitas u otra materia vegetal atada en haces, incluso con mango",10,UNIDAD,U,true
96032100,"Cepillos de dientes, incluidos los cepillos para dentaduras postizas","Cepillos de dientes, incluidos los cepillos para dentaduras postizas",10,UNIDAD,U,true
96032900,Los demás,Los demás,10,UNIDAD,U,true
96033000,"Pinceles y brochas para pintura artística, pinceles para escribir y pinceles similares para aplicaci","Pinceles y brochas para pintura artística, pinceles para escribir y pinceles similares para aplicación de cosméticos",10,UNIDAD,U,true
96034000,"Pinceles y brochas para pintar, enlucir, barnizar o similares (excepto los de la subpartida 9603.30","Pinceles y brochas para pintar, enlucir, barnizar o similares (excepto los de la subpartida 9603.30); almohadillas o muñequillas y rodillos, para pintar",10,UNIDAD,U,true
96035000,"Los demás cepillos que constituyan partes de máquinas, aparatos o vehículos","Los demás cepillos que constituyan partes de máquinas, aparatos o vehículos",10,UNIDAD,U,true
96039010,Rasquetas,Rasquetas,10,UNIDAD,U,true
96039090,Los demás,Los demás,10,UNIDAD,U,true
96040000,"Tamices, cedazos y cribas, de mano.","Tamices, cedazos y cribas, de mano.",10,UNIDAD,U,true
96050000,"Juegos o surtidos de viaje para aseo personal, costura o limpieza del calzado o de prendas de vestir","Juegos o surtidos de viaje para aseo personal, costura o limpieza del calzado o de prendas de vestir.",10,UNIDAD,U,true
96061000,Botones de presión y sus partes,Botones de presión y sus partes,6,KILOGRAMO NETO,KN,true
96062100,"De plástico, sin forrar con materia textil","De plástico, sin forrar con materia textil",6,KILOGRAMO NETO,KN,true
96062200,"De metal común, sin forrar con materia textil","De metal común, sin forrar con materia textil",6,KILOGRAMO NETO,KN,true
96062900,Los demás,Los demás,6,KILOGRAMO NETO,KN,true
96063000,Formas para botones y demás partes de botones; esbozos de botones,Formas para botones y demás partes de botones; esbozos de botones,6,KILOGRAMO NETO,KN,true
96071100,Con dientes de metal común,Con dientes de metal común,6,KILOGRAMO NETO,KN,true
96071900,Los demás,Los demás,6,KILOGRAMO NETO,KN,true
96072000,Partes,Partes,6,KILOGRAMO NETO,KN,true
96081010,Desechables,Desechables,10,UNIDAD,U,true
96081090,Los demás,Los demás,10,UNIDAD,U,true
96082010,Rotuladores,Rotuladores,10,UNIDAD,U,true
96082020,Marcadores,Marcadores,10,UNIDAD,U,true
96083100,Para dibujar con tinta china,Para dibujar con tinta china,10,UNIDAD,U,true
96083900,Las demás,Las demás,10,UNIDAD,U,true
96084000,Portaminas,Portaminas,10,UNIDAD,U,true
96085000,"Juegos de artículos pertenecientes, por lo menos, a dos de las subpartidas anteriores","Juegos de artículos pertenecientes, por lo menos, a dos de las subpartidas anteriores",10,UNIDAD,U,true
96086000,Cartuchos de repuesto con su punta para bolígrafo,Cartuchos de repuesto con su punta para bolígrafo,10,UNIDAD,U,true
96089100,Plumillas y puntos para plumillas,Plumillas y puntos para plumillas,10,UNIDAD,U,true
96089900,Los demás,Los demás,6,KILOGRAMO NETO,KN,true
96091010,De colores para pintar,De colores para pintar,6,KILOGRAMO NETO,KN,true
96091020,Para escribir,Para escribir,6,KILOGRAMO NETO,KN,true
96091090,Los demás,Los demás,6,KILOGRAMO NETO,KN,true
96092000,Minas para lápices o portaminas,Minas para lápices o portaminas,6,KILOGRAMO NETO,KN,true
96099000,Los demás,Los demás,6,KILOGRAMO NETO,KN,true
96100010,Pizarras y tableros acrílicos,Pizarras y tableros acrílicos,6,KILOGRAMO NETO,KN,true
96100090,Los demás,Los demás,6,KILOGRAMO NETO,KN,true
96110000,"Fechadores, sellos, numeradores, timbradores y artículos similares (incluidos los aparatos para impr","Fechadores, sellos, numeradores, timbradores y artículos similares (incluidos los aparatos para imprimir etiquetas) de mano; componedores e imprentillas con componedor, de mano.",6,KILOGRAMO NETO,KN,true
96121010,Para máquinas impresoras,Para máquinas impresoras,10,UNIDAD,U,true
96121020,Para máquinas de escribir,Para máquinas de escribir,10,UNIDAD,U,true
96121090,Las demás,Las demás,10,UNIDAD,U,true
96122000,Tampones,Tampones,10,UNIDAD,U,true
96131000,"Encendedores de gas no recargables, de bolsillo","Encendedores de gas no recargables, de bolsillo",10,UNIDAD,U,true
96132000,"Encendedores de gas recargables, de bolsillo","Encendedores de gas recargables, de bolsillo",10,UNIDAD,U,true
96138000,Los demás encendedores y mecheros,Los demás encendedores y mecheros,10,UNIDAD,U,true
96139000,Partes,Partes,6,KILOGRAMO NETO,KN,true
96140000,"Pipas (incluidas las cazoletas), boquillas para cigarros (puros) o cigarrillos, y sus partes.","Pipas (incluidas las cazoletas), boquillas para cigarros (puros) o cigarrillos, y sus partes.",10,UNIDAD,U,true
96151100,De caucho endurecido o plástico,De caucho endurecido o plástico,6,KILOGRAMO NETO,KN,true
96151900,Los demás,Los demás,6,KILOGRAMO NETO,KN,true
96159000,Los demás,Los demás,6,KILOGRAMO NETO,KN,true
96161000,"Pulverizadores de tocador, sus monturas y cabezas de monturas","Pulverizadores de tocador, sus monturas y cabezas de monturas",6,KILOGRAMO NETO,KN,true
96162000,"Borlas y similares para aplicación de polvos, otros cosméticos o productos de tocador","Borlas y similares para aplicación de polvos, otros cosméticos o productos de tocador",6,KILOGRAMO NETO,KN,true
96170010,Termos y similares,Termos y similares,6,KILOGRAMO NETO,KN,true
96170090,Los demás,Los demás,6,KILOGRAMO NETO,KN,true
96180000,Maniquíes y artículos similares; autómatas y escenas animadas para escaparates.,Maniquíes y artículos similares; autómatas y escenas animadas para escaparates.,6,KILOGRAMO NETO,KN,true
97011000,Pinturas y dibujos,Pinturas y dibujos,10,UNIDAD,U,true
97019000,Los demás,Los demás,6,KILOGRAMO NETO,KN,true
97020000,"Grabados, estampas y litografías originales.","Grabados, estampas y litografías originales.",10,UNIDAD,U,true
97030000,"Obras originales de estatuaria o escultura, de cualquier materia.","Obras originales de estatuaria o escultura, de cualquier materia.",10,UNIDAD,U,true
97040000,"Sellos (estampillas) de correo, timbres fiscales, marcas postales, sobres primer día, enteros postal","Sellos (estampillas) de correo, timbres fiscales, marcas postales, sobres primer día, enteros postales, demás artículos franqueados y análogos, incluso obliterados, excepto los artículos de la partida",6,KILOGRAMO NETO,KN,true
97050000,"Colecciones y especímenes para colecciones de zoología,botánica, mineralogía o anatomía o que tengan","Colecciones y especímenes para colecciones de zoología,botánica, mineralogía o anatomía o que tengan interés histórico, arqueológico, paleontológico, etnográfico o numismático.",6,KILOGRAMO NETO,KN,true
97060000,Antigüedades de más de cien años.,Antigüedades de más de cien años.,6,KILOGRAMO NETO,KN,true
